:020000041000EA
:1000000000B5324B212058609868022188439860DF
:10001000D860186158612E4B002199600221596106
:100020000121F02299502B49196001219960352056
:1000300000F044F80222904214D00621196600F024
:1000400034F8196E01211966002018661A6600F04E
:100050002CF8196E196E196E052000F02FF8012189
:100060000842F9D1002199601B49196000215960AB
:100070001A491B48016001219960EB211966A021F2
:10008000196600F012F800219960164914480160C1
:100090000121996001BC002800D000471248134993
:1000A000086003C880F30888084703B5996A0420EC
:1000B0000142FBD001200142F8D103BD02B5186610
:1000C0001866FFF7F2FF186E186E02BD00000240BE
:1000D000000000180000070000035F00212200005C
:1000E000F4000018222000A00001001008ED00E03C
:1000F00000000000000000000000000074B24E7A12
:1001000000200420F7010010CB010010CD010010E9
:10011000C9010010C9010010C9010010C901001077
:10012000C9010010C9010010C9010010CF01001061
:10013000C9010010C9010010D1010010D301001045
:10014000C1010010C1010010C1010010C101001067
:10015000C1010010C1010010C1010010C101001057
:10016000C1010010C1010010C1010010C101001047
:10017000C1010010C1010010C1010010C101001037
:10018000C1010010C1010010C1010010C101001027
:10019000C1010010C1010010C1010010C101001017
:1001A000C1010010C1010010C1010010C101001007
:1001B000C1010010C1010010C1010010C1010010F7
:1001C000EFF30580103800BE00BE00BE00BE00BECA
:1001D00000BE00BEF2EB8871F84804101849041004
:1001E0003802001090A31AE71E481F49086006C88D
:1001F00081F3088810471D480068002801D019487D
:10020000F3E70DA40ECC002902D000F012F8F9E7B4
:100210001749184A002000E001C19142FCD116495B
:100220008847164988471649884700BEFDE701C937
:1002300001C29A42FBD3704718490410C000002045
:1002400040180020986004100000042000000420E2
:10025000986004100010042000100420000000002A
:10026000704700000000000008ED00E0000000D032
:100270004018002000600020A15B0010090300105E
:10028000995B0010F8B5C04606480749091A8B105B
:10029000C90FC91810B5491003D0044B002B00D06A
:1002A000984710BD401800204018002000000000B2
:1002B000054B10B5002B03D00449054800E000BFF2
:1002C000FFF7E2FF10BDC04600000000784A0020A2
:1002D000B4C9001070B500210020D025802407F09B
:1002E0009DF92D06A40201200021404206F014F9D8
:1002F000002006F0E9FE002801D1AC61F3E700F030
:10030000D9FE6C61EFE7C04670B500F091FB07F0D5
:10031000EDFC051E55D103F02FF9002829D0032448
:10032000002000F06BFB322002F0BEFC012000F048
:1003300065FBE120013C400002F0B6FC002CEFD14F
:10034000FA200121400003F0D3F800F08FFB0400F5
:1003500003F0C4F800F048FD002807D0012C18D0A5
:10036000022C0AD0032C20D0280070BD00F00CFB1A
:10037000FAE7012000F042FBE2E701F06BF801F040
:1003800005F800F051F8104805F076FE00F05CF832
:10039000EAE701F05FF800F0F9FF00F09FFF0A487C
:1003A00005F06AFE00F012F8DEE701F053F800F005
:1003B000EDFF00F06FF9044805F05EFE00F082F9F1
:1003C000D2E701256D42CFE7D502001070B50026B7
:1003D000002000F019FB124D124C03F07FF800F0E2
:1003E0001DFE00F031FF23685A1C2260AB4210D87A
:1003F0000A20002102F0E2FB00F008FD0628ECD103
:10040000002000F0FBFA002000F0FEFA00F0ACFD46
:10041000E3E700F0D9FC00F0F7FA2660E8E7C04611
:10042000102700005C46002010B50C2001F096FB60
:10043000D02380221B0652015A6201210D209A61AD
:1004400001F086F910BDC046F0B5DE4657464E466F
:100450004546E0B500208DB000F0D6FA7D4A002375
:1004600093460122594652420A607B4A7B491360F7
:10047000029204220A70A022794E039179493360D6
:100480000B60794B8946180000211201059303F097
:10049000B3FE764B764F0693764BB8460893764B71
:1004A000029F0993754B0B93754B0193754B9A46BD
:1004B000754B0A93534604935B46B246059E0593DB
:1004C000724B9B4603F00AF8300000F091FE4B4659
:1004D000A0221B681201934292411340F25C002A51
:1004E00023D14B461A603B68514601333B6053466B
:1004F0001B685A1C0A605B4538D8434641461B6856
:100500005A1C0A605B4529D80A20002102F056FBDC
:1005100000F07CFC0628D5D1002000F06FFA002006
:1005200000F072FA00F020FDCAE70021F1544946BC
:1005300001330B60612AD6D1039B1B78012B68D055
:1005400001210122042B74D0039B019819700B998F
:1005500005F0B2FA019800F025FEC4E700F034FC83
:1005600000F052FA434600221A60CDE70D2001F058
:1005700029F9039B02001B780293012B2AD9202B17
:1005800000D92023DBB29C46069B1B789C453DD9B5
:10059000591CC9B20797370009989B00C250069BA7
:1005A000020019706646002000210023BC46002589
:1005B00010CA013300196941B342F8D36346B44607
:1005C0001E00089B624618605960002303F0E0F9A2
:1005D0000200079F049B1A60059B1B68934203D18E
:1005E0002B4B396899420DD9029B0A99019805F065
:1005F00063FA019800F0D6FD049B059A1B6813600E
:1006000000233B60534600221A6076E70121002355
:10061000C0E70022069B08991A700022002309985F
:100620000A604B600021803203F0E6FD04210422C1
:100630008AE70022069B08991A7000220023099875
:100640000A604B600021803203F0D6FD08210822A9
:100650007AE7C046A8540020E45F0020FB5F00203A
:10066000B8540020DC5F0020DC550020F95F00203A
:100670005C460020E01A0020601A0020B8C9001073
:10068000A04A0020A4540020D4C900101027000064
:100690009F86010030B50A4C83B00C21684601F0FA
:1006A000C3F86D4623000D2006CD06C3012101F0DD
:1006B0004FF85A21200001F009F903B030BDC046BF
:1006C000CC540020F0B5DE4657464E464546E0B5D0
:1006D000002091B000F098F9984A002392465A22DF
:1006E00051460A60964A974E934601225946524215
:1006F0000A60954A95491360049204220A70A02268
:100700000591934933600B60924B89461800002194
:100710001201099303F070FD8F4B904F0893904B9B
:10072000B8460A938F4B049F0B938F4B0D938F4BBF
:1007300003938F4B0E938F4B0F938F4B06938F4BDF
:100740000C935B46D346B246099E079302F0C6FE61
:10075000300000F04DFD4B46A0221B681201934271
:1007600092411340F25C002A25D14B461A603B6847
:10077000514601333B6053461B685A1C0A60804A4D
:1007800093423DD8434641461B685A1C0A607C4A46
:1007900093422DD80A20002102F010FA00F036FB17
:1007A0000628D3D1002000F029F9002000F02CF910
:1007B00000F0DAFBCAE70021F154494601330B602F
:1007C000612A70D05B461B682B2A7ED1591CB32B43
:1007D000CDD85B460E98196001F0B2F85B460F99D0
:1007E0001A68039805F068F9039800F0DBFCBEE78F
:1007F00000F0EAFA00F008F9434600221A60C9E75F
:100800000D2000F0DFFF059B02001B780493012BF5
:100810002AD9202B00D92023DBB29C46089B1B78C9
:100820009C455BD9591CC9B2099737000B989B00AE
:10083000C250089B02001970664600200021002368
:10084000BC46002510CA0133001969419E42F8D800
:100850006346B4461E000A9B624618605960002336
:1008600003F096F80200099F069B1A60079B1B681D
:10087000934203D1434B3968994210D95B4604999E
:100880001B68039800910C9905F016F9039800F085
:1008900089FC069B079A1B68136000233B60534644
:1008A00000221A606EE7059B1B78012B26D00121E0
:1008B0000122042B32D0059B039819700D9905F085
:1008C000FBF8039800F06EFC51E72D2A09D0B42103
:1008D0006F2A0BD18B4200D149E77AE7012100232F
:1008E000A2E7591E002B00D141E772E75A396B2A63
:1008F000F0D06D2A00D03AE70021EBE70022089BF8
:100900000A991A70002200230B980A604B6000219C
:10091000803203F071FC04210422CCE70022089B02
:100920000A991A70002200230B980A604B6000217C
:10093000803203F061FC08210822BCE7DC3B002088
:10094000AC540020BC540020E85F0020FA5F002077
:10095000DC5F0020DC550020F95F00205C460020B1
:10096000E01A0020601A0020B8C90010A04A002038
:10097000CC540020F4C90010A054002010CA00106C
:10098000102700009F86010070B50024194D1A4EF3
:10099000013402F0A3FDAC4216D0B4421ED00A20AE
:1009A000002102F00BF900F031FA0628F0D1002006
:1009B00000F024F80134002000F026F800F0D4FA0A
:1009C00002F08CFDAC42E8D1002000F017F80120C5
:1009D00000F01AF8002000F021F8E0E7012000F014
:1009E0000DF8002000F010F8012000F017F80024A6
:1009F000D5E7C04610270000204E000010B50100CA
:100A0000002007F051F910BDD02380221B065202AE
:100A1000002801D05A6170479A61FCE7D0238022F8
:100A20001B069202002801D05A6170479A61FCE7C8
:100A300010B5102001F092F8112001F08FF80F206E
:100A400001F08CF8022001F089F8D0238021802267
:100A500080201B0649029202000259625A62986283
:100A60000420986299619A6110BDC046F0B5DE46D7
:100A700057464E464546D0238022E0B51B0652021B
:100A800085B09A61802292029A6101230393BC4B44
:100A900000249B46BB4FBC4E019702F01FFDD023A4
:100AA0001B06586880210700019A09020F40BC46C6
:100AB00033681278084235D0312B38DC013333608B
:100AC000012A3ED0022A00D180E0002A04D000236F
:100AD0005A461360019A1370022C68D0032C48D038
:100AE000012C1DD000240A20002102F067F8D4E771
:100AF000012A00D1E7E0022A00D1EEE0002AE6D187
:100B00009F4B1A600223019A1370022C4FD0032CC2
:100B10002FD0012C04D0D02380221B0652025A6110
:100B20000124E0E719003131E2DB013BC7E7012A8C
:100B300007D0022A00D1B4E0002AC8D10123019ACB
:100B40001370022C33D0032C13D0012CE8D0D02307
:100B500080221B0652029A61802292029A6101232E
:100B60000393039805B0F0BCBB46B246A946A04625
:100B7000F0BD0135A84575D043465344AB420BD177
:100B8000D02380221B0652025A6180220025920245
:100B90009A61029B013B0293029B002B6DD00324C0
:100BA000A1E70021002007F07FF8022CAFD101352A
:100BB000A8456BD0434653449D4205D3D0238022A1
:100BC0001B06520200259A6102248CE76C4B6F4A87
:100BD00099461B689342E8D84A46013313606C4A31
:100BE0009342DED06B4A9342DFD100231F000121E4
:100BF000002007F059F8012FD7D14B46664A1B68F1
:100C00009918664A91422BD9654904228B4200D932
:100C100081E0012301990B70032CAAD0012C00D193
:100C2000C8E0022C00D05DE70135A84504D1D023EF
:100C300080211B064902596143465344AB4200D808
:100C400091E0052A6DD1039B012B7DD0022B00D1B1
:100C500081E0544B00259A4698460123039342E7CE
:100C60000522D6E7D02380221B0652029A618022F9
:100C700092025A61029B002B91D1D02380221B0645
:100C800052029A61802292029A616AE7D0238022FE
:100C900041461B06520251445A61884592D20224B1
:100CA00021E7374B394A99461B6893422DD84A466B
:100CB00001331360364A93425CD00121354A0F005C
:100CC000934294D099E762462D4B1A600223019A11
:100CD0001370022C00D001E769E7294B2B4A994693
:100CE0001B68934200D960E74A4601331360284AE3
:100CF000934200D155E70321264A0F00934200D1C9
:100D000075E7022C00D002E751E7234A9446234AB4
:100D100063449342A4D90121002006F0C5FF0622B6
:100D200077E7062A00D0DEE6D02380221B06520297
:100D30009A61802292029A61052302931A4B002540
:100D40009A4698460324CEE602230393174B0025C8
:100D50009A469846C7E6164B02249A4698460323BD
:100D600000250393BFE6D02380211B0649020025FE
:100D7000996166E70021002006F096FF3DE7C04636
:100D8000E05F0020FC5F0020C85400203F420F00BD
:100D900090D00300A0F70300EFD8FFFF8E5F0100A3
:100DA0008FD00300409C0000A8610000204E00008E
:100DB00010270000034B00259A46984602231C008A
:100DC000039390E6204E0000D02304221B065968AE
:100DD0000A4206D059680A4203D058684007C00F3B
:100DE00000E000207047C04610B5022006F066FF04
:100DF000002801D1002010BD022006F05FFF00286E
:100E0000F8D0022006F05AFFF5E7C046D0231B06B3
:100E10005868802170B506004A4C4B4D0902236882
:100E20002A780E40084207D0312B16DC01332360AC
:100E3000012A08D1012070BD1900313116DB013BB8
:100E40002360012AF6D0022A1CD0002A03D00022F7
:100E50003E4B2A701A600020EDE7012AEAD0022AF0
:100E600045D0002AF3D101232B70E3E7012A2AD0D1
:100E7000022A4BD0002AEAD1344B1A6002232B708D
:100E80000320D8E7314C324A23689342F8D8314ADC
:100E900001332360934224D02F4A00269342EFD19E
:100EA0000121002006F000FF012EE9D12B4A236822
:100EB00099182B4A914212D92A4A0420934235D8D4
:100EC00001232B70B7E7214B02201E6002232B70F9
:100ED000B1E7224A9446224A6344934226D8052029
:100EE000EEE70020002106F0DFFE0320A3E7174C09
:100EF000174A23689342ECD8164A01332360934281
:100F00001AD0154A9342D1D10126C9E70F4C104A95
:100F100023689342B4D80F4A013323609342E0D050
:100F20000D4A03269342BBD0032084E70020012111
:100F300006F0BAFE0620C3E70021002006F0B4FE4A
:100F4000B4E7C046C8540020FC5F0020E05F0020EA
:100F50003F420F0090D00300A0F70300EFD8FFFF3F
:100F60008E5F01008FD00300F8B5D02680271725AB
:100F700036067F020524B76102F0B0FA013C0A2070
:100F800001F092FE002CF7D17761053402F0A6FA49
:100F9000013C0A2001F088FE002CF7D1013D002D14
:100FA000E8D1D02380221B0652029A6102F096FA01
:100FB000FEE7C046F0B5C6461026144C00B5A3693E
:100FC0001E4202D080BCB846F0BD114B18009846B6
:100FD0000BF0BEFCA3691E4214D10E48A02740446A
:100FE000050010220C4E3F0181591835B94209D233
:100FF000A3691A42FCD123686B5401318151A36962
:101000001A42F3D040460BF02BFCDBE700400340D4
:1010100004260020E4F5FFFF180A000070B5224DF9
:101020002C002800103C0BF093FCA368E2792168A7
:101030001B02134399420CD01C4802F045F82B00C8
:101040002278093B1A7062785A70A2789A70E27816
:10105000DA70174C2279E37A93421CD0A1794B1FA6
:10106000022B00D90821023A53425A4163790132D6
:10107000012B17D0023B58424341DBB20B4802F030
:101080007DF8A3796373637923732379E37228006E
:101090000BF0E6FB70BD6368A1891B021B0C994233
:1010A000DCD1F4E70223E9E7F81B0020004003400D
:1010B000E81B0020F8B5334C26002000103E0BF052
:1010C00047FC3100002006F019F820000BF0C8FBA7
:1010D000002006F023F8051E05D137002A4C3B59A5
:1010E000002B1AD1F8BD294B0021E0180BF0F8FBBA
:1010F00037000028F2D0A022254B1201F158521AD5
:10110000AA4200D92A00002A26D1224F1E4C22488A
:101110000BF0A6FB3B59002BE4D0204B0021F81824
:101120000BF0DEFB0028DDD03E0018363A593100C6
:10113000002006F08DF83A590500904219D3124B61
:10114000521BFA50154BF8180BF08AFB002DC9D032
:10115000002006F03FF8C5E7114B0E4F9C46614456
:101160000020791805F0E8FF094ABB581B18BB504E
:10117000CCE701001831121A791830000BF01EF973
:101180003A59DCE7F81B0020180A00001814000088
:1011900024140000E81B0020103000201C0A00006E
:1011A000240A0000F8B504000E4F38000BF0D0FB05
:1011B0002278002A11D00C4BA026F91808000B4DFC
:1011C00036014B591830E41A05E0C25401334B5133
:1011D000E25C002A01D0B342F7D338000BF040FBA9
:1011E000F8BDC04604260020E4F5FFFF180A000001
:1011F00070B5114C114E0500A359002B00D170BDE4
:101200000F4B0021E0180BF06BFB0028F7D0A25920
:10121000002A09D000230B4AA118CA5CEA54A2593B
:1012200001339A42F9D8D21A044BE250044BE01829
:101230000BF016FBE3E7C046E81B00202414000077
:1012400028140000240A0000F8B51F4D1F4C2B592C
:10125000002B00D1F8BD1E4B0021E8180BF040FB1D
:101260000028F7D0202632001A492F598B69002414
:101270001A409446184A2020AA181E4221D1BC4286
:1012800017D0165D8B691842FCD10E608B69013452
:101290001842F4D03B1B9C46BC420AD20E4B62461D
:1012A000E118E81869180BF089F8084BEB581B1B7C
:1012B0009C466246054BEA50054BE8180BF0D0FA05
:1012C000C8E7BC46E8E7C046E81B0020241400003D
:1012D0002814000000400340240A000070B50221D9
:1012E0000C2000F05BFB02210D2000F057FB0022D8
:1012F00001210D2000F06CFB01210C2000F08EFB81
:1013000001210D2000F078FB1B4D1C4C28002168AA
:1013100001F04AFEC0222B6B12021340184A1360E0
:10132000A1794B1F022B00D908212279023A53429E
:101330005A4163790132012B1BD0023B5842434191
:10134000DBB20D4C200001F019FF2000002101F05C
:1013500051FF14200B4900F03BFD0121142000F047
:1013600011FD5023A363626B183B1340064A1360C0
:1013700070BD0223E5E7C04600400340E81B0020A3
:1013800030500340B50F001034500340E12310B536
:101390000D4C5B0223600D4B200063600C4B0D4A2B
:1013A000A36080231B01A3810023A3500A4A1030AD
:1013B000A35000F0E9FF094BE01800F0E5FF084BEF
:1013C000E01800F0E1FF10BDE81B0020010008005C
:1013D000C2010001180A0000241400001C0A0000C9
:1013E000281400000048704710D0001000487047D3
:1013F000C4CF0010002806D1124B13484380063B8F
:10140000FF3B03807047042819D8104B8000C05858
:101410000F490123013804E001330A800231142B03
:1014200009D0C25C002AF7D1C022DBB25B00920077
:1014300005481343E5E7CA2303489B00E1E7002082
:10144000E0E7C0460904000028460020B0CF0010A5
:101450002A46002010B58AB008AC200004F0A0FD98
:10146000E17923780691A179084A059161790848C4
:10147000049121790391E1780291A1780191617839
:101480000091112104F02EFB0AB010BD40CA0010DB
:10149000F8110020F8B5A74D2A68002A00D183E092
:1014A000D0231B061968A44C4B1E99413023276892
:1014B00049420B40A149F8088C46010008316344B9
:1014C0008900CE5807233B409B00DE400C2131426F
:1014D00000D08CE0012A67D9D0231B061968276940
:1014E0004B1E9941302349420B409449F8088C46E1
:1014F0000100083163448900CE5807233B409B001C
:10150000DE400C21314250D1022A4DD9D0231B0696
:101510001968276A4B1E9941302349420B4087497D
:10152000F8088C460100083163448900CE5807232F
:101530003B409B00DE400C21314200D07AE0032A80
:1015400032D9D0231B061968276B4B1E99413023D3
:1015500049420B407949F8088C4601000831634440
:101560008900CE5807233B409B00DE400C213142CE
:1015700000D0A9E0042A17D9D0231B061B68216CD0
:101580005A4253412F225B4293436D4AC808944606
:101590000200083263449200D55807230B409B0099
:1015A000DD400C222A4267D1F8BD0F2232409A401A
:1015B00013003C30634A8000835001F0A7FC73079E
:1015C00001D5A061E161360777D5A269E3691343CC
:1015D00073D00023801A0022A261E3615A4BC21823
:1015E0005A4B9A4200D997E02A6860618CE70F2233
:1015F00032409A4013003C30524A8000835001F040
:1016000085FC730701D5A060E160360710D5A2689C
:10161000E36813430CD00023801A0022A260E36029
:10162000494BC218494B9A4272D82A68606051E708
:101630002A684FE70F2232409A4013003C30414A5B
:101640008000835001F062FC730701D5A062E16263
:10165000360734D5A26AE36A134330D00023801AD8
:101660000022A262E362384BC218384B9A4257D923
:1016700000232A68636262E703322A409A403149B4
:101680003C3083005A5001F041FC6B0701D5A06447
:10169000E1642D0700D487E7A26CE36C134300D10B
:1016A00082E70023801A0022A264E364264BC2185A
:1016B000264B9A423AD8606476E72A6824E72A687B
:1016C000032A00D93DE76FE70F2232409A4013000A
:1016D0003C301C4A8000835001F018FC730701D590
:1016E000A063E163360711D5A26BE36B13430DD002
:1016F0000023801A0022A263E363134BC218134B2A
:101700009A4210D900232A68636333E72A6831E7D5
:1017100000232A686360DDE600232A686361F3E63C
:101720002A6860620BE72A68606323E7002363642A
:101730003AE7C04664460020101A002000410140EC
:10174000304101400040014012FDFFFFDC05000078
:10175000194A70B5136804000E000020042B00D94C
:1017600070BD164D19014C516D18686000210020A4
:10177000A860E960012501332000136000F0EEF954
:10178000D023A5401B0632000C2120009D6200F0F2
:101790006BF928000A4900F0B5F90D2000F004FBB0
:1017A000002801D1002E01D10120D9E70D2001210F
:1017B00000F0E8FA0120D3E764460020101A002068
:1017C00095140010164B02001868002818D0154B0D
:1017D00019688A4217D0012813D019698A4217D094
:1017E00002280ED0196A8A4214D0032809D0196B36
:1017F0008A4211D0042804D0196C00208A420DD0EE
:1018000070470020FCE7002212019B185868F7E798
:101810000122F9E70222F7E70322F5E70422F3E7C2
:1018200064460020101A0020F8B50D0006000421BF
:10183000280000F0B3F86B081F2D25D807241C40A2
:10184000052001F0F3FD1B4B1027984204D91A4BD9
:1018500098421DD9FF273F010021A3001B19174AF9
:1018600017489B009A1811609160D1601061576011
:10187000116011680C228A43124930008C4663447F
:10188000356074601A60F8BD03241C400834D7E743
:101890000D4902F03FF802F0F5FBF421890502F052
:1018A000D3FB8321C90502F0E6FB02F013FC07001D
:1018B000D2E7C0463F420F00FF3F420F0000054005
:1018C000204E00000010054040420F0010B50400FB
:1018D000B42926D84B015B1A9B005918C800B421C3
:1018E00002F018F8FA239B009C4662682168930076
:1018F0009B180E4A9B0060449A18C90712D40C49E1
:1019000014686040014080204001844662441160B8
:10191000084A9A18116801228A4307498C46634491
:101920001A6010BD05490004EAE7C0460C000540F6
:10193000FFFF000000000540001005400000FFFF11
:1019400010B50400B4291ED84B015B1A9B0059182E
:10195000C800B42101F0DEFFFA239B009C466268B8
:10196000604493009B180A4A9B0094462268634493
:10197000D20709D4074A196841400A408021490129
:101980008C4663441A6010BD034A0004F3E7C04666
:101990000C000540FFFF00000000FFFF094A830024
:1019A0009A1810B514684022544080322240064CE8
:1019B000C000A44663441A60044B9C4660444160E6
:1019C00010BDC04604C0014004D0014000400140A9
:1019D000074B8000C3181B68C90092000A435A4095
:1019E0000C231340034A9446604403607047C0468A
:1019F00004C0014004D00140064BC000C3181B685E
:101A000009045940C0239B021940034B9C46604483
:101A1000016070470440014004500140064BC00083
:101A2000C3181B6809025940C0239B001940034B8F
:101A30009C466044016070470440014004500140EE
:101A40008000002905D0064B9C46022360440360B9
:101A50007047044B9C46022360440360F8E7C0468D
:101A600004E0014004F00140D0231B061B6830B5A0
:101A70000500584243412F205B4283430E48EC0847
:101A80008446072028408000814020000B4D3C30D8
:101A900063448000A40041511B19002A05D0802214
:101AA000920194466344196030BDC022920194466D
:101AB00063441960F8E7C0463041014000400140EE
:101AC000D023F0B5C6461B0698461B680C4F9B00FA
:101AD0001600FA5804000D0000B5104209D1290083
:101AE00014430D203200FC5000F09CF980BCB84635
:101AF000F0BD01F0A3FD43461B689B00FA58EEE7DA
:101B0000B0540020F8B5D0273F063B680A4E9B0032
:101B1000F25804000D00024207D1290014430D20A1
:101B20008022F45000F07EF9F8BD01F087FD3B689B
:101B30009B00F258F1E7C046B054002010B50400F5
:101B40000D2000F069FAD0231B061B6802499B0098
:101B50005A58A2435A5010BDB05400200123D0223D
:101B60008340120693629361094A83009A181168B0
:101B70004022514080320A400649C0008C466344EE
:101B80001A60054B9C460523604443607047C0467D
:101B900004C0014004D00140004001408023DB0527
:101BA0001868000F7047C0460FB400B5084883B0EE
:101BB00004F066F9049B002B07D005A918000191D9
:101BC00003F0B6FF034804F05BF9012003F0C8FFFF
:101BD00088CA0010A8CC0010EFF3108072B6034A38
:101BE0001368002BFCD0BFF35F8F70472C0100D02F
:101BF000BFF35F8F0022024B1A6080F3108870479A
:101C00002C0100D070B5EFF3108C72B60D4D2B681F
:101C1000002BFCD0BFF35F8F0724CB08C618C05C35
:101C200001230C40A3401C000440034207D1184389
:101C30003070BFF35F8F2C608CF3108870BD100084
:101C4000FFF7B2FF2C0100D0F8B54746CE468846D4
:101C500080B5EFF3108C72B61C4D2C68002CFCD0B4
:101C6000BFF35F8F9A4222D807210126894602E0FE
:101C70000132934218D34D4637001540AF40D40887
:101C80000119045D2742F3D110003C430C70BFF3EF
:101C90005F8F00220D4B1A608CF3108800280EDB3A
:101CA000C0BCB946B046F8BD01204042EFE7BFF3E3
:101CB0005F8F00232B608CF3108801204042434645
:101CC000002BEDD00898FFF76FFFC0462C0100D025
:101CD00030B5EFF3108C72B60A4C2368002BFCD0A1
:101CE000BFF35F8F072301220B409A40CD08435D6D
:101CF00093434355BFF35F8F002323608CF3108819
:101D000030BDC0462C0100D0044A1078431CDBB221
:101D1000172B00D9102313707047C04609120020FA
:101D200010B5064B064C82B00100009318221F2309
:101D30002000FFF789FF02B010BDC04698CA00100E
:101D40000C3D00200021044B044ABFF35F8F02C307
:101D50009342FAD17047C046000100D0800100D004
:101D6000054B064A1360064A136053609360D360C4
:101D700013615361936170478080808000E400E0CC
:101D800004E400E01F2318401E3B8340002905D0D7
:101D9000C021044A49005350136070478022014912
:101DA0008B50FAE700E100E001228240034B1B6800
:101DB00013405A1E9341D8B27047C04600E100E07C
:101DC00001238340014A13607047C04600E200E0EF
:101DD00070B50D00EFF3108672B60F4A1368002B32
:101DE000FCD0BFF35F8F0D4B10309B6884001B59F4
:101DF0000B4A934203D09D4201D001F01FFC074BD8
:101E00009B681D51BFF35F8FBFF35F8F0022024BB2
:101E10001A6086F3108870BD240100D000ED00E048
:101E2000C1010010F0B557464E46DE464546E0B5C6
:101E300085B0060000911700EFF3108B72B66A4A66
:101E40001368002BFCD0BFF35F8F0025674B5D57F5
:101E50009A46002D00DAA9E06B00654C01935B19EE
:101E60009B009846A146C1444B4652469B7910368A
:101E70001370604BB6009B6899590B1B2F2B33D9FD
:101E80005D4B994200D0ACE0019B42469C465B4BC7
:101E90006544AD0063535A4B0232A218043B9B1AAF
:101EA0001B05584A5B0D651913436B80564B012186
:101EB000AB80FF23AB71009BEF71AB604B460B43D4
:101EC00019004C4B9B689951BFF35F8FBFF35F8F35
:101ED0000022454B1A608BF3108805B0F0BCBB465E
:101EE000B246A946A046F0BD01200A008243D3793C
:101EF0008C46BB4231D84546130044491B1B5B410D
:101F00005943090D3D4B63533D4B02356519043B65
:101F10005B1B1B053B4D5B0D2B43AA464D466B805F
:101F20000425AC465546E044131F44441B1B1B05C7
:101F30005B0D1D434B46997100999D809960494600
:101F4000DF71334B01431360BBE75800C0188000BA
:101F50002018C179B9422FD902000623D356002B8D
:101F6000F3DA02932B4B61460393131D9A46042325
:101F70005B429C46E14450464B461B1A1B055B0DD9
:101F80009C46204B95719846634640460343938098
:101F9000019B5A199200039BA418A380029B1C4A20
:101FA000A371009B2260E771A3608AE701F046FB02
:101FB000002553465D574FE7908802934005131D57
:101FC0009A46031561469C464046D4446346043015
:101FD0002018181AE0230005400D1B021843039037
:101FE000C5E701F02BFB4FE7240100D0F85F00208C
:101FF0000C12002000ED00E0C101001000A1FFFF65
:102000003C12002000E0FFFF01BDFFFFAAAA000074
:102010000148804701BD0000F0B5DE4657464E46F8
:102020004546E0B50C0083B0EFF3108872B6634A02
:102030001368002BFCD0BFF35F8F614B61499A6836
:10204000030010339F00D55901938D4243D0A54220
:1020500054D05D4EAA1B2F2A3DD85C4B9B461B6873
:10206000994601231A009C4682404B4613401F228A
:1020700099466346024093409A4680225B4650460A
:102080009850BFF35F8FEFF305839B46002B37D04B
:10209000019B5B4501D001F0D1FA01232A009A434C
:1020A0009068844208D176E04B005B189B00F318DF
:1020B0009868844236D01A00062151560029F3DA76
:1020C000844254D04B46002B27D0C02251463F4B70
:1020D0005200995019603A4B9B68DD51BFF35F8FF6
:1020E000BFF35F8F0022354B1A6088F3108803B06E
:1020F000F0BCBB46B246A946A046F0BD0D00EAE7DB
:102100002A0063469A4390688442D5D1062010562F
:10211000130000280ADA0D0031E0802351462B4AD3
:10212000D150D8E706201856002821DB42001118AC
:10213000890074188B46A1689960E179D9710621EC
:1021400061569971002924DBA488F11A64052415CD
:102150005C44091909051E4C490D21439980131847
:102160001C4A9B001178F31899711070AAE71300AC
:102170005946002914D1FF319171174991801549B1
:102180000A789A71154A9B1B5B415A43120D0A70DB
:1021900098E71149E2E70620105613000028C5DA37
:1021A0000F4A1049D21A083A5002400D0143998053
:1021B0000D4952080A43DA8084E7C046240100D062
:1021C00000ED00E0C10100100C12002000E100E071
:1021D00000E0FFFFF85F002001BDFFFFAAAA00009A
:1021E0004612002000F0FFFF00F8FFFF10B5830843
:1021F000040003202040FF24054AC0009446844088
:1022000081409B0063441A68A2430A431A6010BDD0
:1022100000E400E070B501240443EFF30581EFF31F
:10222000108C72B6214A1368002BFCD0BFF35F8F6D
:102230001F4B05001F4AED1A6D416A43120D1E4DDA
:102240008900AE6852B27658A6421CD00621595673
:1022500091421CD012215956914222D01E2159562A
:10226000914220D02A2159560324914210D0134B79
:1022700019781A708171BFF35F8F00220B4B1A60BF
:102280008CF3108870BDAB680D4C5C50EFE70024F8
:102290006100091989005B18FF219971094999802A
:1022A000E5E70124F4E70224F2E7C046240100D068
:1022B0000C120020AAAA000000ED00E0F85F002048
:1022C000C101001001BDFFFF1F2110B5091A02480E
:1022D000FFF7FEFC10BDC046FD5F002010B5084BA7
:1022E000084C82B001000093002205232000FFF774
:1022F000ABFC002801DB1F23181A02B010BDC0463A
:10230000B4CA0010FD5F002070B504000E00150077
:10231000FFF7FAFC0100200000F006F8A680E58037
:10232000BFF35F8F70BDC046024B9C46614489007D
:10233000016070474000003470B5114C114DAC4243
:102340000FD2FF262368002B0CD0FFF7DDFC010025
:102350002000FFF7E9FFA680BFF35F8F0834AC428F
:10236000F0D370BDFFF7D0FC01002000FFF7DCFFC9
:102370002671BFF35F8F0834AC42E3D3F1E7C04668
:10238000301800204018002010B50400FFF7BCFCF6
:1023900001002000FFF7C8FFFF232371BFF35F8F09
:1023A00010BDC04610B50400FFF7AEFC01002000D0
:1023B000FFF7BAFFFF23A380BFF35F8F10BDC046B6
:1023C00010B504000120FFF7ABFC034BC3189B00C2
:1023D0002360BFF35F8F10BD400000340A4B1968C3
:1023E000EFF3108072B60A68002AFCD0BFF35F8F4B
:1023F0001B68BFF35F8F00221A6080F3108840BF14
:10240000002000217047C046D8550020F0B5DE46B8
:1024100057464E464546E0B587B0EFF305830322A5
:1024200001251A40954091008846A946B34B039276
:102430005C58B34B1D60B34B04934B46B2484363A7
:102440000823E55E002D37DAA3881BB2002B00DBE2
:10245000ADE0A379002B00D0EEE00823E05E002879
:1024600020DB430062691B18DB00D3189E68DD681F
:10247000731C00D111E1A44801004144826A0B6938
:10248000B71A9B1A9F4215D30123026A039883400F
:102490001A420FD09C4800F031FD8D4202DCCCD1B5
:1024A0008642CAD940BF07B0F0BCBB46B246A94677
:1024B000A046F0BD0E61EDE762696B0092465B19C4
:1024C000DB009A4453469E68DF6800F017FD8F4298
:1024D000BADC00D103E1002F00DAE8E052465346AF
:1024E00052691B699346049A934200D1D9E052463F
:1024F0000821605E528800045946104398470090B6
:1025000001910099019A0B001000134300D1CEE015
:1025100013000A00B61A9F41002806DB7A4800F033
:10252000EDFC009E019F36184F4153469E60DF60D0
:1025300000229A5E002A00DA86E753009918606943
:10254000C900411802938B68C9689B46B94200DDF7
:102550007AE702D1B34200D976E708239C46A44427
:10256000059565462281A446029B2C0006E0530097
:102570009918C90041188D68C968AB469B18DB00E3
:10258000C318B94206DC00D1B3E01C000023E25EB0
:10259000002AECDA230064469C4653461A806346C0
:1025A000059D1D80A3881BB2002B00DA51E722692C
:1025B000EFF3108172B61368002BFCD0BFF35F8F6E
:1025C0000123A7885B42A3803FB22369BFF35F8FDB
:1025D00000221A6081F31088002F00DA39E7230007
:1025E000083322009A4666697B00DB19DB00F3188A
:1025F000996850468C460824115FDD68002910DB7D
:10260000029306E0AB4244D00023E15E20000029A3
:1026100006DB4C006418E4003419E368AB42F1DDDA
:10262000029B078000201F5E1980002FDCDA140057
:10263000A379002B00D110E70023A3712600082303
:10264000E15E08364B1C00D12CE70800A246656904
:1026500002E03E004B1C1AD04B005B18DB00EF1869
:102660000A008C46E95E7B881BB2002BF1DA01235D
:102670005B42DC17BB60FC60824205D05346318070
:102680001B893B8053461A8160464B1CE4D154465B
:10269000E5E6A3686345B7D9C2E76B1C00D0EAE65C
:1026A000F8E65B4658461B69984700281BD15346FD
:1026B0001B8822692381EFF3108372B61168002909
:1026C000FCD0BFF35F8F514662880A802269658023
:1026D000BFF35F8F0021116083F31088B4E6864258
:1026E00000D8F8E6B0E65B461A685B680092019392
:1026F00007E7B34500D848E74CE7C046904A0020BA
:102700003C7005400D2400100040054070B52E4C73
:102710002569002D04D00A212C48FFF705FE70BD65
:102720002B4E0321300000F0C7FBE660FFF7ECFA08
:10273000284B03229C46D02322701B061B680121D4
:102740006370254B6044A3600F238000206102204A
:10275000638063694942A18019800231198647313B
:102760001D83585218315A5275325C3999521832B9
:10277000013199521832013199521832013199526E
:10278000083518329D5202311832995218320131EF
:102790009952183201319952183201319952183236
:1027A000013199521832013199520C4B0C49DC60BD
:1027B00001303562FFF70CFB01210320FFF7E2FA3D
:1027C000084B1D60A7E7C04654120020D8550020D2
:1027D0000040054040000034FFFF1000904A0020F8
:1027E0000D24001038600540004870475412002046
:1027F000F8B5050018200F0001F0A6FC041E3ED01D
:102800001821380001F0BEFC01216061280000F0B1
:1028100065FBE5600600FFF777FAD0222670120606
:102820001268184B62709C460122BBB2524260444F
:10283000800063819B1820612281A2806380002F29
:102840000BD079006269C919C9000F4B8918138030
:10285000013318329BB28A42F9D10127B7400B4BA2
:10286000B20030000A492F62D450FFF7B1FA0121BB
:102870003000FFF787FA074B9C4665442F60200025
:10288000F8BDC04640000034FFFF0000904A002021
:102890000D24001038200000124B70B5040098423F
:1028A0001ED001230578C668AB400F4A3362B218C8
:1028B000136001212800FFF765FA28000B49FFF794
:1028C000ABFB2900300000F001FB00212278084B0F
:1028D00060699200D15001F077FC200001F074FC97
:1028E00070BDC04654120020383000000D24001086
:1028F000904A0020F8B51F0008AB1B7804001600B2
:10290000002B08D100F002FB32003B00121A8B4171
:10291000002B00DA52E02269EFF3108072B61368E0
:10292000002BFCD0BFF35F8F0223E15E63694A0096
:102930005218D2009B182269002936DB1D88658059
:10294000BFF35F8F0025156080F31088069A9E60A4
:10295000DF601A61079A5A615A8801325204520C98
:10296000101C002A1FD082B2588008041043266928
:10297000EFF3108772B63268002AFCD0BFF35F8F86
:10298000A2881A80A1802369BFF35F8F00221A609A
:1029900087F310880A4923788C4601329A40E3680D
:1029A00063441A60F8BD0120DDE7BFF35F8F0023A9
:1029B000136080F3108801204042F3E70020F1E724
:1029C0003C20000070B501000469EFF3108C72B672
:1029D00020680028FCD0BFF35F8F02200D5E4C6999
:1029E00068004019C00024180869002D36DB2688CD
:1029F0004E80BFF35F8F002606608CF31088E36083
:102A000063880498013320615B0405985B0CA26025
:102A100060611A1C002B1FD093B2280462801843F7
:102A20000A69EFF3108C72B61368002BFCD0BFF369
:102A30005F8F8B8823808D800B69BFF35F8F0022AF
:102A40001A608CF310880B7801329A40CB680849E1
:102A50008C4663441A6070BD0122DDE7BFF35F8FCF
:102A6000002303608CF3108801204042F3E7C04646
:102A70003C20000010B543890A1493421ADD53002C
:102A80009B184269DB00D3180469EFF3108C72B60F
:102A90002268002AFCD0BFF35F8F5A88090494B2E1
:102AA000090C8A4208D00369BFF35F8F00221A60C5
:102AB0008CF31088002010BD8022120214435C8029
:102AC000012302698371BFF35F8F002111608CF3D2
:102AD0001088044902788C469340C2680120624401
:102AE0001360E8E73C20000040787047F0B506002E
:102AF0000F0006246442E517C646A4197D4100B5BF
:102B000082B08D4214D811D000F000FA22002B00C0
:102B1000121A8B41002B15DC002B44D030003900F9
:102B200000F032FA02B080BCB846F0BD8442EBD966
:102B30000024002500F0EAF922002B00121A8B4134
:102B4000002BE9DD00F0E2F922002B00121A8B4184
:102B5000002B0ADB00230193144B2200009314483E
:102B60002B00FFF72FFF0130D8D0A046290000240A
:102B7000104A1148536A994204D8956A4545CDD206
:102B80009942CBD10568EFF3108C72B62B68002BFD
:102B9000FCD0BFF35F8F0368BFF35F8F1C608CF3C3
:102BA000108820BFE6E7002AB8D0CBE7DD2300106D
:102BB0005412002000400540D8550020F0B5C6460C
:102BC00000B582B004000D0000F0A0F924184D41BA
:102BD000002D02DA01242F4D644206267642F717B3
:102BE00036196F41AF4214D811D000F08FF932007E
:102BF0003B00121A8B41002B15DC002B46D0200025
:102C0000290000F0C1F902B080BCB846F0BDA64270
:102C1000EBD90026002700F079F932003B00121AA8
:102C20008B41002BE9DD00F071F932003B00121AF4
:102C30008B41002B0ADB00230193174B32000093DA
:102C400016483B00FFF7BEFE0130D8D00023390004
:102C5000B0469C46124A1348536A994204D8966A71
:102C60004645CCD29942CAD10668EFF3108772B6B6
:102C70003368002BFCD0BFF35F8F0368BFF35F8F17
:102C800066461E6087F3108820BFE5E7002AB6D0AD
:102C9000C9E7C046FFFFFF7FDD230010541200206C
:102CA00000400540D8550020F0B5C64600B582B0BA
:102CB000040000F02BF9FA2206000F002000002388
:102CC0000021920001F0A0F98019794104000D1E45
:102CD00002DA01242E4D644206267642F717361991
:102CE0006F41AF4214D811D000F010F932003B0010
:102CF000121A8B41002B15DC002B46D02000290036
:102D000000F042F902B080BCB846F0BDA642EBD953
:102D10000026002700F0FAF832003B00121A8B411F
:102D2000002BE9DD00F0F2F832003B00121A8B4173
:102D3000002B0ADB00230193164B32000093164848
:102D40003B00FFF73FFE0130D8D000233900B046EA
:102D50009C46124A1248536A994204D8966A4645DC
:102D6000CCD29942CAD10668EFF3108772B63368A5
:102D7000002BFCD0BFF35F8F0368BFF35F8F664605
:102D80001E6087F3108820BFE5E7002AB6D0C9E7A8
:102D9000FFFFFF7FDD23001054120020004005409C
:102DA000D8550020F0B557464E46DE464546E0B5BC
:102DB00006000F0085B0EFF3058399468B46002B84
:102DC00012D0384900204B6ABB4206D38A6ADB1B0B
:102DD000591E8B41B2424041184305B0F0BCBB467E
:102DE000B246A946A046F0BD2F4B9A46DB689846EE
:102DF00053461B784046039300F080F84246039BFD
:102E0000040004339B009B580D001B1A390030004E
:102E1000001BA941894510DC0DD020BF214A0020AC
:102E2000536A5B45D9D3926ADB1B591E8B41B24270
:102E300040411843D1E78342EFD900F067F83200F0
:102E40003B00121A8B41002B1ADB00230193174B16
:102E50003200009350463B00FFF7B4FD011E0FDD2A
:102E6000104B5A6A5A451BD39B6AB34216D350463D
:102E7000FFF700FE0B4A0020536A5B45ADD3D2E753
:102E8000084A0020536A5B45A7D30020926ADB1BE7
:102E9000B24240415A1E934118439EE75A45E6D13B
:102EA00020BFE4E70040054054120020DD2300105D
:102EB000004870470040054010B5024A0248FEF73E
:102EC000A1FE10BDD0CA0010103D002010B5024870
:102ED000FEF7FEFE10BDC046103D002000B5054BBC
:102EE00083B00093002203230348FEF7ADFE03B036
:102EF00000BDC046F4CA0010103D00200300416A26
:102F00000A00986A596A8A42FAD17047034B596A93
:102F10000A00986A596A9142FAD170470040054008
:102F200070B504000D00174A536A1900966A536A77
:102F30008B42FAD13000190024184D41AB4216D80B
:102F400013D0104B2A005B6A9D4203D90D494B6A8E
:102F50009342FCD3934207D10A4A02E0516A994254
:102F600002D1916AA142F9D370BDA642E9D9054BBD
:102F70005B6A1C005A1CEFD0012201246442E51751
:102F80005242E3E700400540064A536A9942FCD8A2
:102F900007D1044B02E05A6A914202D19A6A9042E8
:102FA000F9D8704700400540F8B5040006200D0030
:102FB00000F03CFA002844D0374B3849E3185A1E39
:102FC00093418022120494465B429B0D344A9B0538
:102FD00063441360334A136018000A689043FBD1BE
:102FE0002D4B314AE31859424B4180215B00490087
:102FF0000620995200F01AFA2900C00000F08AFC5D
:103000000130C3091ED1402701226262A362266BF0
:10301000F30722D4E36A254B0620E51800232B6032
:10302000266300F003FA3900800000F073FC70237F
:10303000E26A5A400E3313402B601D4B2363032377
:10304000A364F8BD1B4A93421ED900231A4A1B4FA2
:103050006262A362266BF307DCD5194B144AE318AE
:103060001A60656AA36A0620AD01ED1800F0DEF96A
:10307000144900F04FFCAD020100280000F04AFCAA
:103080000021FFF74DFFC5E74006800E9F011A00A3
:103090003F180300B9E7C0460080FCBF08C00040ED
:1030A00000E0004000F00040EC5F00202C10000029
:1030B00001030000FEFF0000FFFF0000C0FF3F0013
:1030C000303000004E0E0000F8B5040006200D0060
:1030D00000F0ACF92900C00000F01CFC0130C3096D
:1030E00021D01F4A934233D900231E4A1E4F6262E9
:1030F000A362256BEB071DD51C4B1D4AE3181A6014
:10310000666AA36A0620B601F61800F08FF919491D
:1031100000F000FCB6020100300000F0FBFB0021D3
:10312000FFF7FEFE06E0402701226262A362256BE4
:10313000EB07E1D40022E36A0F4B0620E3181A6084
:10314000256300F073F93900800000F0E3FBF8BD5F
:103150004006800E9F011A003F180300E5E7C046B5
:10316000FEFF0000FFFF0000C0FF3F003030000006
:10317000010300004E0E00002C1000000539013A3A
:10318000F8B5D2004C0105001443002B06D0013BDA
:103190005A4253419B00234302241C432E6BF307E6
:1031A00008D46E23EA6A624013400E4AAA181360DC
:1031B0002E63F8BD0C4B0D4AEB181A606F6AAB6AB0
:1031C0000620BF01FF1800F031F9094900F0A2FB09
:1031D000BF020100380000F09DFB0021FFF7A0FEB8
:1031E000DFE7C0462C100000303000000103000073
:1031F0004E0E0000F8B5066B04000D01F30708D46D
:10320000E36A5D4010231D400D4BE3181D602663EB
:10321000F8BD0C4B0C4AC3181A60476A836ABF0199
:103220000620FF1800F002F9084900F073FBBF0206
:103230000100380000F06EFB0021FFF771FEDFE7B0
:103240002C10000030300000010300004E0E000082
:10325000F8B5DE464E4657464546E0B58B46050076
:103260000A991800160000F055FB0A9B6C001F021B
:10327000324B64199C46A4006444636881469F42B3
:1032800000D967602B1FDBB29846012B30D9C023D1
:1032900080229B01E31812011A60294BAD00595995
:1032A0009A4600291BD17301E026226853401E4034
:1032B000802342465B01E3181E60012A30D9802337
:1032C00080229B01E31812011A6053464A46676048
:1032D0005A51F0BCBB46B246A946A046F8BD586953
:1032E00000F018FB013043001B18033BFDD2DAE766
:1032F0005B46012BCBD1C02303229B01E3181A604C
:10330000023AA3681A42FCD07301E0262268AD009D
:1033100053401E4080230A4A5B019246E3181E6018
:103320005A462168514003220A401A6001225B4636
:103330009A40A3681A42FCD0C1E7C0460080004012
:10334000183D0020F0B546464F46D646C0B51F0092
:10335000344B44009C462418A400644463688846A7
:103360001600FF2B02D880235B006360031FDBB2D3
:103370009A46012B30D9C02380229B01E318120109
:103380001A60294B85005959994600291BD17301B0
:10339000E026226853401E40802352465B01E3181A
:1033A0001E60012A30D9802380229B01E31812017C
:1033B0001A6080235B0063604B465F51E0BCBA46F5
:1033C000B146A846F0BD586900F0A4FA01304300A8
:1033D0001B18033BFDD2DAE74346012BCBD1C023B8
:1033E00003229B01E3181A60023AA3681A42FCD038
:1033F0007301E0262268850053401E4080230A4A5C
:103400005B019146E3181E60424621685140032249
:103410000A401A60012342469340A2681342FCD03E
:10342000C1E7C04600800040183D0020014B8000ED
:10343000C0587047183D0020F8B5040021481E0010
:1034400017000D0000F066FA0100380000F062FA83
:10345000069B36041B031E432368002B20DB1A4BFC
:103460001A49E3185A1E93418022920194465B4206
:103470001B0B174A1B0363441360164A13601F009B
:103480000A689743FBD1144B2560E2182123A06002
:1034900013602368002BFCDA0823E6601360F8BD94
:1034A0003F2322681340AB42D9D1A3681B051B0DF3
:1034B0008342D4D1EE22E368D2021340B342CED18C
:1034C000EDE7C046001BB7000040FDBF08C000404C
:1034D00000E0004000F0004004300000024B1A6899
:1034E000024B5A607047C046704A00200080054079
:1034F000194B1A4A10B5DA618022194BD2051A60AD
:10350000184C194A146000290AD0E022174BD20443
:103510001A60002809D18022144B12061A6010BDCF
:10352000E022D2041A600028F5D043011B1A9B0048
:103530001818802300015B04984209D203000C4A4A
:1035400013608022044BD2055860084B1A60E6E7EE
:10355000084B1800F3E7C046008005402131B76AE8
:1035600000B00540FCFF01000820014000A005401C
:10357000704A0020FFFFFF00064B00209A68002AD7
:1035800006D0D869044B9C46604443425841C0B2BF
:103590007047C04600800540DFCE48958023024A30
:1035A0009B000B43D362704700800540002310B599
:1035B0000100988A1B8B984710BDC046162310B592
:1035C0000100188802331B88984710BDF8B547469C
:1035D000CE4680B50F1E18D014239946043304003C
:1035E0000025012698464B461888434621681B88CB
:1035F000984701C4431E984101350640AF42F2D1BD
:103600003000C0BCB946B046F8BD0126F8E7C04658
:10361000AA23064A1B0113608D235B00D360044973
:10362000044B19605368002BFCDA704700400240DD
:1036300000B0FA00006002407047C04610B5014873
:10364000FEF7B2FA08CB001070B5074D074EB54231
:1036500009D20024013E761BB60808CD9847230006
:103660000134B342F9D170BD70C90010ACC900106B
:1036700070B5074D074EB54209D20024013E761BB6
:10368000B60808CD984723000134B342F9D170BD84
:10369000A4C90010ACC90010054B064A06491A60BF
:1036A000064A074B1A6010000B689843FBD170471D
:1036B00000E00040BFCDFBFE08C00040FE7F3C00A4
:1036C00000F00040044BDB6C002B03D18022034B45
:1036D000D2021A607047C046000011504C201150B1
:1036E000044A054B1A60054A1368DB018033FBD19D
:1036F0007047C046FFFFFF0100F0004008C00040D7
:103700004022034B9A675A671A67DA667047C046C9
:1037100000F0014010B5FEF715FB10BDF8B52749C4
:10372000274C284D641AA6103200302E00D93022C2
:103730002800920000F066FDBC2C3BD830202F23DF
:103740002C196407204A801BE40F9B1B052B16D9FC
:103750003700002C02D0B300771CEA50001B33194D
:103760009B004108EB18C900C9181A605A60083359
:103770009942FAD1012303421CD09843C619B300E1
:10378000EA50731C2F2E15D09B00EA50B31C2E2E2E
:1037900010D09B00EA50F31C2D2E0BD09B00EA505A
:1037A000331D2C2E06D09B00EA50731D2B2E01D00A
:1037B0009B00EA50054B9D60F8BDC046000100101B
:1037C000C001001000000020C101001000ED00E069
:1037D000002310B5294C82B0A367FFF719FF01221F
:1037E000274B1A60636C012BFCD10322254B1A6016
:1037F000224A936B012BFCD1013300930121224A11
:1038000022480433FFF718FE052301210093204AC4
:103810002048FFF711FE0022022104201E4BFFF773
:1038200091FD0022012105201C4BFFF78BFD00229A
:10383000002107201A4BFFF785FD002200210820F8
:10384000174BFFF77FFD8023DB0000930022002150
:103850000920134BFFF7FCFC0022104B002106202F
:10386000FFF770FD0420FFF7E1FD0E4900F052F86C
:1038700001000020FFF792FE02B010BD0080004062
:103880003CB0004030B00040002F6859008002403A
:10389000008C864700C00240001BB70040597307E8
:1038A000006CDC0240420F0001480421014B184724
:1038B00070120020CD350010014B9B6818470000A6
:1038C00070120020124A936F9B0815D29066D16641
:1038D000002905D0FFE7FFE7FFE7516F106F704742
:1038E00004B580210906C2175140002800D0C84302
:1038F00008F0DEFF002104BDF0B5146E556E576F61
:10390000166FFFF7E3FF1466556657671667F0BD3D
:10391000000000D0114A936F9B0813D210665166C5
:10392000002905D0FFE7FFE7FFE7516F106F7047F1
:1039300004B5002801D00020C04308F0B9FF0021E1
:1039400004BDC046F0B5146E556E576F166FFFF785
:10395000E5FF1466556657671667F0BD000000D096
:1039600094464A4A926F9208624601D228E0C046C5
:10397000F0B5464E346E756E776F366F00F020F8F6
:103980009446424A14665566576716676246F0BD0C
:1039900094463E4A926F9208624601D254E0C04675
:1039A000F0B53A4E346E756E776F366F00F04CF8A6
:1039B0009446364A14665566576716676246F0BDE8
:1039C000002B24DB11D000293EDA00B5C943404268
:1039D00000D1013100F038F8C943404200D1013133
:1039E000DB43524200D1013300BD002AEBD1002855
:1039F00001D1002905D00020C90FC90701D1C0435A
:103A0000410800B508F034FF0022002300BD00B5D6
:103A100000290ADBDB43524200D1013300F014F8E5
:103A2000C943404200D1013100BDC943404200D1E9
:103A30000131DB43524200D1013300F005F8DB4392
:103A4000524200D1013300BD002923D1002B18D1EF
:103A5000002A0CD0BC460D4F38667A660021002340
:103A6000FFE7FFE7FFE77A6F386F67467047002888
:103A700001D00748010000B508F0FAFE002200233B
:103A800000BD02000B00002000217047000000D0A4
:103A9000FFFFFFFF002B00D0BFE0130C28D1002A4E
:103AA000E7D080B4114F39667A66FFE7FFE730B49C
:103AB000040C7B6F396F1B0423433B667A66FFE778
:103AC000FFE7FFE7C04684B27B6F3D6F1B042343D3
:103AD0003B667A66FFE7FFE7C04600232C042D0C07
:103AE0007A6F386F00196941B0BC7047000000D090
:103AF000F0B594460025140E01D112020835140FBA
:103B000001D112010435940F01D192000235D40F76
:103B100001D152000135D40B0134254F7C66254C70
:103B20003C660E0C93B2FFE7FFE7FFE73C6F66438E
:103B3000360C7703BE467343DF0B5B04C01AB941F2
:103B4000130C7343DB18C91ACE086643360CB6440F
:103B500093B273431F0F1B01C01AB941130C734377
:103B60001F0B1B05C01AB941860D8F023E436643E9
:103B7000360C092D24DB520A7243801A7703460A59
:103B80006643360C16235B1BDE40DF40BF196446DC
:103B90006643821B7046043506330100D940A840B5
:103BA000C01900D30131A24206D20023F0BD0000AB
:103BB000000000D0FFFFFFFF121B0130F3D3F1E73D
:103BC00009277F1BFE406446A2B27243801A00D2CE
:103BD0000139220C7243130C1204821A99410B0012
:103BE0007046043513370100F940A840801900D30E
:103BF0000131002B02D1A2420AD2F0BD013000D324
:103C00000131121BFAD2013BF8D1A24200D2F0BD21
:103C1000013000D30131121BF7E7F0B51C0C00D0C6
:103C200080E00CB400251C0A04D11B02160E33439D
:103C3000120208351C0B04D11B01160F334312016D
:103C400004359C0B04D19B00960F33439200023540
:103C5000DC0B02D192185B4101351C0097186441BE
:103C60000134464F7C66464C3C660E0CFFE7FFE78E
:103C7000FFE7C0463C6F6643360C7703BE4697B2FB
:103C80007743C01B00D20139C01B00D201399FB25B
:103C90007743C91BC91B170C77437E04FF0B801B9E
:103CA000B941CE086643360C0C2D33DBB644120BFB
:103CB0001F053A431B0B97B27743C01B00D2013953
:103CC0009FB27743C91B170C77433E043F0C801B00
:103CD000B941860D8F023E43664329277F1BFE4074
:103CE0000C3D7746AF40BF1930BCA2B2ABB27243B5
:103CF0007343801A9941220C7243130C1204801AE8
:103D0000994102000B000137001BA941F9D2781E2E
:103D10000021F0BD0C277F1BFE4077467F0BAF4094
:103D2000FF19E0E700245D1C07D0144F7D6639665B
:103D3000FFE7FFE7FFE7FFE73C6F95B29EB2654301
:103D40006643401BB141150C1E0C654366433604A7
:103D50002F0C3E432D04401BB141994204D2020076
:103D60000B0020000021F0BD01D19042F7D3801A52
:103D7000994101349942F2D3F6E70000000000D0E7
:103D8000FFFFFFFF48404140484018B4134B5B68B9
:103D9000019308BD18B4114B1B68019308BD9446EC
:103DA0000F4A926F920805D2624618B40B4BDB683B
:103DB000019308BD0A4AF0B5146E556E576F166F21
:103DC0006246FFF7F2FF064A1466556657671667A4
:103DD000F0BD18B4014B9B68019308BDE81A0020A0
:103DE000000000D0FFB550404240504059404B4089
:103DF000594000E0FFB5154F4C00640D03D0BC42A4
:103E000004D10C0314D80020090D09055C00640DD1
:103E100003D0BC4204D11C030AD800221B0D1B0591
:103E200001264B4009D44B4003D58B4200D182423E
:103E3000FFBD9942FCD19042FFBD0B43DB18034309
:103E40001343F5D0C9434918FFBD0000FF07000028
:103E500000B5FFF7CFFF804100BDC04600B5FFF7BA
:103E6000C9FF01D9002000BD012000BD00B5FFF74A
:103E7000B9FF01D9002000BD012000BD00B5FFF74A
:103E8000B1FF804100BD012040054A00121804D84E
:103E90005A00121801D80020704701207047000016
:103EA0000021002805D17047C1174840401AFAD0B8
:103EB000C90713B5064B1B6898470CBC441CA240AD
:103EC0001005120B0349091B09051943114310BDC5
:103ED000D45400201F04000010B54C00620D802354
:103EE000D218DB00D21A5B057E2A10DD9E3A13DA67
:103EF000CC170903490819435242D14064000134E8
:103F00001532202A05DAD0400843604310BD002056
:103F100010BD0846604310BDC80FC018013810BD61
:103F200018B4024B5B6A019308BD0000E81A002038
:103F300010B50148FDF738FE14CB0010132370B5FF
:103F40001D78012D19D014DD1D48FFF737FB060041
:103F50001C48FFF733FB1C4C80223100200000F08E
:103F600051F9022D06D01948FFF720FB184B1860B5
:103F700070BD154C174BA364F5E7174B124C23602B
:103F80006360A360E36023616361A361E361236213
:103F90006362A362E36223636363A363E3632364F3
:103FA0006364A364E36423656365A365E3652366D3
:103FB0006366A366E36623676367A367E367D9E77E
:103FC0005344000053460000E81A00204C33000020
:103FD000D4540020DD3F0010313F001007B560468B
:103FE00001880A0A0230DF2AFAD1C9B2820804D352
:103FF000028840880004104300E00068014A5050E5
:10400000039007BDE81A002051434343C9188C466A
:10401000110C83B24B4310B4040C614392B280B2D2
:10402000504362431C041B0C001910BC594113047B
:10403000120CC01851416144704700004840414093
:1040400048400E4B5B6818470C4B1B6818470C4ADE
:10405000936F9B0802D2094BDB681847F0B5146ECA
:10406000556E576F166FFFF7F6FF054A14665566D3
:1040700057671667F0BD014B9B681847D85400205E
:10408000000000D0491A002808D1084670470000F7
:10409000C10FC90700D54042002817D0F44603B429
:1040A0000B4B1B68984706BC81409E3840428031CC
:1040B00007D20B0607D04900490AC0051043084340
:1040C00060470130F8E7490A8902F5E770470000C8
:1040D000D4540020014B5B6A18470000D8540020DC
:1040E00010B50148FDF760FD3CCA0010132310B560
:1040F00010481C78FFF762FA0100012C0AD003DD9A
:1041000080220D4800F07EF80C48FFF74FFA0C4B68
:10411000186010BD084C5422200000F073F82200F3
:10412000084980322368002B00D121600434944276
:10413000F8D1E9E753460000D85400204C33000082
:10414000D4540020E140001070B504000A4E300045
:1041500008F0FEFB200007F027FE0500300008F005
:104160007FFB002D05D0054B2C199C4201D828005F
:1041700070BD0348FDF718FD301800200000042032
:104180002CCB0010F8B506000C000C4F380008F0DE
:10419000DFFB2100300007F0A7FD0500380008F024
:1041A0005FFB7443002D05D0054B2C199C4201D8B0
:1041B0002800F8BD0348FDF7F7FCC0463018002082
:1041C000000004202CCB001070B50400054D280021
:1041D00008F0BEFB200007F0F1FD280008F040FBCE
:1041E00070BDC0463018002001480421014B18471B
:1041F00080120020CD350010014B1B6818470000CD
:1042000080120020014B5B681847000080120020DC
:104210009A4200D2885470477047C046F8B5574656
:10422000DE464E464546E0B599460A9B07009A464B
:104230000D9B884693460B9C9B073BD10C9B9C4255
:104240003DD21E1B0B9415000C005E442A004B4609
:10425000013521002020B847B542F7D1A0460B9C7C
:10426000002C20D0454636195346321B013C185DC0
:1042700029004B46B847002CF6D12B003500984654
:104280000D9B9B070FD55B46EC1A0C9BA3420AD9EA
:10429000464698462A004B46310020200134B84754
:1042A00001354445F6D32800F0BCBB46B246A946CA
:1042B000A046F8BD16001500002CD3D1E0E716008B
:1042C0001500002CCED1EEE7F0B54546DE46574648
:1042D0004E46E0B585B09C4610AB1B78149F9346C4
:1042E00098460F9C129E139DBB074CD4002D42D1C3
:1042F000B44248D201233B4099460E9B013B9A466B
:10430000302304E0524601341355A64201D9202C33
:10431000F8D14B46002B00D183E00E9B013B994620
:104320003023A54205D82EE04A4601341355AC424D
:1043300029D0202CF8D1FB060CD57B0554D4A642FD
:1043400063D0A54261D0119B102B50D0022B57D0C7
:10435000202C32D1202301930E9B5A4600930397C1
:1043600063460295FFF75AFF05B0F0BCBB46B24664
:10437000A946A046F0BD01233B40994601233B429C
:104380002AD1B442B9D3FB061CD57B05DBD4002C63
:10439000D5D1119B102B5BD0119B022B6BD03023FE
:1043A00001240E9A13704346002B10D17B073ED593
:1043B0002B260E9A631C1655CDE7230001343026B8
:1043C0000E9AD654202CC5D04346002BEED02D2675
:1043D0000E9A631C1655BEE74346002B2FD0013DB5
:1043E000B44200D289E798E7119B102BB2D1BB06EB
:1043F00037D5202CAED058230E9A13550134A7E799
:10440000202CA7D02300013407E0631E012CC0D06C
:10441000119A102A31D0022AD1D162260E9AD6548E
:1044200096E7FB06CED57B0500D488E78BE7230013
:104430003E0790D520260E9A013316558BE70C23A4
:104440003B405A1E9341ED1AB44200D255E764E74F
:10445000BB060ED478230E9A0224137030235370B7
:10446000A1E7202C00D175E778230E9A135501346B
:104470006EE75823EFE76033EDE70E9AA61E9146EC
:104480004E44BA0602D55822327098E7782232702C
:1044900095E7C04610B5002800D110BD01F0A6FC7C
:1044A000FBE7C0460B0010B5002802D049681B6826
:1044B000984710BDF0B55746DE464E464546E0B536
:1044C00095B083460F00924698461E9A1F9B100097
:1044D0001900209EFFF7D7FC002800D0EAE11E98C3
:1044E0001F990122C54B5242FFF7B2FC002800D0B1
:1044F00014E11E981F990122C14B5242FFF7BEFCE6
:10450000002800D0E9E01E981F990022BD4BFFF75C
:10451000B5FC002800D0C8E01E981F990022BA4BB5
:10452000FFF796FC002800D0BFE01E981F990022DC
:104530000023FFF78DFC002800D0E4E000230B935C
:10454000229B5B0500D406260024302307E01721B8
:1045500006AA013452181355013E202C01D0092E11
:10456000F5D81E981F99FFF7B7FCA84BF2009B18CF
:104570001A685B68050008920993FFF795FC020032
:104580000B001E981F99FFF700FC089A099BFFF784
:1045900020FC06900791FFF7C3FC8146FFF780FCE3
:1045A00002000B0006980799FFF7EFFB0022984BDB
:1045B00006900791FFF762FC002800D10DE101236E
:1045C0009C46E1444846FFF76BFC02000B0008984C
:1045D0000999FFF743FC002802D0002399460135D2
:1045E000002E00D1D9E006954D46B94614E006AA42
:1045F000944617230A216344280001341F19FFF74A
:1046000089F93031397028000A21013EFFF782F91B
:10461000092D00D817E10500202CE8D14F46069D52
:1046200020240CAE06AA17239446634499465B46A1
:10463000B34606930FE04B4628000A210134E618E2
:10464000FFF740F93031280031700A21FFF73AF9BD
:10465000051E00D1E4E0202CEDD1069B5E469B4672
:104660000323229A1340012B18D1219B002B15D034
:104670000B9B002B00D1FDE0219B013B2193202BC4
:104680000CD93023219A07E0172006A90134091814
:104690000B55944200D3CCE0202CF5D1229B019401
:1046A0000393219B0096029322E0229B524604939F
:1046B000219B3900039358461E9B1F9C0296009332
:1046C0000194434600F04AF90400200015B0F0BC04
:1046D000BB46B246A946A046F0BD229B5B070FD45D
:1046E00003224C4B2299019203912199009302914C
:1046F0004346524639005846FFF790FD0400E4E770
:104700000422454BEEE71E9A1F9B00200021FFF775
:104710003CFB01231E901F910B9311E7229B5446F3
:104720009B0711D1219B042B0ED9219B55469C46FA
:104730005E46043C64442A0043460135390020208B
:10474000B047A542F7D1B346344D26002B1F9946FA
:104750005B46A3461C003200E87843463900013D21
:10476000A04701364D45F6D123005C469B46229B6F
:1047700004349B07A9D55346219AE31A9A42A4D937
:104780005E4615002200434639002020B0475346BC
:104790000134E31A9D42F5D897E72800FFF784FB20
:1047A00002000B001E981F99FFF7EFFA0022184B2A
:1047B00006900791FFF74CFB0CAE002800D031E7C4
:1047C000069807990022124BFFF758FB002800D0EB
:1047D00028E7012301359D4324E700220698079925
:1047E0000B4BFFF735FB002800D0F9E64B46002BBA
:1047F0005CD101239C46E144F2E6C046FFFFEFFF97
:10480000FFFFEF7F65CDCD4165CDCDC130D200102A
:104810000000E03F84CB00107CCB00108CCB00105C
:10482000069B5E469B460323229A1340012B00D130
:1048300081E0202C00D131E70B9B002B27D02D23CA
:10484000335501342AE74F46069D202C00D1E7E678
:104850003022331907E0172006A9013409180A5538
:10486000202C00D1DCE6A342F5D12E220CAE01347F
:10487000F254D7E60C23229A134257D0219B013BD6
:104880002193A34200D9FCE6202C00D106E7229B0D
:104890005B0703D52B2333550134FFE6229B1B070F
:1048A00000D4FBE6202333550134F7E6DB0700D4C0
:1048B00096E69EE7229B55469B0711D1219B032B31
:1048C0000ED9219B54469C465E46033D654422001A
:1048D0004346013439002020B047AC42F7D1B346FB
:1048E000B9465F461C4EEC1C2A00B0784346494648
:1048F0000135B847013EAC42F6D1229BBB464F463C
:104900009B0700D4E1E65346219AE31A9A4200D865
:10491000DBE65E4615002200434639002020B04702
:1049200053460134E31AAB42F5D3CEE6219BA342B2
:1049300000D9A6E6B2E6219B002B00D179E70B9BBC
:10494000002B97D0219B013B21939C4200D298E6FB
:10495000202C00D073E7A1E688CB0010F0B5DE462E
:1049600057464E464546E0B599B081468B4692463D
:104970009846229A239B10001900FFF784FA00281A
:1049800000D0CAE0229823990122824B5242FFF7BD
:1049900075FA002800D0C0E02298239901227E4BAE
:1049A0005242FFF755FA002800D0B6E0229823992A
:1049B00000220023FFF74CFA002800D0C9E1229B17
:1049C000239C08930994089809998023269ADB0070
:1049D0001A400D928022269C1201144022000B9452
:1049E000269C07000E001C4200D0ADE00B000343E4
:1049F00000D0D5E0002A00D00AE22200063324933A
:104A0000022313400C930223134200D002E2259BA1
:104A1000042B00D20FE2043B0B93002304250A93DE
:104A20000022229823990023FFF712FA002800D0D1
:104A300003E25A4B269A134004930B9B0393249B47
:104A40000293089B099C00930194594643465246A1
:104A50004846FFF72FFD02002020269B1F2703401A
:104A600059424B415B421840531C089359464346F8
:104A70004530C8470A9AD317D4185C40D30F0A931D
:104A80006B1E0B9308AB9C460025674401E0202D6C
:104A90000FD020000A21FEF73DFF01357E1930318D
:104AA000317020000A21FEF735FF26000400092E90
:104AB000EDD8052306930B9B5946059300230493D9
:104AC0000A3303930A9B4846029310AB0093089A5B
:104AD00043460195FFF7F8FB0C9B002B2DD0534666
:104AE000C41A259BA34228D94D465F4681461E0025
:104AF000534639001A19202043460134A847A642DC
:104B0000F6D8534648462599C21A013200239142ED
:104B100000D386E1013018180FE0269B0493259BF3
:104B20000393249B0293229B239C0093019443466E
:104B3000524659464846FFF7BDFC19B0F0BCBB468B
:104B4000B246A946A046F0BD01432BD10B9B2200E3
:104B5000002B00D154E700230A93249B0A9A0024D7
:104B6000934200DD85E12298239900220023FFF77C
:104B70006FF9002800D035E1269B084A02941A40BC
:104B80008023DB0013430493259B0393089B099C1C
:104B9000CBE7C046FFFFEF7FFFFFEFFFFFF7FFFF11
:104BA00006232493B44B70009C46400D6044FFF7ED
:104BB0007BF9B24AB24BFFF70CF9B24AB24BFFF79E
:104BC000E9F83603B14B360B334304000D003800CF
:104BD00019000022AE4BFFF7D8F8AE4AAE4BFFF7F4
:104BE000F8F802000B0020002900FFF7D3F8FFF7C8
:104BF00073F90A90FFF758F9A84AA94B04000D0071
:104C0000FFF7E7F80022A74BFFF7C4F8FFF764F9B6
:104C1000A54A0600A54B20002900FFF7DAF804009A
:104C200030000D000C96FFF73FF9A14AA14BFFF7AA
:104C3000D0F802000B0020002900FFF7A6F80200C0
:104C40000B0006000F00FFF7C4F8320004000D004F
:104C50003B0030003900FFF79DF800220E900F91C5
:104C6000954B20002900FFF79AF80022934BFFF79D
:104C700091F802000B0020002900FFF790F80022B5
:104C80008F4BFFF787F802000B0020002900FFF789
:104C900086F80D008021040032003B000020C90589
:104CA000FFF773F802000B0020002900FFF772F8ED
:104CB00002000B000E980F99FFF771F80022734B5A
:104CC000FFF768F87F4B0C9C9C4664440022230548
:104CD000FFF77FF806000F0002000B000898099903
:104CE000FFF7B6F800280AD00A9B3000013B3900D4
:104CF0000A930022714BFFF752F806000F000A9A40
:104D0000330063323900C62A12D8022226980425BD
:104D100010400B9A0C90002A25D1259B042B05D915
:104D2000002800D0A1E0259B043B0B93042541E023
:104D30000222269810400B9A0C90002A12D1259B33
:104D4000052B76D9002872D1259B0525053B0B93B1
:104D500034E0802212069446229B0893239B6344EE
:104D6000099330E605250B4300D1F6E6089809992A
:104D7000554A564BFFF77AF8002808D00898099949
:104D80000022534BFFF764F8002800D0E5E6249B8F
:104D9000002B1CD00D9B002B19D0249B013B24938E
:104DA000259BAB4204D90C9B002B5AD002230C93B9
:104DB00000230B930A9B002B00D131E60898099938
:104DC00032003B00FEF7EBFF0890099128E6259B97
:104DD000AB42EDD90C9B002B43D000230B93023345
:104DE0000C93E7E78020269B3A4A00061A4080236E
:104DF00084460294089C099D2900DB001343049318
:104E0000259B6144220003930B00009201938EE6E0
:104E10000524A8E600230B930A93023304250C9380
:104E2000FEE553468C46013B63441B1A72E602239F
:104E30000C930525C2E70423EDE58020089E099F19
:104E4000000639008446269A224B6144134004939D
:104E50000B9B32000393249B02930B00009201935F
:104E6000F3E5259B5B1B0B93A4E7022304250C931E
:104E7000A0E79C1A013C76E601FCFFFFFB799F50FE
:104E80001344D33FB3C8608B288AC63F0000F03F6D
:104E90000000F83F61436F63A787D23F71A3790990
:104EA0004F930A400000E03F1655B5BBB16B02407E
:104EB000EF39FAFE422EE63F00002C40000024406D
:104EC00000001840FF0300002D431CEBE2361A3FA0
:104ED00080842E41FFF7FFFFF0B5DE4657464E4671
:104EE0004546E0B5A5B01E002E9B92460C93CD4AD8
:104EF000CD4B80468B461A60002900D1EAE10023A1
:104F000030789946002800D1ECE1C84B4C460B9311
:104F1000C74B454657460E930AE0631C984622004D
:104F20003B005946A84744463078002800D187E026
:104F300001362528F1D108239A46043B9946023BC5
:104F40009846013B00229C460D943078711C03006A
:104F5000203BDBB2102B03D80B9C9B00E3589F46F1
:104F60000300303B89460D9C092B3AD90023984613
:104F70002A2800D1C1E000239A462E284BD00300F6
:104F8000683BDBB2122B1ED80E999B00CB589F4674
:104F900063460E001A43D8E743460E001A43D4E78F
:104FA0004B460E001A43D0E710230E001A43CCE7FD
:104FB00053460E001A43C8E780235B001A43FF3BA9
:104FC0009C467078E1444E4667284FD82428A4D9DF
:104FD0000300253BDBB2422B9FD896499B00CB5860
:104FE0009F46002394461E0000E00131B3009B1948
:104FF0005B001E180878303E0300303B092BF4D9C3
:105000000123624689469C460023B0469A460E001C
:10501000E1442E28B3D13021802049428C46C00083
:10502000024370784B4684446146092900D86CE1FC
:105030002A2800D17AE101239C464E46E1449EE7AE
:10504000A146A846BA46CA4503D801235B42534449
:10505000994653464A4659460020C047200025B08D
:10506000F0BCBB46B246A946A046F0BD0300693B72
:10507000DBB20D930F2B00D94FE7012199408C46ED
:105080006D49894661464B4619400F916346494632
:105090000B4200D028E10D9B0A2B3AD0072B00D001
:1050A0003BE70C9B190008C98846002B00D14BE157
:1050B00021200243914614A98C461F220F216244ED
:1050C0008C4651460D950C91A24615000F9902E0B1
:1050D00020290CD0130064461C4020003730092CD6
:1050E00000D80738013168541A090F2BF0D80C9BEF
:1050F00054460D9D9A460F9133E10C9B02CB884696
:10510000002947DB0C9301239C4670784E46E1440E
:1051100031E70C9B02CB14935346002B00D138E1AE
:105120009C4608780B000C908C44002801D100F0BC
:1051300098FC89466146944603E05A780133002A78
:1051400001D08B42F9D1494662465B1A0C900F930D
:10515000530500D520E10223180010400D901342A2
:1051600000D1CBE30D930B1BB1469A465E460C98DB
:1051700022003B003100A84753460134185D002847
:10518000F6D1B3464E460D9B002B00D0C7E1149BD1
:105190000C93C9E60C9301239C46283849420243EC
:1051A000884670784E46E144E5E670786C2800D178
:1051B0007FE180235B001A43FF3B9C46E14402E70A
:1051C00080239B001A4301239C467078E144FAE651
:1051D0007078682800D173E180231A437F3B9C4696
:1051E000E144F0E6672800D103E1472800D15AE105
:1051F000452800D15AE10492072142460C9B0392B4
:10520000073352468B43190002920CC928000092C2
:1052100001930C9122003B005946FFF79FFB0400CD
:1052200082E6C046D94E00106C4A002090D0001093
:10523000D4D0001020D1001041900000462800D1A9
:10524000DBE00492072142460C9B0392073352464F
:105250008B43190002920CC92800009201930C9113
:1052600022003B005946FFF725F904005CE6631C69
:10527000984622003B0059462520A847444653E65D
:105280000C9B04330D93631C9946920700D422E1D2
:105290000C9B2200187859463B00A84743464444DB
:1052A000012B00D885E23300B8462E005F4625006A
:1052B0004C46994622004346013439002020B0472D
:1052C000AC42F7D12C00BB46350047464E460D9BFD
:1052D0000C9329E6DB4B307898460023994600284A
:1052E00000D012E60024AEE66F2800D188E000D896
:1052F0000BE31023782800D1CFE09A430A239C4681
:1053000000230F930A330D9380E05646B1008919AC
:10531000490001330E181878303E01003039092950
:10532000F4D9B2461E000133994628E60C9B02369A
:1053300002CB8A46C9435046C917084082460C939F
:105340003078731C99461AE61023100098431133E5
:105350001843814680201300C0000340024200D160
:10536000A9E64B460693082305935346049310235E
:105370000393002302930F9B220001931CAB009325
:1053800059463B002800FEF79FFF434604000C935C
:10539000CAE501235B42C3E60F9B534501D953463F
:1053A0000F930223180010400D90134200D1B7E173
:1053B0000D93D1460B1B9A463300A1442E002200C8
:1053C0004D460C98B9465F469B4608E04B4639006F
:1053D000541CB0475346185D002877D022009542F0
:1053E000F4D15B46BB464F46A94635004C461E00ED
:1053F000C9E680231B011A43FDE620231A4320E758
:1054000008239C4600230F9308330D93802311003B
:10541000DB0019401A4200D116E10D239A43100017
:10542000802302009B001A401492184200D0C2E16F
:10543000802302005B001A4091460C9A04320F92BE
:10544000184200D0B7E2430600D59FE1030600D41E
:1054500019E30C9B1B880993002B00D0FCE110334F
:105460009843002900D1F7E100239946434605936C
:10547000534604930D9B069003930023D2E05828D3
:1054800008D0622867D102239C4600230F93023381
:105490000D93BBE720231A43103B9C4600230F9338
:1054A00010330D93B2E780231B011A4320231A43C4
:1054B000A1E6C0239B001A43F31C9946B07882E50D
:1054C000C0231A43F31C9946B0787CE535005E464C
:1054D000BB464F4657E64346012B00D863E1631EA7
:1054E00043449A463300B9462E005F4655469B46D4
:1054F000A24622004B46013439002020B047AC427E
:10550000F7D135005E46BB464F46A14654460C9B3C
:105510004A46187859463B004444A847D7E6A14676
:105520000F9B984500D832E64444E41A3300B8464D
:105530002E005F4625004C46994622004346013422
:1055400039002020B047AC42F7D12C00BB463500D3
:1055500047464E461BE680231000DB0018401A42E7
:1055600000D10FE1112118008A430D920D9A80237A
:1055700011009B0019408C461A4269D1802311000A
:105580005B00194089460C9904310F911A4200D0F2
:10559000CAE113005B0600D5F0E013001B0600D43F
:1055A00059E20C9B00229B5ED9175A184A4092B2CE
:1055B000D90F0C91002B00D1F9E1100014AA9446E8
:1055C00042461F23149252466344A84616944D4601
:1055D0000400B946B2461F00159201E0202D0FD0FD
:1055E00020000A21FEF796F901357E19303131701D
:1055F00020000A21FEF78EF926000400092EEDD8BE
:10560000149B4F46A94645469846159B56469A46D2
:10561000169C0D9B069343460593534604930A2319
:1056200003930C9B02934B4601931CAB2200009307
:1056300059463B002800FEF747FE0F9B04000C93E1
:1056400072E4C046194200100C239A431000E7E6AA
:1056500007220C9B07339343013294469C446246D5
:105660000C920CCBD90F0F911100194300D191E08E
:10567000D9171391129151401091139959401191DA
:1056800010981199129A139B801A994110901191B8
:1056900014AA0023944642469946149252461F3358
:1056A0006344A846B24616944E46109C119DB946D6
:1056B00015921F0001E0202E10D0200029000A22A0
:1056C0000023FEF765F9013630322B00BA550D0084
:1056D00022000400002BEED1092AECD8149B109470
:1056E000119545469846159B4F46B14656469A46F3
:1056F000169C0D9B069343460593534604930A2339
:1057000003930F9B02934B4601931CAB2200009323
:1057100059463B002800FEF7D7FD0400FFF704FCC4
:105720000F9B984500D8C1E18023DB000D934346D1
:105730000F9A1B199B1A994633002E004D46B94605
:105740005F469B460C9122004B46013439002020D5
:10575000B047AC42F7D143460C9901330F930B7815
:1057600035000C935E46BB464F46002B00D10EE53C
:105770000D9B002B00D1F6E4002319E60C9B1B784F
:105780001A0015E710239A430D92EFE60C9B1B7845
:10579000099361E6002399460028AAD1002200233C
:1057A0001092119374E70C9B2200187859463B0025
:1057B000A8474C468BE50C9AFA3BFF3B07329A43CD
:1057C0000133994691444B460C93136852681592E5
:1057D0001A4306D11032904300220992002900D0CA
:1057E00081E06122810600D54122D2B20A9214AA38
:1057F00091460A9A00210A3A14924246179252465A
:1058000018925A460991B3461F311E000F9B494416
:10581000BA4619941A950024674698468946159DFC
:1058200016901B920AE03032D2B24B4601341A5520
:10583000A8454AD0202C4AD006000D003A0000238B
:1058400030002900FEF7A4F8D2B2092AEBD9149B44
:105850009C466244D2B2E8E76123820600D5412328
:10586000DBB20A3B0C93434614A91F228C461593C6
:1058700053466244A046B2464C461797A9461700C5
:10588000099D0D9E1490169308E03033DBB201346D
:105890003B55B5420ED3202C0CD00500310028001A
:1058A000FEF738F8CBB20929EFD90C9A9446634435
:1058B000DBB2ECE7159B4D46A14644469846169B45
:1058C000564614989A46179FD0E5B742B2D9179B0F
:1058D00057469846189B5E469A461B9B09949B46E2
:1058E0001698199C1A9D43460593534604930D9BA5
:1058F0000690039300230293099B05E70F9B9845AD
:1059000000D914E701330F932DE4102311009943BC
:105910000D91692800D0BAE080231000DB00184008
:105920001A4200D122E61DE60C9B1B68DA0F11001B
:10593000002B00D18CE0DA179818504014AA914639
:1059400042461F23149252464B44A046A94616973E
:1059500004006546B2461F000C91159201E0202D0F
:105960000FD020000A21FDF7D5FF01357E19303117
:10597000317020000A21FDF7CDFF26000400092E1A
:10598000EDD8149B444698460C9BAC461900159BD9
:1059900056464D469A46169F0D9B029106934346E6
:1059A0000593534604930A23039363463CE6002879
:1059B00000D02EE602E60C9B1B689946002B03D113
:1059C00010339843002938D16123820600D5412342
:1059D000DBB20A3B0C9343461693534614A91F228D
:1059E0008C4617932B006244A0464D46B24618974A
:1059F00099461700149C0D9E159008E03033DBB2D9
:105A000001343B55B5420ED3202C0CD0050031009B
:105A10002800FDF77FFFCBB20929EFD90C9A9446F5
:105A20006344DBB2ECE7169B149444469846179BFC
:105A300056464D469A461598189F43460593534639
:105A400004930D9B0690039300230293149BEBE5B4
:105A50000028A1D172E70C9B1B68D9175A184A403D
:105A6000A6E580231000DB0018409C460F901A42E8
:105A70000FD00220030013400F93104219D00023CF
:105A8000A1460F934CE50C9B1B680993E4E40A00C4
:105A900034E40223180010400D90134200D03EE57C
:105AA0004346002B00D042E6FFF771FB01330F9312
:105AB0007FE463460D93F3E70EB4012230B584B062
:105AC00007AC08CC064D0100009428005242039414
:105AD000FFF702FA04B030BC08BC03B01847C04658
:105AE000114200100CB430B585B008AC08CC064D9E
:105AF0000A000094010028000394FFF7EDF905B0B7
:105B000030BC08BC02B018471142001010B50C00A0
:105B100084B00394012402A9029000930348130067
:105B20006242FFF7D9F904B010BDC046A544001089
:105B300010B5094A0300146884B0002C08D0012273
:105B400000910648524203A9A047012004B010BDAD
:105B500000F096F90020F9E76C4A00209544001007
:105B600000BEFDE7094A03001068002805D0084977
:105B7000C3188B4207D81360704706480449C318FE
:105B800010608B42F7D901204042F5E768460020BB
:105B9000000004200060002010B5FFF7E1FFC046C0
:105BA00070B5FDF751FD074D074EB54209D20024EF
:105BB000013E761BB60808CD984723000134B34256
:105BC000F9D170BDACC90010B4C90010030010B504
:105BD000080011001B68984710BDC046F0B5C646C6
:105BE00000B5437D07000C001600002B46D0002AAC
:105BF00017DD0B780A2B24D000239846012E13D0F2
:105C000001252900635C01350A2B26D0B542F8D165
:105C1000464509DCA419013C23780D3B5A42534107
:105C20003B7580BCB846F0BD4346E018A419F11A94
:105C3000013C3B68984723780D3B5A4253413B75E2
:105C4000EFE7037D002BD7D102210F483B6898472F
:105C5000012EDFD001239846D2E7631E5B5C0D2B3B
:105C6000D4D0884504DA4346C91AE0183B689847FF
:105C7000022105483B68A8469847C7E7036811001A
:105C800020009847CDE7C04680D20010F0B5C64648
:105C90000B6806000C0000B5802B06D05A1C226051
:105CA000E418267180BCB846F0BD0F4B1D68002D6E
:105CB00016D00B1D98460D4F02E02D69002D0FD018
:105CC0002B68002BF9D03B68002B01D0AB42F4D1FC
:105CD000280041462268FFF781FF2D69002DEFD192
:105CE00001220023DBE7C04650460020604600202A
:105CF000F0B54546DE464E465746E0B583B0914680
:105D00001C0080460D00FDF701F90023304A1218EF
:105D10004B41002B02DA01222E4B52422E49080041
:105D20008A4606F0F5FD07006B1C03D1404606F0DD
:105D300005FC0500002C27D0284E294B1C68002CA0
:105D400018D04B46002B21D1264B994602E02469FE
:105D5000002C0FD02368002BF9D04B461B68002B7A
:105D600001D09C42F3D120002A004146B04724696B
:105D7000002CEFD1002F26D1280003B0F0BCBB4689
:105D8000B246A946A046F0BD174ED6E7154B994638
:105D90000A239B4602E02469002CEBD02368002BE9
:105DA000F9D04B461B68002B01D0A342F3D12A0047
:105DB00041462000B0476B465A462000DA71D91D93
:105DC0000122B047E7E7504606F04AFDD4E7C04657
:105DD00040420F00FFFFFF7F38180020DD5B0010FE
:105DE0005046002060460020CD5B0010F0B5CE4646
:105DF000474680B583B06B460600DD1D2870FDF771
:105E000085F80023194A12184B41002B02DA0122AF
:105E1000174B524217490800884606F079FD164B89
:105E200081461C68002C14D0144F02E02469002C19
:105E30000FD02368002BF9D03B68002B01D09C4287
:105E4000F4D1200001222900FFF7C8FE2469002CAC
:105E5000EFD14B46002B05D1300003B0C0BCB94692
:105E6000B046F0BD404606F0FBFCF5E740420F00AF
:105E7000FFFFFF7F381800205046002060460020BA
:105E800070B5040006F05AFB012301000500012251
:105E90002000FFF72DFF084B1C68002C06D063681C
:105EA000002B05D098472469002CF8D1280070BD3C
:105EB0002469002CF3D1F9E750460020F0B5CE4616
:105EC000474680B5A3B004000D00FDF71FF800237E
:105ED000274A12184B41002B02DA0122254B52426D
:105EE000254E300006F014FD002322000193070028
:105EF0002B00224801A9FFF709FE214B8046994655
:105F00001C68019B002B1AD0002C2FD01D4D02E0E5
:105F10002469002C0FD02368002BF9D02B68002BAC
:105F200001D0A342F4D12000019A02A9FFF756FE46
:105F30002469002CEFD14B461C6800230193002CF0
:105F400006D06368002B0BD098472469002CF8D149
:105F5000002F07D1404623B0C0BCB946B046F0BDC3
:105F60002469ECE7300006F07BFCF3E70194EFE7EF
:105F700040420F00FFFFFF7F381800208D5C0010AB
:105F800050460020604600200FB400B583B004A93D
:105F900001C90191FFF792FF03B008BC04B0184794
:105FA00010B588B004000D2200216846FEF724F9E0
:105FB0000D22002104A8FEF71FF94B236A4668460C
:105FC000137004A90D2206F043FC152108222000BD
:105FD0006944FEF717F908B010BDC04603BDC046BE
:105FE00010B50400FDF744FBA04710BDF0B5C64650
:105FF00000B5040086B00F200E009046FBF7D4FEDB
:10600000002105000F20FBF7BDFE002300220092B7
:1060100001930123029343460393D02304960594EE
:106020006F4600240026012102201B06002C13D0FD
:106030001A6D1042FCD05C6540BF1A6D114203D14D
:1060400020BF1A6D1142FBD09A6DA24209D00026E2
:10605000B200BC58EAE79A6D1A6D1142FBD140BFFD
:10606000E6E70136062EF3D129000F20FBF78AFE62
:1060700006B080BCB846F0BD0D4B0E4A70B59342D9
:1060800010D31C000C4A99180B4D0C4A92686051B1
:10609000FF20C00023500A4B0A4823500A48FFF74C
:1060A000A5FF70BD01235B421C000849ECE7C04618
:1060B0000008042000000420F407000000ED00E0C8
:1060C000E15F0010FC070000DD5F0010F307000037
:1060D000F8B500F047F90C23194DFF22AB670520F6
:1060E0001849FBF79FFE184C402200212000FEF7C4
:1060F00083F84027002301262121144A6670278354
:10610000A260136063545F31618445396354104A5F
:1061100010496360E2602787A1620B606362E262FC
:1061200006F0EEFB80239B052E64EB6490230A4A65
:106130000120EA508022094B5202DA64F8BDC046C1
:10614000000011505D0700206C46002084001050B4
:10615000000110508000105010D00100002011509C
:1061600010B501210520FBF70DFE10BD10B5002272
:106170000021024800F016F910BDC0468C460020F0
:10618000044B1970002904D080219023024A89020F
:10619000D1507047F55F0020002011500B785B064E
:1061A00002D14B78052B00D070478A78014B1A60DA
:1061B000FAE7C04600001150F0B5C646C87800B5F1
:1061C0008007830F1800012B60D08F780A794B79F4
:1061D0007F213940FC091B024E001343334D321915
:1061E0005201AA18977001276740577000275B0576
:1061F0005B0DD7701383D076B846CA00012C32D01D
:106200002B4FBC468F016244BC46AC446746BA6023
:1062100047461760002932D0264AC9009046624698
:10622000414451603F223F339343022837D02249F3
:1062300037190A687F01D3180B602049EF19FA60FB
:106240008B422ED836197601AD19EB7E1C499B0680
:106250004A4013438022120613436A6813600120E8
:1062600080BCB846F0BD174FBC468F016244BC46A7
:10627000AC446746BA6247461760002908D100233C
:1062800064012C196360104BE360E8E70020E7E746
:106290000B4AC9009046624641445162C2E75B0026
:1062A000C5E7FDF7CBF9FA68CCE7C0466C4600209D
:1062B0008400105004001050744A0020FF0F10504A
:1062C00000001050800010500001105010B506F072
:1062D00017FB10BD10B57F200C0020404000E409E2
:1062E000110000191A00034B4001C01800F05AF8C1
:1062F000012010BD6C4600207F23180000B5084027
:1063000083B00B4204D14B424B41084A01339366A0
:106310008022C9094000064B401840010021C018E6
:10632000120106F00DFB03B000BDC0460020115065
:106330006C4600207F22130010B50B400A4200D1AA
:1063400010BDC9095B005B1804485B01C01800233D
:1063500000220349C37006F0F3FAF1E76C4600200F
:10636000FFF7FFFF80220A4B520410B51A60094B59
:1063700009491A6010000B689843FBD18022002164
:1063800052010648FDF738FF0922054B5A6710BD38
:1063900000E0004000F0004008C000400000105045
:1063A00000001150002310B5C3820133828283762E
:1063B0000161040006F074FA002804D080219023C3
:1063C000074A8902D150200006F05AFA002802D06C
:1063D0000123237710BD200006F0A2FAFAE7C04699
:1063E00000201150002070477047C0467047C046DB
:1063F0000020704700207047002070477047C0465B
:106400007047C0467047C0467047C046024B587838
:10641000431E9841C0B27047B83A0020024B18782A
:106420004007C00F7047C046B83A0020F0B5D646C6
:106430004F464646C0B52D4B07009A461B780E00C6
:10644000FF2B4DD100293ED0002154222848FDF7D2
:10645000D3FE0022274C284B20001A70FBF794FF34
:10646000264B1C60264C2000143CFBF7A9FF2000A3
:1064700001F0D0FB234B244D1C60244B002B04D097
:10648000280000E000BF224B1860224A00249146F9
:106490001F4A2B7890460EE043461B6862019B180A
:1064A000002B10D05B68002B0DD0984701342B785F
:1064B000E4B2A34209D3A342EED8E31A5B014B44F2
:1064C0005B68002BF1D100200BE05346310038000F
:1064D0001F70FFF7FDFD0028F5D03800FFF740FEE4
:1064E0000120E0BCBA46B146A846F0BDAC1200207F
:1064F000B83A0020B03A0020F65F00200C3B0020A4
:10650000A4120020103B0020F45F002000000000D7
:10651000883100202CD30010F0B5DE4657464E4699
:106520004546E0B5C94B91B003931B78FF2B00D1D2
:1065300045E1C74BC74E9B465F46C74B0DAC029328
:10654000C64B019335686A69EFF3108172B6136820
:10655000002BFCD0BFF35F8FA9612800210001F060
:1065600089F96A69AB69BFF35F8F0021116083F31A
:106570001088002800D122E16378082BE2D89B0024
:10658000FB589F466368002BDCD0A0689847D9E78A
:106590007F222179B04D0A405300EB189846C80974
:1065A000804440460123303005799D4305710579CB
:1065B00003339D430571002A00D107E14346A84AF1
:1065C0001B7D1278934200D3F7E0A64A5B01156861
:1065D000ED18002D00D1F2E0A36862792078AD6952
:1065E000A847AFE7A04A1378002B00D1E7E0137863
:1065F000013BDBB213701378002BA3D10122964D1F
:1066000001212B78042013432B703423EA5C8A4346
:10661000EA54EA5C8243EA540133EA5C8A43EA546E
:10662000EA5C8243EA54237800209B4600F08AFC0F
:10663000602223791A40602A00D1F2E0402A00D17A
:10664000F8E0DB06DB0E012B00D115E1022B00D1B7
:10665000CBE0002B00D0E4E0202A00D10FE2002A9A
:1066600000D0DEE06379092B00D9DAE07F4A9B0095
:10667000D3589F46784D2B78DB0700D462E7FFF7AD
:10668000C3FE5FE7029BDB78DB0700D45AE7606854
:10669000FFF7ACFE56E7704D2B78DB0700D451E7CF
:1066A00028780007C00FFFF7ADFE4BE723786B4A51
:1066B000994693466A4B6B4A984692463A000025A3
:1066C00047461B78B0464E4691460EE053461B683F
:1066D0006A019B18002B00D17EE0DB6830009847F0
:1066E00001353B78EDB2AB420CD3AB42EED8EB1A9E
:1066F0005B015B44DB683000984701353B78EDB2C5
:10670000AB42F2D2544D542200212800FDF774FD13
:106710001022FF21281DFDF76FFD28002022FF21F8
:10672000143046464F46FDF767FD00F001FC237923
:10673000AB7007E723784B4A9946494B92469846F7
:106740003200BB464E460025474691461B780DE079
:1067500053461B686A019B18002B41D0DB68300050
:10676000984701353B78EDB2AB420ED39D42EFD353
:10677000019AEB1A94465B016344DB68300098474A
:1067800001353B78EDB2AB42F0D2029D542200219C
:106790002800FDF731FD1022FF213548FDF72CFDC3
:1067A00028002022FF2114304E465F46FDF724FDCD
:1067B00000F0BEFBFFF724FEC4E6934213D011B0F5
:1067C000F0BCBB46B246A946A046F0BDA3686279BC
:1067D000207800F0CBFBB5E646464F461E4DA4E7B9
:1067E0004E465F46E4E71D4DF6E67023217A0B42E4
:1067F00017D1C80982460F330B405B0098461848F2
:10680000EB1853441B7D0078834260D215485B012E
:10681000006881469944002A00D14FE14B46002B85
:106820005DD120780021FFF767FD80212078FFF7F8
:1068300063FD87E60F4800F085FB012158460EAA4C
:10684000FFF7D0FD002800D07CE6EAE7AC1200207C
:1068500084D20010103B0020B83A00202CD3001046
:10686000F45F002088310020F65F0020A8D20010DD
:10687000BC3A0020E5630010237A0F2BD1D8D64A0A
:10688000EB181B791278934234D3CAD1D34D68697F
:1068900000F058FB012158466B690EAA9847002862
:1068A00000D04FE66022150023791D401A42B8D16E
:1068B00063790A3B012BB4D800F044FB63790A2BBF
:1068C00000D17FE158460EA900F0C8FA3AE68342AB
:1068D00000D0EEE0C14B9946002A00D1EEE04B46D5
:1068E000586900F02FFB4B46012158465B690EAA00
:1068F0009847A7E7BA4A5B011568ED18002DC6D185
:106900008FE7A37999466B789945DBD06B78002B9C
:1069100000D02AE14B466B70002B00D122E14846A3
:106920000138C0B2FAF762FD002800D174E1437863
:106930000793022B00D06FE10122C179B1468B1180
:10694000491113400A40302112015B0113432A7898
:10695000A8468A4313432B7009239A46824456461D
:10696000BA46C37882781B021343C31805939A4B27
:1069700004939A4B08939A4B09939A4B0A93059B5D
:10698000B34200D84BE1737801220B2B03D133784B
:10699000F278F6187378042B00D03AE1059B0027B3
:1069A0009B1B9BB20693049B0B921D7819E0099ADE
:1069B0007B011568ED18002D00D12AE13100584601
:1069C0002B69069A98478446082803D9069A82427A
:1069D00000D30BE1049B01371D78FFB2BD4200D20A
:1069E00017E1BD42E3D8089B7D1B9C466D016544C1
:1069F000E4E76B780CAA02321370584601230EA903
:106A000000F042FA9EE5E3881A0AD8B20F2A00D9AC
:106A100007E775499300CB589F460EA800F098FAF7
:106A20005846A179FFF7A2FB02222B7813432B7063
:106A300088E5E388012B00D0F3E608222B7858463E
:106A400093430EA92B7000F009FA7BE50220297808
:106A50000CAB9A1C8B068908DB0F01400B4313809B
:106A6000584602230EA900F00FFA6BE5E388012BCC
:106A700000D0D6E608222B7813432B7022E7237A26
:106A80000F2B00D9CDE6544AEB181B7912789342AC
:106A900028D2534A5B011568ED18002D00D1C0E6DD
:106AA000686900F04FFA012158466B690EAA9847B1
:106AB000C8E6002A00D0B4E6002399466279022095
:106AC000130004928343012B11D0002A00D0A8E6C2
:106AD0002B004344534430331B790CAA9B07DB0F34
:106AE0000232BCE7934200D09BE63C4DD8E7E388F6
:106AF000002B12D1039B1878049B012B23D0FFF7A6
:106B0000FBFB43460221EB18534430331A790A4306
:106B100001211A711A790A431A714B46002B00D1D0
:106B200010E5586900F00EFA4B4601215B690EAA88
:106B300058469847002000F005FA3523EB5CDB0748
:106B400000D5FFE4BEE6FFF7F5FB43460221EB1854
:106B5000534430331A798A431A711A7904998A4353
:106B60001A71DAE7FFF74CFCACE600215846FFF754
:106B700007FB5846FFF7AAFB00229246174AAB785C
:106B80000592174A049306922A00134B55469846DD
:106B900092461B780EE0069B6A011B689B18002B2F
:106BA00056D0DB6858469847434601351B78EDB20E
:106BB000AB4239D3AB42EED8059AEB1A94465B014F
:106BC0006344EEE70CAB9A1C584601230EA91570DE
:106BD00000F05AF9B6E4C046F45F00202CD3001050
:106BE00088310020CC3A0020D0D200100B9A012A24
:106BF0004DD0002A3CD00023B07804E00133DBB252
:106C00000F71934234D2C118C9B241440D79FF2D9E
:106C1000F4D04E464546574600236B7001E64E467B
:106C20005746FFF7EBFB4DE655465422002128005E
:106C3000FDF7E2FA1022FF21281DFDF7DDFA2800FA
:106C40002022FF211430FDF7D7FA049BAB7061E6D8
:106C50005546FAE7FFF7CCFB021E00D1E1E5D378F9
:106C600091781B020B4358460EA900F00DF9E9E597
:106C700065463B0031002A000A9800F077FDAC46DB
:106C8000049B66441B78BB4200D378E6C1E7174BF0
:106C900029699942AFD1079AADE7FFF7ABFB021E16
:106CA00000D1BEE5584613780EA900F0EDF8C9E50D
:106CB0002189FAF79FFB021EF4D1B2E5022A0FD018
:106CC000FFF79AFB021ECAD1ABE5FAF78BFB021E57
:106CD00000D1A6E5122358460EA900F0D5F8B1E57B
:106CE000FAF784FB021EBAD19BE5C04691730010EF
:106CF000F8B557464E46DE4645460C00E0B5160050
:106D00001F00002A3CD0702398461E4B00259B464E
:106D10001D4B9A461AE05B461B7820009946534665
:106D2000997800F0E5FC00281CD021004846FFF7C8
:106D300043FA002816D0A378DA09012A19D00A9A52
:106D4000013513702378E418B54219DA6378052BFE
:106D500008D1E3789B079B0FBB4203D14246A3783F
:106D60001A42D8D00020F0BCBB46B246A946A04685
:106D7000F8BD0B9A013513702378E418B542E5DBB2
:106D80000120F0E7AC120020B83A0020702270B564
:106D90008B780C001A4201D0002070BD064B2000F9
:106DA0001D78064B997800F0A3FC0028F4D0210050
:106DB0002800FFF701FAF0E7AC120020B83A0020F3
:106DC0000B007F2010B51840DB0934334000044A23
:106DD000C018044B1168C01800F046FC10BDC04636
:106DE0000C3B0020B83A00200B007F2010B5184063
:106DF000DB0934334000044AC018044B1168C01842
:106E000000F05AFC10BDC0460C3B0020B83A0020F0
:106E100070B57F240F480C4064000419CD09641933
:106E200030342079C00701D5002070BD01262579B6
:106E30000948354300782571FFF74CFA0028F4D152
:106E400001222379934323712379033293432371DE
:106E5000EAE7C046B83A0020AC12002070B5094CF1
:106E60000600082220000D00FDF7CCF90023802148
:106E7000E360A3602B783000994300220023FFF7E2
:106E8000C7FF70BD983A0020F8B5CE4647469046F9
:106E9000254E80B58146082230000D001F00FDF709
:106EA000B1F94346B3600023F381EC79AB79240256
:106EB0001C43231CBC4200D93B1C9FB2B381002C55
:106EC0000DD0002F17D04246002A2BD0402F1BD8C0
:106ED0009FB233787F2B1CD80021144A0FE0802109
:106EE0002B780022994348460023FFF791FFC0BC4E
:106EF000B946B046F8BD7F230022317899433B0064
:106F00004846FFF785FFF2E740239FB233787F2B97
:106F1000E2D9064C3A0041462000FDF773F9802182
:106F20002200ECE70020E2E7983A0020583A0020DF
:106F300010B5142200210248FDF75EF910BDC046CD
:106F4000983A0020014B18617047C046983A0020DB
:106F500010B5054C010008222000FDF753F900236D
:106F6000A360E36010BDC046983A002070B5384C6D
:106F70001D0023780600DA09C9098A4210D00020D2
:106F8000002D00D070BD21003000FFF707F9236904
:106F9000002B03D022000321300098470120F1E7A5
:106FA0007F2B06D8A068002834D02A002949FDF795
:106FB00029F9E289A1685219E38892B24919E2815C
:106FC000A160934214D03F2D12D9A389981A051CB1
:106FD00080B240282AD82078ADB27F2828D8002156
:106FE0009A4232D01B4A2B003000FFF711FFC9E74D
:106FF0002369002B05D02200022130009847002889
:107000000AD0802123780022994330000023FFF723
:10701000FFFEB7E70020B5E700213000FFF76CF96D
:1070200030008021FFF768F90120ABE74025D2E767
:107030009A4207D0074C2A002000FDF7E3F8802190
:107040002200D0E780210022CDE70022CBE7C04616
:10705000983A0020583A002070B50400FFF7D6F99E
:10706000002800D170BDFFF7D9F90028FAD16301DB
:107070001B19DB00124D1B19DB00EE18F1780029FB
:10708000F0D010335D19280000F0DEFB3F28E9D96D
:107090000020F178FFF794FE0028E3D0280000F0EC
:1070A000D3FBF1783F2807D9064BE201D218002024
:1070B0004023FFF7ADFED5E70020FFF795FED1E7AF
:1070C000103200208C31002010B50400FFF79EF92B
:1070D000002801D1002010BDFFF7A0F90028F9D148
:1070E00063011B19DB00044A1B19DB00D21813795A
:1070F00001301840EFE7C046103200200200530173
:1071000010B59B18DB00080003499B18DB00072221
:107110005918FDF777F810BD18320020430110B55B
:107120001B18DB001818034BC000C01800F06EFBE2
:1071300010BDC04620320020F0B58023C64646016F
:107140003418E4002418204FE4001034050000B582
:107150003C195B029A4200D31C4A200092B200F014
:10716000D7FB8046FFF752F9002803D1404680BC88
:10717000B846F0BDFFF752F90028F7D17619F600AE
:107180007619F600BE19F378002BEFD0200000F03E
:107190005BFB3F28EAD90020F178FFF711FE0028B9
:1071A000E4D0200000F050FBF1783F2807D9084BCD
:1071B000EA01D21800204023FFF72AFED6E700207C
:1071C000FFF712FED2E7C04610320020FFFF00009A
:1071D0008C310020F8B50400FFF718F9002801D120
:1071E0000020F8BDFFF71AF90028F9D165012D1923
:1071F000ED002D19ED002E00134F2436F619300046
:1072000000F004FB0028EBD07F190020B978FFF7CD
:10721000D7FD0028E4D00D4DE40165192900402276
:10722000300000F075FBB978041E08D003002A0076
:107230000020FFF7EDFD0028D2D02000D1E700208C
:10724000FFF7D2FDCCE7C04610320020CC31002041
:1072500070B544012418E4000C4B2418E400E41831
:10726000802305005B029A4200D3094A200092B2B3
:1072700000F014FC0600200000F0C8FA3F2801D8F6
:10728000300070BD2800FFF7A5FFF9E73432002079
:10729000FFFF0000F0B500251A4C83B0002120004C
:1072A000194AFCF7A9FF194B21001D70FF236371D8
:1072B000E1235B02A360200008238022A3733831FE
:1072C0000095073BD200103000F06AFA8723DB00FC
:1072D000E1182000012380220093D200243000F026
:1072E0005FFA0B4BE7183800FBF74EF884231B01BD
:1072F000E6183000FBF748F8E5612762266365630E
:1073000003B0F0BD10320020480800000C3200200D
:10731000380800000A4A116B136A00290CD0002BB0
:1073200007D00023D361536313630023136201204A
:10733000704753631363FAE7002BF8D0D161F4E789
:107340001032002070B50F4C052200212000FCF700
:1073500053FF0D4D2B78DA0707D50C4C9B070CD546
:107360000121200000F076FC70BD2000103000F0FC
:1073700051FC2B78054C9B07F2D4200000F04AFC0E
:10738000EEE7C046103200200C32002034320020DC
:10739000F0B54B79060083B0022B02D18B79022B1A
:1073A00003D00025280003B0F0BD204FBB78002B90
:1073B000F7D18B7809253B700C780C196378242B56
:1073C00007D00CE02378E4185D196378ADB2242B64
:1073D00005D19542F6D90020FFF73EFEE2E71A00FC
:1073E000052B15D0042AF6D163790A2BF3D1104B63
:1073F000277801930133009330000223E119023A08
:10740000FFF776FC0028CCD00E35ED19ADB2E2E7DF
:1074100021003000FFF7BAFC0028C2D0A3787B70AF
:1074200023785D19E4186278ADB2DBE710320020F2
:1074300012320020F8B560231400127805001340C2
:107440000020202B07D1304A6379277916781B0258
:107450003B439E4200D0F8BD6378222B1AD007D858
:10746000202B34D0212BF6D101293ED00120F2E788
:10747000232BF0D1012940D00329F7D1234B002B36
:10748000F4D0E178A37809020020194300E000BF9E
:107490000120E0E7012930D00329E7D101252E00A2
:1074A000A378E478023924021C4314712640243264
:1074B0001000714000F0CEFB154B002BD6D06208B7
:1074C000002031002A4000E000BF0120C3E701296D
:1074D0000BD00329CAD10F4B002BC7D00832002094
:1074E000110000E000BF0120B5E7072321002800BC
:1074F000094AFFF7C9FC0120ADE721002800FFF78A
:10750000ADFC0120A7E7C0461032002000000000BB
:10751000000000000000000018320020F0B54F46C7
:107520004646D646C0B5364D8046EA780C001F0068
:107530008A423CD0AB788B4210D00020E0BCBA46E7
:10754000B146A846F0BD2F4B002B04D02E4800F0CA
:1075500073F9002851D00020FFF77EFDAB78A342DD
:1075600001D00120EAE7294B002B02D0002000E0E7
:1075700000BF0020FFF72EFE0028F2D1244C20008F
:1075800000F044F90028ECD1002FEAD0BF06E8D182
:10759000243C4046A178FFF713FC0028E1D00023EB
:1075A00000224046A178FFF733FC0120C6E79AB2DB
:1075B00010239A46174EAA443100504600F06EFA46
:1075C000154B002BBFD06B79FF2BBCD0002FBAD04E
:1075D000F219914603E001364E45B4D06B7932780A
:1075E0009A42F8D1504600F027F90028F3D15346CB
:1075F000103B597900E000BFEDE700E000BFAAE7CB
:1076000010320020000000002032002000000000A6
:10761000343200208C3100200000000000B503004F
:1076200083B0002910D00020012B07D80A78002A47
:1076300004D00C48C2540120012A01D003B000BD7F
:107640001800FEF7F3FEF9E701236A46002001A9BE
:107650009380FEF7EBFE0028F0D00122014B1A7058
:10766000ECE7C046AC3A0020037870B5DB070400B5
:107670000E00DD0F002B17D103785B0701D5280022
:1076800070BD01213000494205F032F92378DB0753
:10769000DD0F002B0AD123785B0708D4042223785E
:1076A00001251343237002E00025E8E700253000A0
:1076B00005F0D6F8E3E7C04670B50C0001210600DE
:1076C0004942200005F014F933785B07DD0F002BE9
:1076D00004DB200005F0C4F8280070BD3378DB0718
:1076E00004D40422337893433370F2E70025F0E7A3
:1076F000437902791B021343C2785B0592075B0D45
:10770000920F022A1DD0032A0CD00020012A08D192
:1077100002394A425141124A9446614499424041D9
:10772000C0B2704702394A1E91410E4A4942114087
:107730008022D20094460020614499424041C0B268
:10774000EFE7022905D0002040229A424041C0B212
:10775000E7E7054A981843425841C0B2E1E7C046FE
:10776000FF03000040FCFFFF00FEFFFF8A1870B51A
:10777000914207D27F264C78052C04D00C78091949
:107780008A42F8D870BD34008D782C40640004190A
:10779000ED0963550C7809198A42ECD8F2E7C04626
:1077A000F0B5C64600B504006846057E80208846D0
:1077B00017001E000002824226D8E068002803D08D
:1077C0000121494205F094F82069002803D00121E5
:1077D000494205F08DF84346236073045B0CED03CA
:1077E0001D430023E0686381A780E5802381002892
:1077F00001D005F035F82069002801D005F030F8F7
:10780000012080BCB846F0BD0020FAE710B504891D
:1078100041898288A3B288B28C4207D31B1A9BB2DB
:10782000101C9A4200D9181C80B210BD5100091AD0
:107830005B189BB2F4E7C04603894089181A43429B
:107840005841C0B27047C04610B50489418982884A
:10785000A3B288B28C4207D31B1A9BB200209A4273
:1078600001D9D21A90B210BD5100091A5B189BB20F
:10787000F4E7C04670B5040000690E00002803D08C
:107880000121494205F034F825896089A288A9B20E
:1078900083B2854232D3CD1AADB2002D28D0AA4290
:1078A00008D291422FD3891A8BB263819A4203D8AE
:1078B0009B1A9BB29A42FBD9E28821685204520C6F
:1078C00053433000C918FCF79DFC63890125591CFE
:1078D00089B2A2888B420DD900215200891A89B23F
:1078E00020696181002801D004F0BAFF280070BD32
:1078F000618989B252009142F2DBEFE75500ED1A3F
:107900004D19ADB2C9E789188BB26381CEE7C04685
:10791000F0B546464F46D646C0B5060000698946D2
:107920009046002803D00121494204F0E1FF31894B
:107930007289B5888BB294B2914254D31F1BBFB2E7
:10794000002F4AD0BD4205D2AB4251D25B199CB246
:107950002F0074814346B8453DD89FB2A54203D855
:10796000641BA4B2A542FBD9F28831685204520CC0
:10797000904662432B1B9BB2891842469F4225D9F1
:1079800053439BB21A0048469A46FCF73BFC4346D9
:1079900048467D1B64195C4331685044A2B2FCF731
:1079A00031FC7189B588CB199BB26A00994216D90E
:1079B0009B1A9BB230697381002801D004F050FFFC
:1079C0003800E0BCBA46B146A846F0BD48467A4306
:1079D000FCF718FCE5E73B1CBFE773899BB26A0024
:1079E0009342E7DBE4E76F003F1BDF19BFB2A7E775
:1079F0005B1B9CB2ACE7C046F8B50400C0680E0043
:107A0000002803D00121494204F072FF2589208912
:107A10006189A288ADB283B28FB2884229D3DB1BC1
:107A20009BB29A4209D8E779FF0906D1E06800289D
:107A300001D004F015FF3800F8BD2B0095421DD38E
:107A40009B1A9BB29342FBD2E28820685204520CEC
:107A500053433100C018FCF7D5FB6B1C9BB2A288C6
:107A60009D4217D9002352009B1A9BB20127238104
:107A7000DCE75100C91B5B189BB2D2E7E2882068A3
:107A80005204520C53433100C018FCF7BBFB0135C4
:107A9000A288ABB252009342E8DBE5E7F0B54E4670
:107AA0005746DE464546E0B589460600170083B0D6
:107AB000002A67D0C068002803D00121494204F0A1
:107AC00017FF3389F2799BB298467389B5889BB2C8
:107AD000D20940D198455ED26A00D31A43449BB282
:107AE000AB425DD2EB1A1A1C9BB2BB4200D93A1CC6
:107AF00097B27B1B9BB20193F3885B045B0C9A46A5
:107B00004346DB199BB29B464446A84503D3641BFE
:107B1000A4B2AC42FBD25346634330682D1BADB2D6
:107B2000C018BD424BD3524649467A43FCF76AFB24
:107B3000B3885B00D84501D89B4503DB5A46D31A6E
:107B40009BB29B465B463D003381F06800281AD00B
:107B500004F086FE17E0F2885204520C9246AF42BF
:107B600020D298454DD34246D21A92B26900781B72
:107B700080B2D21901908A4233DA4346FB189BB295
:107B80009B46C1E70025280003B0F0BCBB46B246C7
:107B9000A946A046F0BD4246D31A9BB2AB42A1D340
:107BA0000025D2E7002DD0D07F1B574398465A19A5
:107BB000002392B2B94493462F000193A4E75346A1
:107BC0005D43ADB22A004946FCF71CFB019B29002E
:107BD000E21853465A43306892B24944FCF712FB0C
:107BE000A6E75A1992B29346D21B92B2904693429C
:107BF0000CD94346591A8BB29846FB189BB29B4648
:107C000082E76900CA1A424492B2B0E7914200DDAD
:107C10007AE7EEE710B50400C068002803D0012120
:107C2000494204F065FE2069002803D00121494241
:107C300004F05EFE0023E06863812381002801D008
:107C400004F00EFE2069002801D004F009FE012096
:107C500010BDC04670B50400C0680D00002803D0F8
:107C60000121494204F044FE2069002803D001218B
:107C7000494204F03DFE7F21E379ED011940E068BF
:107C80002943E171002801D004F0EAFD20690028B1
:107C900001D004F0E5FD012070BDC046014B186025
:107CA0007047C046E03B002010B5034B0A000100BE
:107CB000180002F0C5FF10BD4C3D002010B582B089
:107CC0006B46DC1D00232370044B010022001800CA
:107CD00003F008F8207802B010BDC0464C3D0020EB
:107CE000014B18687047C046E03B002010B582B0D9
:107CF000FFF7F6FF002807D003F0BEFA03000020CC
:107D0000002B10D002B010BD684603F09BFE0F4C54
:107D10006946200003F09CFE002813D02000FFF7E6
:107D2000BDFF2000E8E7FFF7DBFF040003F0C0FA27
:107D3000064B9C4206D1236820005B6B98470020CD
:107D4000FFF7ACFF01204042DCE7C04640180020AE
:107D500010B50248FEF724F910BDC046C0540020FB
:107D600010B508220149FCF74DFA10BDC05400209F
:107D700010B50520FBF75AFB030C64200349584358
:107D8000FBF7C8FD0338FDD210BDC0469A3B00008A
:107D9000184B70B5C4580500002C14D02168002978
:107DA00006D06368A268144803F060F900232360DA
:107DB0000C202056002810DA0D202056002803DA67
:107DC00000220C4BEA5070BD03F08CF90D202056B8
:107DD00003F06CF9FF236373F2E703F083F90C20DF
:107DE000205603F063F9FF230D202373205600284B
:107DF000E6DBE9E74C0800004CD30010F0B5C646BE
:107E000000B53E4C3E4B84B0C450002306212200F6
:107E100001262360013BA3810191123105000091ED
:107E200038482100231D0832029603F05DF800282F
:107E30005DD0636834485A1D1203DB011A43334B8B
:107E400001681A4030238B43314990460B60036828
:107E5000300098430860802120682E4B4904C318E5
:107E60001960A16880224B005B18DB00C3181F005B
:107E70009202C8373A60C0229202BA6042467A60E3
:107E8000254ADC331A601D220123009602F0D2FF3E
:107E9000224B21689C466144090D06311820C9B265
:107EA000F9F77CFD012200211820F9F791FD01214D
:107EB0001820F9F7C5FDA16823684A005218D200BE
:107EC0009B18174AD8331A60002003F0F9F8207382
:107ED000002003F0F5F8237B40B2607318430437A9
:107EE000000604D4002004B080BCB846F0BD2800D1
:107EF000FFF74EFF06204042F5E7C046FC3C00205D
:107F00004C0800004CD3001078C00140FFFFFF9FD9
:107F100078D001403820000018771C240000E0AF22
:107F200001E00000F0B54546DE4657464E46E0B556
:107F300087B0150098460291002900D12FE19B4B94
:107F4000C4589B4B21689C466144090D063118209A
:107F5000C9B2F9F723FD964B21689C466144090D8F
:107F600006311D20C9B2F9F719FD012200211D209B
:107F7000F9F72EFDD02380221B0692049A61434616
:107F80002068A168002B00D12AE1029B002B00D1C0
:107F900002E101273A00CC268A40B44603689343A5
:107FA0000360636899464B005B18DB00C218944479
:107FB00062461268C31892464A4605321603039673
:107FC0007C4EB34656465A4616403200039E164330
:107FD00032004E46F601324366463260764A3E0033
:107FE00094468022634412061A601A60802200239D
:107FF00052040092019302F0C7FE3900A368206882
:108000001A1D914094468022920182181160190035
:1080100008318E4099001660EA004118013A0A6161
:108020005A00D218D200654E8218D8321660109EBF
:10803000761BF600B14601267642B246D1444E4642
:108040000E611F265E4911606168314011600C218C
:108050006156A0268F405B4AF605B7508A0116008C
:10806000B1460592584A80274A4499461300029E19
:108070007F041A683A42FCD10D2201270296A256CB
:108080004B469740B9469346A0224E464D4FD205E7
:10809000D651A026F605B1464B4E5A46B24692013D
:1080A0008027914452449A461300029E7F041A6826
:1080B0003A42FCD153460296444EC9023140A026B2
:1080C0003B4AF6058218120DD20004929A18D20388
:1080D00011433F4AB2460A4311006246059F029E81
:1080E0009200574403923E60039EAA0886197E6060
:1080F000BA60F960049F3549BA465F46E244564685
:10810000FF020F40F60310993E43324F37438E086B
:10811000B21A4E460399103141183160414649194F
:108120007160B26001229A401300F76001680B434E
:1081300003600C22284B80219C46A25649049201E0
:10814000624413680B42FCD10D22234B80219C46D4
:10815000A25649049201624413680B42FCD10021EB
:108160002A004046FCF748F82068A1684B005B18DD
:10817000DB00C018194BD83003608022D023920452
:108180001B065A61FFF7F4FD002007B0F0BCBB46A8
:10819000B246A946A046F0BD43460293F9E64346DF
:1081A000002B00D0CBE605204042EEE74C08000053
:1081B0000000E0AF7F00FEFFD01000002060000054
:1081C00040600000440400000C000050FD7F00FFF0
:1081D00019004000290040001000005003A00000DA
:1081E000029B002BC2D001273A00CC268A40B4461D
:1081F0000368544E934303606368B34699464B004B
:108200005B18DB00C218944462461268C318924699
:108210004A4601321203039256465A46164032002D
:10822000039E164332004E46F601324366463260E4
:10823000454A3E0094468022634412061A601A6042
:108240008022002352040092019302F09DFD3A0027
:10825000A0682168031D9A409C4680239B01CB188F
:108260001A6002000832964082001E60EB008A18F5
:10827000013B136143001B18DB00344ECB18D8338D
:108280001E60464616611F26314A89461A6062689A
:1082900032401A600C23E3562E4A9F409846A02392
:1082A000DB059F5043469B019B462B4BA02780221A
:1082B0005B441900FF05029E5F4452040B681342A1
:1082C000FCD14246D2029046244A49469146B246E3
:1082D00042464E46224B3240CB181B0DDB001B188A
:1082E000DB0313431F4AAD081A4353463B60634602
:1082F0009B00CB187B6001238340BD60FA600D6852
:10830000194A2B430B6080215A44490413680B42DD
:10831000FCD10122A368216818339A408A608B68D7
:108320001A42FCD00122A16820688A400368934366
:108330000360002318220093013302F07BFD2068C4
:10834000A16813E77F00FEFFD0100000206000004E
:1083500040600000440400000C000050FD7F00FF5E
:108360000000E0AF190040001000005010B51720C9
:10837000F9F7F4FBD024802324061B0400220121FA
:1083800063621720F9F724FB1820F9F7E7FB802335
:108390005B0463621920A361F9F7E0FB80239B046F
:1083A0006362636110BDC04670B5D0248025240689
:1083B0002D04A561142002F0F7FF6561FA2002F098
:1083C000F3FF1820F9F7CAFB80235B04A36270BD9A
:1083D000002300B585B003930C4BD2021A4008234A
:1083E000090711430A4A00930A4302AB52BA00211B
:1083F00002920422FFF796FD002803D1039840BAA9
:1084000005B000BD05204042FAE7C04600F8FF0F66
:108410000400004010B5134BD2021A400B071A4358
:10842000114B8AB013434C1E0493634263411B01FA
:10843000083300930422002104ABFFF773FD0028EA
:108440000CD1631E9C4103230822614299430531EC
:1084500002AB89009B1858580AB010BD0520404255
:10846000FAE7C04600F8FF0F0400004010B5134BB8
:10847000D2021A400B071A43114B8AB013434C1E09
:108480000493634263411B010833009304220021DB
:1084900004ABFFF747FD00280CD1631E9C4103236A
:1084A000082261429943053102AB89009B18585854
:1084B0000AB010BD05204042FAE7C04600F8FF0FA1
:1084C0000200004010B5134BD2021A400B071A43AA
:1084D000114B8AB013434C1E0493634263411B014A
:1084E000083300930422002104ABFFF71BFD002892
:1084F0000CD1631E9C41032308226142994305313C
:1085000002AB89009B1858580AB010BD05204042A4
:10851000FAE7C04600F8FF0F01000040F0B55BBA73
:10852000DE4657464E464546E0B5734CD2022240E1
:1085300009071143714A85B00A430393704B02A99E
:10854000C458704B8A4652BA9C4621681820614430
:10855000090D0631C9B20292F9F720FA694B216878
:108560009C466144090D06311D20C9B2F9F716FA7F
:10857000012200211D20F9F72BFAD02380220127A8
:108580001B0692049A613A00A16820688A40036839
:108590006568934303604B005B18DB00C618CC365C
:1085A00032689C4690466A1C1303574A9B46914684
:1085B00042464B461A4013005A46ED011A432A43DD
:1085C0003260524A634694468022C31863441206BE
:1085D0001A601A608022002352040092019302F074
:1085E000D3FB3A00A0682168031D9A409946802376
:1085F0009B01CB181A6002003D00083295401D60B7
:108600003F2382008A18136143001B18DB00404D92
:10861000CB18D8331D60002515613E4A1F351A60FE
:10862000626880262A401A600C23E3563A4A9F402B
:108630009C46A023DB059F5063469A01A023DB05DF
:10864000D718364B7604D5182B683342FCD16546D3
:10865000ED02AC46324D2B4BA84665464646CB183C
:108660001B0DDB001B183540DB032B432D4D2B432B
:1086700055463D604D46AE0002258E197E60BD60B8
:10868000FB60012383400D682B430B60264B802148
:108690009C464904624413680B42FCD10122A36842
:1086A000216818339A408A608B681342FCD00122FB
:1086B000A16820688A40036893430360002318225E
:1086C0000093013302F0B6FBA16823684A005218F8
:1086D000D2009B18154AD8331A60D02380221B067B
:1086E00092045A61FFF744FB002005B0F0BCBB4682
:1086F000B246A946A046F0BD00F8FF0F040000C036
:108700004C0800000000E0AF7F00FEFFD01000002A
:108710002060000040600000440400000C00005095
:10872000FD7F00FF190040001000005003A0000072
:10873000F0B5DE4657464E464546E0B585B002AC3C
:10874000A246724CD202224009070A43704901270F
:108750000A430292524653606E4BC4586E4B2168D6
:108760009C466144090D06311820C9B2F9F716F983
:10877000694B21689C466144090D06311D20C9B230
:10878000F9F70CF9012200211D20F9F721F9D02376
:1087900080221B0692049A613A00A16820688A40F0
:1087A00003686568934303604B005B18DB00C618E1
:1087B000CC3632689C4690466A1C1303574A9B4647
:1087C000914642464B461A4013005A46ED011A4361
:1087D0002A433260524A634694468022C318634457
:1087E00012061A601A60802200235204009201933C
:1087F00002F0CAFA3A00A0682168031D9A4099461F
:1088000080239B01CB181A6002003D00083295407E
:108810001D603F2382008A18136143001B18DB0090
:10882000404DCB18D8331D60002515613E4A1F35D9
:108830001A60626880262A401A600C23E3563B4A7D
:108840009F409C46A023DB059F5063469A01A023CE
:10885000DB05D718364B7604D5182B683342FCD18C
:108860006546ED02AC46334D2B4BA8466546464661
:10887000CB181B0DDB001B183540DB032B432E4DA3
:108880002B4355463D604D46AE0002258E197E6055
:10889000BD60FB60012383400D682B430B60274BB9
:1088A00080219C464904624413680B42FCD101229A
:1088B000A368216818339A408A608B681342FCD001
:1088C0000122A16820688A40036893430360002363
:1088D00018220093013302F0ADFAA16823684A0020
:1088E0005218D2009B18164AD8331A60D02380221F
:1088F0001B0692045A61FFF73BFA002005B0F0BC5A
:10890000BB46B246A946A046F0BDC04600F8FF0FE0
:10891000040000C04C0800000000E0AF7F00FEFF34
:10892000D0100000206000004060000044040000FF
:108930000C000050FD7F00FF1900400010000050A7
:1089400003A00000F0B5DE4657464E464546E0B56A
:1089500085B002ACA246724CD202224009070A43FB
:10896000704901270A430292524653606E4BC45825
:108970006E4B21689C466144090D06311820C9B22E
:10898000F9F70CF8694B21689C466144090D0631E2
:108990001D20C9B2F9F702F8012200211D20F9F7C4
:1089A00017F8D02380221B0692049A613A00A1682E
:1089B00020688A4003686568934303604B005B1836
:1089C000DB00C618CC3632689C4690466A1C1303FE
:1089D000574A9B46914642464B461A4013005A4618
:1089E000ED011A432A433260524A6346944680227C
:1089F000C318634412061A601A60802200235204CE
:108A00000092019302F0C0F93A00A0682168031DAA
:108A10009A40994680239B01CB181A6002003D00C2
:108A2000083295401D603F2382008A18136143007D
:108A30001B18DB00404DCB18D8331D600025156195
:108A40003E4A1F351A60626880262A401A600C234D
:108A5000E3563B4A9F409C46A023DB059F5063465C
:108A60009A01A023DB05D718364B7604D5182B685E
:108A70003342FCD16546ED02AC46334D2B4BA84644
:108A800065464646CB181B0DDB001B183540DB0343
:108A90002B432E4D2B4355463D604D46AE000225DF
:108AA0008E197E60BD60FB60012383400D682B43FF
:108AB0000B60274B80219C464904624413680B429B
:108AC000FCD10122A368216818339A408A608B6820
:108AD0001342FCD00122A16820688A4003689343B6
:108AE0000360002318220093013302F0A3F9A16868
:108AF00023684A005218D2009B18164AD8331A60CD
:108B0000D02380221B0692045A61FFF731F900201E
:108B100005B0F0BCBB46B246A946A046F0BDC04673
:108B200000F8FF0F020000C04C0800000000E0AF9A
:108B30007F00FEFFD01000002060000040600000B9
:108B4000440400000C000050FD7F00FF19004000AD
:108B50001000005003A00000F0B5DE4657464E4618
:108B60004546E0B585B002ACA246724CD202224026
:108B700009070A43704901270A430292524653608B
:108B80006E4BC4586E4B21689C466144090D0631FA
:108B90001820C9B2F8F702FF694B21689C4661446E
:108BA000090D06311D20C9B2F8F7F8FE0122002197
:108BB0001D20F8F70DFFD02380221B0692049A6136
:108BC0003A00A16820688A4003686568934303609F
:108BD0004B005B18DB00C618CC3632689C469046CA
:108BE0006A1C1303574A9B46914642464B461A401D
:108BF00013005A46ED011A432A433260524A634633
:108C000094468022C318634412061A601A608022B8
:108C1000002352040092019302F0B6F83A00A068D3
:108C20002168031D9A40994680239B01CB181A6046
:108C300002003D00083295401D603F2382008A18E3
:108C4000136143001B18DB00404DCB18D8331D6067
:108C5000002515613E4A1F351A60626880262A4049
:108C60001A600C23E3563B4A9F409C46A023DB0539
:108C70009F5063469A01A023DB05D718364B760434
:108C8000D5182B683342FCD16546ED02AC46334D16
:108C90002B4BA84665464646CB181B0DDB001B1820
:108CA0003540DB032B432E4D2B4355463D604D464F
:108CB000AE0002258E197E60BD60FB6001238340FB
:108CC0000D682B430B60274B80219C46490462446E
:108CD00013680B42FCD10122A368216818339A4023
:108CE0008A608B681342FCD00122A16820688A4008
:108CF000036893430360002318220093013302F0BA
:108D000099F8A16823684A005218D2009B18164AA5
:108D1000D8331A60D02380221B0692045A61FFF7D1
:108D200027F8002005B0F0BCBB46B246A946A046D5
:108D3000F0BDC04600F8FF0F010000C04C08000065
:108D40000000E0AF7F00FEFFD010000020600000B8
:108D500040600000440400000C000050FD7F00FF54
:108D6000190040001000005003A00000F0B5DE1C08
:108D70001D000323040083B09E43012924D0242333
:108D80000420164FD2023A4009072A430A438021A1
:108D90000430C90580000A432018043642600021CF
:108DA000009604222000E318FFF7BCF8061E0FD13E
:108DB0002100089B2831994203D02A001800FBF7B4
:108DC00021FA300003B0F0BD002010361133D8E78F
:108DD000052103484942FDF7D7F8F2E700F8FF0FF5
:108DE000F0CB0010F0B557464E464546DE46E0B59E
:108DF0000F0003218BB002921A0003338B4306004D
:108E00009846022F22D0029B27493F07DB020B40E6
:108E100017431F43C023300044461B0614993B43AD
:108E2000283004347362884201D0FBF7EBF931003B
:108E300000232200300024310093FFF773F80BB0B9
:108E4000F0BCBB46B246A946A046F0BD174B184C35
:108E50009A460823994618339B46434604AD9046EC
:108E6000039305E05A466B681A4218D1013C10D3AF
:108E700053462B604B460422009300212B00300008
:108E8000FFF750F80028EDD0039B42469846002C8F
:108E9000B9D10848FCF7F4FF06204042CFE7039B16
:108EA00042469846F3E7C04600F8FF0F04400040F2
:108EB000E703000024CE0010836870B5CC0B0500DA
:108EC000E403A3420DD0802263405204934219D29E
:108ED000FF22120413420CD1FF221202134201D1CD
:108EE000AC6070BD012128000A4A230AFFF734FE56
:108EF000F6E7230C01212800074AFFF72DFEAB6897
:108F00006340E9E7230E0121044AFFF725FEAB6821
:108F10006340DDE70A0001000B0001000C000100C6
:108F2000F0B5C646033083089C4600B58E1E002B64
:108F30001BD0013B072B57D933000B435B0753D1A1
:108F4000C008C40032000B00A0460F1930CB30C25D
:108F5000BB42FBD14000844507D04346CA5ACB18D8
:108F60005B881B0413434246B35073885BBA73801B
:108F70008B1C1A6813BA73608B1D186803BAB36030
:108F80000B000A331B681BBAF3608A23DB059A4285
:108F900003D0300080BCB846F0BD80231B0598424A
:108FA000F7D10B000A000D00B232AE3310681B88F7
:108FB0002E352A691C18944222D83A31C91808184B
:108FC000814246D20027002404E0DD2A1CD0C918C3
:108FD00088422CD94B780233CA189042F7D30A78CA
:108FE000302AF2D10C00F2E76346320098003018C4
:108FF000938854881B04234308C28242F8D1B4E703
:1090000001235B42B360C4E78A1C90468A78002A39
:10901000DDD142465278502AD9D142469278F22A7E
:10902000D5D14246D278012AD1D10F00CFE7631EB5
:109030009C41A400002F01D002221443AA8BD20627
:1090400001D5012214438422B15CB1520432B454DC
:109050009FE70024F2E7C046F0B5C6460E000500C3
:109060000B0000B501211A4AFFF776FD33000121FC
:109070002800174AFFF770FD002E25D00323032791
:10908000984640240BE0012002F08EF9013C3300A9
:10909000012128000E4AFFF75FFD002C0FD00121AF
:1090A00028000B4AFFF70EFA0028ECDB3A000240DA
:1090B0004245E8D1FF28E6D080BCB846F0BD31007B
:1090C0000448FCF761FFF7E7002301279846D8E73B
:1090D0001F0001000CCC0010F0B5D6464F464646A6
:1090E000C0B5C37C05000F00924682B0002B05D1AD
:1090F000006801F091FC012800D097E0280001F001
:1091000091FCAB7C002B05D101212800FFF7A4FFC7
:109110000123AB74EB7C002B00D16EE0FA24A40099
:1091200003E0013C002C00D180E00822002128004F
:10913000FFF770F9431CF4D0C30500D4BFE0C02290
:1091400003035B0D591ED200914200D3B1E08007AA
:1091500000D5AEE02C002834002202212800009423
:10916000FFF704FE00283BD1298D6A8D0B001343C5
:1091700000D1A4E00123EB74604B9C460B005340EC
:10918000634500D0A1E0D24392B2914200D099E071
:109190000B2900D8A0E0237AAB730F236279134028
:1091A000022B23D8627A944666466A7BB21AD2B200
:1091B000142A3ED90C291DD0012B3CD0022B60D0A3
:1091C0001B2900D894E0E3792D8AE3185A89954247
:1091D00000D08AE0524610331C1B0C1B3C6013600D
:1091E00002B0E0BCBA46B146A846F0BD0B204042F2
:1091F0000C29F5D104204042F2E704220021280086
:10920000FFF734F983B298463D4B040099461B881A
:10921000434502D0862303422DD14346002B42D141
:109220004B4642461A80A40600D577E7012040420B
:10923000D6E76E73BEE710295DD9E379E318DA78D3
:10924000920004329B181A7B1C1B091B882A46D1EA
:109250005A7B6C2A43D1DA7C002A3AD11A7D102A33
:1092600037D15A7D182A34D152461839183339600B
:1092700001201360B4E70104090C2248FCF784FEC6
:10928000CBE710292ED9E2790220A218D3789B00CF
:109290000433D31892781C1BD2070C1B144352467C
:1092A0003C6013609CE7042200212800FFF74AFB82
:1092B000B6E7012301212800134AFFF74DFC0023E4
:1092C000EB74B3E7022040428AE71048FCF75CFEEB
:1092D000ACE70A20404283E70320404280E70920B0
:1092E00040427DE7072040427AE70620404277E788
:1092F0000520404274E70820404271E7FFFF00006C
:10930000F25F002030CC00100D0001005CCC00109A
:10931000F0B5DE46574645464E460400E0B585B0FA
:109320009A468846934601F07DFBA37C002B05D12D
:1093300001212000FFF790FE0123A374A37B002BE3
:1093400024D02F4F2F4EBB6A99460EE0A17B0029F7
:1093500003D1237B627B9A421CD14B46ED1AB54266
:1093600045D8FA20800001F0F1FF200003AA02A9ED
:10937000BD6AFFF7B1FE0128E8D103990298FFF713
:10938000CFFD0100200001F053FBDFE7237B627B70
:109390009A42D6D05A4651460C3292B20A80D243F3
:1093A0000B714A80524641465171002251468A71E2
:1093B00041468E1E711E8E41012176428E435146DA
:1093C00001330E360A814A81CE7123735B46033224
:1093D0000F3393430091002202212000FFF702FD8A
:1093E00005B0F0BCBB46B246A946A046F0BD637BC3
:1093F000227B0548FCF7C8FD02204042F0E7C0464A
:109400000040054040420F0088CC0010F0B55746A0
:109410004E464546DE46E0B5294E9246B76A984626
:10942000284AB36A0500894683B0DB1B93422ED8D5
:10943000254B9B4610E0022820D0002803DB0100CA
:109440005846FCF7A1FDFA20800001F07FFFB36AC7
:109450001C4ADB1B93421AD86946280001AAFFF771
:109460003BFE041E23D00128E5D101990098FFF7A7
:1094700057FD0100280001F0DBFAE4E70099019BA9
:109480004A0028685208C90F01F0BEFFDBE74346D7
:109490005246494602240D48FCF776FD64422000FE
:1094A00003B0F0BCBB46B246A946A046F0BD009A48
:1094B000424500D9424601990C9802F07FFFEEE741
:1094C000004005403F420F00ACCC0010D8CC00104B
:1094D000F0B5CE46474680B5060083B004000800CC
:1094E0001700894603F02AF8431C984644360500C5
:1094F0001A0049463000FAF785FE4346F2183B0A47
:10950000177053703B0C3F0E9370D7702A00802366
:1095100021326F1D1B019A4220D80822238AFF3274
:1095200001339BB290466263063AFF3A23821B04E2
:109530001343E36300232A00236423000021200057
:10954000A76315322833FFF7E3FE002806D13B005E
:109550004246022120000096FFF758FF03B0C0BC2E
:10956000B946B046F0BDC046F0B5CE46474680B5D8
:10957000060083B00400080099468846170002F0F0
:10958000DDFF4436451C3A004946701902F016FFCB
:109590002A0041463000ED19FAF734FE2A008023F4
:1095A0001C321B019A4220D8218A0A9B013189B2C0
:1095B0001B032182090419430223194300230827AE
:1095C00023642300FF37E163200000216763A56364
:1095D00028330C3AFFF79CFE002806D12B003A00F6
:1095E000022120000096FFF711FF03B0C0BCB9466E
:1095F000B046F0BD836870B5CE0B04000D00F603D5
:109600009E420DD0802273405204934239D2FF22F1
:10961000120413422CD1FF221202134221D1A66060
:1096200080226D046D0C12022A4301212000FEF7F6
:1096300049FFC025A36806006D05AB420FD080220C
:109640006B405204934238D2FF221204134228D1B5
:10965000FF22120213421CD1C0235B05A36030001D
:1096600070BD01212000194A330AFFF775FAD6E7C9
:10967000330C01212000164AFFF76EFAA3687340ED
:10968000C9E7330E0121134AFFF766FAA368734056
:10969000BDE7C023012120000C4A5B03FFF75CFA01
:1096A000DAE7C0230A4A5B0101212000FFF754FAE0
:1096B000C023A2685B055340CAE71823012120009C
:1096C000044AFFF749FAA3686B40BDE70A000100AE
:1096D0000B0001000C000100F0B5C646CE0B0D00DA
:1096E0008168040090461F0000B5F6038E420DD03D
:1096F000802371405B04994266D2FF231B04194208
:1097000059D1FF231B02194225D1A660802243466E
:109710006D046D0C12022A43012B23D03B00012162
:109720002000FFF705F8C025A3686D05AB420FD0F8
:1097300080226B40520493421AD2FF221204134239
:1097400022D1FF22120213422DD1C0235B05A36058
:1097500080BCB846F0BD012120001F4A330AFFF744
:10976000FBF9D2E73B0001212000FFF7F5F9DAE72A
:1097700018231A4A01212000FFF7EEF9FF22A368FF
:1097800012046B401342DCD0C023154A5B01012157
:109790002000FFF7E1F9C023A2685B055340FF22D8
:1097A00012021342D1D0C023012120000A4A5B03D8
:1097B000FFF7D2F9C9E701212000094A330CFFF76E
:1097C000CBF9A16871409CE70121044A330EFFF7F1
:1097D000C3F9A168714090E70A0001000C00010084
:1097E0000B000100F8B5CE46474604000D0080B5D9
:1097F000012900D1E4E1D74BC82798463F02C02693
:1098000041462000FFF758FB3A0001212000FEF7F7
:1098100059FEA3687605B34212D0802273405204E9
:10982000934200D3E7E0FF221204134200D0EFE09E
:10983000FF221202134200D0FAE0C0235B05A360AE
:1098400041462000FFF738FB3A0001212000FEF7D7
:1098500039FEC022A368520506009146934212D0F9
:10986000534080225204934200D39EE1FF2212040F
:10987000134200D08DE1FF221202134200D080E19A
:10988000C0235B05A360F60700D4A1E1012D00D140
:109890009BE1B14DB14E31002000FFF70DFB0323DA
:1098A0002A0001212000FFF757F9C022A3685205C2
:1098B0009146934212D0534080225204934200D3E7
:1098C00054E1FF221204134200D037E1FF221202BA
:1098D000134200D02AE1C0235B05A36031002000C1
:1098E000FFF7EAFA2A0001212000FEF7EBFDC02273
:1098F000A36852059146934212D0534080225204ED
:10990000934200D307E1FF221204134200D0F6E095
:10991000FF221202134200D0E9E0C0235B05A360DE
:1099200041462000FFF7C8FA3A00C0270023012172
:109930002000FFF711F9A3687F05BB4212D08022F7
:109940007B405204934200D3C8E0FF22120413422A
:1099500000D0B7E0FF221202134200D0AAE0C023D9
:109960005B05A360C027012001F01EFD310020002F
:10997000FFF7A2FA01232A0001212000FFF7ECF8EB
:10998000A3687F05BB4211D080227B4052049342E2
:1099900000D386E0FF221204134200D075E0FF22BC
:1099A0001202134269D1C0235B05A360310020007D
:1099B000FFF782FA2A00C02501212000FEF782FD70
:1099C000A3686D05AB420FD080226B4052049342D6
:1099D0004AD2FF22120413423AD1FF22120213424A
:1099E0002ED1C0235B05A360012001F0DDFCC0BCCB
:1099F000B946B046F8BD1823594A01212000FFF7A7
:109A0000ABF8FF22A36812047340134200D10FE7A2
:109A1000C023544A5B0101212000FFF79DF8C023B9
:109A2000A2685B055340FF221202134200D104E7F3
:109A3000C023012120004C4A5B03FFF78DF8FCE6B0
:109A4000C02301212000484A5B03FFF785F8C8E7DF
:109A5000C023444A5B0101212000FFF77DF8C023A9
:109A6000A2685B055340B8E71823012120003C4A57
:109A7000FFF772F8A3686B40ABE7C0230121200019
:109A8000394A5B03FFF768F88DE7C023354A5B016D
:109A900001212000FFF760F8C023A2685B05534056
:109AA0007DE71823012120002D4AFFF755F8A36810
:109AB0007B406FE7C023012120002B4A5B03FFF7A7
:109AC0004BF84CE7C023274A5B0101212000FFF738
:109AD00043F8C023A2685B0553403BE718230121EC
:109AE00020001F4AFFF738F8A3687B402DE7C0230A
:109AF000012120001C4A5B03FFF72EF80DE7C0236D
:109B0000184A5B0101212000FFF726F8C023A26854
:109B10005B055340FCE61823114A01212000FFF7A2
:109B20001BF84A46A3685A401300ECE6C023012103
:109B300020000D4A5B03FFF70FF8CCE6C023094A6B
:109B40005B0101212000FFF707F8C023A2685B0535
:109B50005340BBE60048101808C400000844101821
:109B60000C0001000B0001000A00010018231A4A32
:109B700001212000FEF7F0FF4A46A3685A40130077
:109B80009FE6C02301212000144A5B03FEF7E4FF97
:109B900076E6C023124A5B0101212000FEF7DCFFBC
:109BA000C023A2685B05534065E618230A4A0121D9
:109BB0002000FEF7D1FF4A46A3685A40130055E63D
:109BC000B827084B3F02984619E6074D074E62E654
:109BD0000748FCF755F959E60C0001000A0001009E
:109BE0000B0001000038101808B4000008341018E9
:109BF00000CD00108022002352008281034A0160C0
:109C000083608373036183507047C0464C08000033
:109C100010B5FEF7BDF810BD10B5040082B069465E
:109C2000200001AAFFF758FA431C14D0031DF6D0F8
:109C3000012812D00228F2D10099019B4A00206825
:109C40005208C90F01F0E0FB6946200001AAFFF7A6
:109C500043FA431CEAD102B010BD01990098FFF706
:109C60005FF90100200000F0E3FED8E7F0B502271D
:109C7000C64698464B001F40802300B516001C3294
:109C8000040082B04D081B019A422BD83304008A8D
:109C90001B0CA363089B013080B21B0320823B4353
:109CA00000040343E36320000023320041462364A1
:109CB0006563443002F082FB230032000021200063
:109CC00028331032FFF724FB002807D143462A002F
:109CD0000093390033002000FFF798FB02B080BCEE
:109CE000B846F0BD05204042F8E7C04610B5040074
:109CF000002909D0837C002B00D110BD0023002156
:109D00008374FFF7A9F9F8E700F08CFEA37C002B21
:109D1000F3D101212000FFF79FF90123A374ECE7A1
:109D2000F0B5C6460700040000B54437142282B0DF
:109D30000E0038001749FAF765FA238A83220133A7
:109D40009BB223821B04E36300232364230052009D
:109D500062639046F23AA263002120002833103259
:109D6000FFF7D6FA051E0DD114234246002120002C
:109D70000097FFF74BFB051E09D106223900300082
:109D8000FAF740FA280002B080BCB846F0BD0225C0
:109D90006D42F7E734460410F0B55746DE464E46AE
:109DA0004546E0B5B14B89B09B6A040043600F00A3
:109DB000FEF724F8002812D1FEF7D8FA0A25FEF79C
:109DC000F3FAAB4E142200212000FEF701FBB04253
:109DD00012D00120013D01F0E7FA002DF2D1A54893
:109DE000FCF74EF806256D42280009B0F0BCBB46D2
:109DF000B246A946A046F0BD0022002120009E4B9D
:109E0000FEF78CFB0028EAD1002200212000FEF79B
:109E100001FB10231D2200212000FEF79DFE0028DB
:109E2000DDD19923042200212000FEF795FE0028B1
:109E3000D5D1BE23062200212000FEF783FD002895
:109E4000CDD10823012120008C4AFEF785FE0A258A
:109E5000402601212000894AFEF734FB064209D141
:109E60000120013D01F0A0FA002DF2D18448FCF759
:109E700007F8B7E70023814A01212000FEF76CFEB6
:109E800020008049FFF718F8B822C02501212000E2
:109E90001202FEF717FBA3686D05AB4212D08022B9
:109EA0006B405204934200D3E4E2FF2212041342B7
:109EB00000D0D3E2FF221202134200D0C6E2C02338
:109EC0005B05A36020006F49FEF7F6FFB822012171
:109ED00020001202FEF7F6FAC026A36805007605F8
:109EE000B34212D0802273405204934200D3A4E2C2
:109EF000FF221204134200D093E2FF221202134207
:109F000000D086E2C0235B05A360ED0700D497E391
:109F100020005D49FEF7D0FFC822C02501212000A6
:109F20001202FEF7CFFAA3686D05AB4212D0802271
:109F30006B405204934200D3EFE2FF22120413421B
:109F400000D0DEE2FF221202134200D0D1E2C02391
:109F50005B05A36020004C49FEF7AEFFC82201213B
:109F600020001202FEF7AEFAC026A36805007605AF
:109F7000B34212D0802273405204934200D3AFE226
:109F8000FF221204134200D0D8E2FF221202134231
:109F900000D0CBE2C0235B05A360ED0700D453E300
:109FA00002212000FFF71EFC032304222000374972
:109FB000FFF792FB0023042220003549FFF78CFBBA
:109FC000344B354A9A46354B53449A5A9146FA22B5
:109FD0005200914500DBC7E0314A9B5C002B00D06A
:109FE000C2E04B46502B00DCBEE03A002D4B2E4E1B
:109FF0004F46A04650251C009146564403E00135CB
:10A00000AF4200DCB0E009222100701B02F038FAF8
:10A010000028F4D140235B4253449B4680231B021B
:10A020004F469946214B444600269846350020006D
:10A030002900FEF741FF4B466A04520C1A435B4667
:10A0400040369B190093012140232000FEF7CAFEF1
:10A05000002800D0D3E14645E8D1154BBB469946D0
:10A060000023270003901C0043E0C0460040054049
:10A07000ADBEEDFE70CD0010B30402000E00010075
:10A08000C4CD0010003810180048101810400018F7
:10A090004440001860D300100E0300009E680300C7
:10A0A0000D03000090CD0010AB6B0300C06B0300EC
:10A0B00038430410FF22120413423FD1FF22120240
:10A0C000134249D1F023DB02BB604B468022760469
:10A0D0001B19403B760C1202009301212B00380023
:10A0E0003243FEF77FFE002842D1C0239B009C42F2
:10A0F0003ED0BA252600AD0040341723A542AD411D
:10A100009D43E14BF0229C46BB68D202904640350D
:10A1100066449342D9D05340802252049342C9D31B
:10A120000023DA4A01213800FEF716FD4246BB68DB
:10A130005A401300FF2212041342BFD00723D44A0F
:10A1400001213800FEF708FDF023BA68DB02534016
:10A15000FF2212021342B5D0F02301213800CD4A6C
:10A16000DB00FEF7F9FCADE7CB48FBF789FE39E6EB
:10A170003C00CA4B04222000C949039DFFF7ACFAFA
:10A1800001212000FFF72EFB2000C649FFF732FA1D
:10A1900003235F460340012B00D032E12000C24977
:10A1A000FFF728FAC00700D52FE1FA268023B60072
:10A1B000984606E00120013E01F0F6F8002E00D19D
:10A1C00034E201212000B94AFEF77CF943460342FC
:10A1D000F0D0F02304222000B549FFF77DFA2023B8
:10A1E00001212000B34AFEF7B7FCFA262023B6006F
:10A1F000984606E00120013E01F0D6F8002E00D17D
:10A2000019E2082200212000FEF704F94346034228
:10A21000F0D00121A84A2000FEF754F90222C3B26F
:10A2200013430121A44A2000FEF796FC0823F022E4
:10A2300000212000FEF790FC022301219B4A200010
:10A24000FEF78AFC012120009C4AFEF73BF9C30778
:10A2500000D483E10F230121994A2000FEF77CFC02
:10A2600000230121964A2000FEF776FC0121944A42
:10A270002000FEF727F9042200212000FEF7F6F85F
:10A28000C30700D573E1C026A3687605B34212D098
:10A29000802273405204934200D3BEE1FF22120495
:10A2A000134200D0ADE1FF221202134200D0A0E120
:10A2B000C0235B05A360C02601212000814AFEF770
:10A2C000A9F8A3687605B34212D0802273405204E5
:10A2D000934200D37CE1FF221204134200D06BE1D1
:10A2E000FF221202134200D07BE1C0235B05A36072
:10A2F000200000F097FBA37C002B05D1012120005A
:10A30000FEF7AAFE0123A3746F4B26001900443602
:10A3100008222C3130009846F9F774FF6B4BF62277
:10A32000DB21E3642000002392008902514422656E
:10A33000636558309946F9F765FF0822FF32924667
:10A340006263FC2292009346A2630222238A0021C8
:10A3500001339BB223821B041343E3634B46236404
:10A36000283399468022A1444B462000D200FEF7B4
:10A37000CFFF002806D15B465246022120000096FE
:10A38000FFF744F84146132238313000F9F73AFF1D
:10A39000238A832201339BB223821B04E3630023BD
:10A3A000520092466263F33AA263236400214B4653
:10A3B00020001032FEF7ACFF002806D113235246CE
:10A3C000002120000096FFF721F8636C002B00D0DD
:10A3D000C0E0002220003E49FFF77AF80122200069
:10A3E0003C49FFF775F8002F00D1C7E00023062293
:10A3F000009320003B003849FFF7B6F8F4E405006D
:10A40000F2E43648FBF73CFDC8E63448FBF738FD7C
:10A41000CBE6C023012120001E4A5B03FEF79CFB14
:10A4200070E5C0231A4A5B0101212000FEF794FB6E
:10A43000C023A2685B0553405FE51823012120007B
:10A44000124AFEF789FBA368734051E5C02301213E
:10A450002000104A5B03FEF77FFB30E5C0230C4A67
:10A460005B0101212000FEF777FBC023A2685B059A
:10A4700053401FE5182301212000044AFEF76CFB1E
:10A48000A3686B4011E5C04614FD07000C000100F5
:10A490000B0001000A0001009CCD0010BA0045FF2E
:10A4A000FCFF070008341018003810180E000100D7
:10A4B00024200018080001001E0001001F000100F8
:10A4C0000F0001000885000020460410061002005D
:10A4D0001CCD001028CD00104CCE0010F0CD001087
:10A4E0001823012120005A4AFEF736FBA368734067
:10A4F00046E5C02301212000564A5B03FEF72CFBF2
:10A5000025E5C023544A5B0101212000FEF724FB0E
:10A51000C023A2685B05534014E5182301212000E5
:10A520004B4AFEF719FBA3686B4006E5C0230121E7
:10A530002000484A5B03FEF70FFB2BE5C023464A89
:10A540005B0101212000FEF707FBC023A2685B0529
:10A5500053401AE54148FBF793FC3AE70123C0B2A8
:10A560000343012120003E4AFEF7F6FA72E683B269
:10A57000042200212000FEF7E5F984E64246434626
:10A58000D26C4C3306929B8806AE04AF3900200093
:10A59000B380FFF7C5FB002809D1049A069B9A42B5
:10A5A00000D021E4BA88B3889A4200D01CE4390074
:10A5B000002000F0A3FE19E7C023274A5B01012118
:10A5C0002000FEF7C9FAC023A2685B05534087E666
:10A5D0001823012120001E4AFEF7BEFAA36873402B
:10A5E00079E6C023012120001A4A5B03FEF7B4FA82
:10A5F0007BE6C02301212000164A5B03FEF7ACFA7C
:10A6000056E6C023144A5B0101212000FEF7A4FA9C
:10A61000C023A2685B05534045E6182301212000B2
:10A620000B4AFEF799FAA368734037E60D48FBF72B
:10A6300027FCFFF7D7FB0C48FBF722FCFFF7D2FB08
:10A640000A48FBF71DFC63E40848FBF719FCA7E484
:10A650000C0001000A0001000B00010034CE0010C4
:10A660001F00010004CE00101CCE001000CD001011
:10A67000042210B5038A82B001339BB24264038284
:10A6800082631B04023A1343C3630023A5210364BE
:10A69000030041632833002112320400FEF738FE24
:10A6A000002808D1230044330093A522042302216B
:10A6B0002000FEF7ABFE02B010BDC0461A2230B536
:10A6C000134B83B0C518038A426301339BB20A322D
:10A6D000038282631B04223A1343C36300230400F2
:10A6E0000364290022324430F9F78CFD2300342220
:10A6F000002120002833FEF70BFE002806D124237A
:10A700001A22022120000095FEF780FE03B030BD22
:10A7100028080000F0B5040083B002293FD80600E5
:10A72000531E9A41012744368F4055421D49082245
:10A730003000F9F767FD4C2300221021FFB2E754E7
:10A740000133E2540133E2540133E2543D4001331A
:10A75000E5540133E2540133E2540133E254238AD5
:10A76000A16301339BB20E3923821B040B430825DE
:10A77000E3632300FF352264002120006563283352
:10A780002032FEF7C5FD002806D110232A00022141
:10A7900020000096FEF73AFE002003B0F0BD012035
:10A7A0004042FAE75CCE0010F0B5C646070000B59F
:10A7B00004000D00160082B0443702293CD809225B
:10A7C00020493800F9F71EFD238A832201339BB20A
:10A7D00023821B04E363002323642300520090467A
:10A7E0006263FD3AA2630021200028331032FEF795
:10A7F0008FFD00281CD1092342460021200000972C
:10A80000FEF704FE00281AD14423E25C0133E35C26
:10A8100001211B0213434622A25CA94012041A43E1
:10A820004723E35C1B0613430B405A1E93413370CE
:10A8300002B080BCB846F0BD01204042F8E70220DB
:10A840004042F5E78846041010B5006800F0E4F8CF
:10A85000013843425841C0B210BDC04610B5284B24
:10A8600082B01B68002B17D0264C2000FFF7ECFFAE
:10A8700000283CD1244BE25C002A2BD1234BE25C24
:10A88000002A1DD1224BE25C002A0CD1214B1B680F
:10A89000002B03D000F0DCFC02B010BD0121200031
:10A8A000FFF724FAF6E700222000E254FFF706FF44
:10A8B0000122194BE250174B1B68002BEAD1EDE740
:10A8C00000222000E254FFF7D3FE114BE25C002A85
:10A8D000DCD0E8E700226921E25420000023009246
:10A8E000FFF7C4F9094BE25C002ACBD0E8E720006F
:10A8F000FFF792F9044BE25C002ABFD0EAE7C046BA
:10A90000443D00204C3D0020690800006B08000019
:10A910006A080000483D00205C08000070B58023F4
:10A92000D025802604002D065B04AB62360400228D
:10A9300000211820F7F74CF86E6200220021172042
:10A94000F7F746F8AE6121002000FFF753F98522A2
:10A95000002303211201A354064AA350064AA35020
:10A960001432A152054AA354054A13600122054B33
:10A97000E25070BD580800005C080000720800003A
:10A98000443D002068080000F8B5040000F0CAFC4F
:10A990001C4E3368002B32D00021200000F026FD31
:10A9A0000121200000F022FD2000FFF731F9D02521
:10A9B000802380275B042D06AB6200220021182033
:10A9C0003F04F7F705F80022002117206F62F6F721
:10A9D000FFFF21002000AF61FFF70CF98522002363
:10A9E00003211201A354084A3360A350074AA3501D
:10A9F0001432A152064AA3540122064BE25000F041
:10AA00009BFCF8BD443D0020580800005C08000095
:10AA10007208000068080000D0231B065868C001B7
:10AA2000C00F70473222014B1A607047483D00202A
:10AA3000754B70B5C35805000C00DB0712D4636872
:10AA4000452B05D0312B07D8704A9B00D3589F4621
:10AA50006F4AAB58012B38D06E4BEB586E4A93427D
:10AA600025D070BDF8F752FA002928D0FA22002329
:10AA70009200F8F78DFF0100684B62881800FBF721
:10AA800083FA6168582900D98FE0654B8A00D35852
:10AA9000002B00D189E019006248FBF775FA2E23DC
:10AAA000E268E35CA1686048FBF76EFAC7E7012241
:10AAB000584B00212800EA5000F09AFCD1E7FA2117
:10AAC0008900F8F727FF0100D6E7A168082977D0A9
:10AAD000504BEB580029C1D10231A950BEE70122E9
:10AAE000524B5348EA5200F0BBFBB5E7A368062B74
:10AAF00071D0042B03D002229343082B5CD1E3686E
:10AB00000F2B59D1494B2BE0A368002BA4D1E3684C
:10AB1000082BA1D10222454BFF32E2E7A368002BAC
:10AB20009AD12E33E15C6388DB0761D5002965D1BA
:10AB30008023384ADB00A9580B43AB508EE7002135
:10AB4000280000F05BFC0022324BEA5089E7A36842
:10AB5000002B00D080E7E368022B00D07CE7354B68
:10AB600001223348EA5400F07BFB2A4BEB5875E78F
:10AB7000A368002B1DD1274BEA580F231900114061
:10AB8000042902D19A430E3B1A4380239B001343AE
:10AB9000204AAB5062E7A368002B00D15CE7032B8F
:10ABA00020D002221B4BEA505BE72348FBF7ECF96D
:10ABB00075E7062B00D14FE70422164BEA5050E709
:10ABC000862321001B01E8581C4B3031EB58984775
:10ABD000104BEB5842E780230E4A1B01A9580B4348
:10ABE000AB503BE7E268002ADBD10A4AAB5038E7BA
:10ABF000280000F003FC074BEB582FE7280000F07B
:10AC0000F7FB044BEB5829E7540800009446041066
:10AC1000580800005C080000010E000064CE00101F
:10AC20005C47041078CE001080CE00106A08000047
:10AC30005DA80010690800007CCE001064080000C8
:10AC4000F8B54746CE46040080B50E00170000F068
:10AC500069FB204B00211D6898462000002D0ED076
:10AC6000FFF744F83A0031002000FFF753FD0500DC
:10AC700000F062FB2800C0BCB946B046F8BD00F049
:10AC8000B5FB0121200000F0B1FB85231B01E55439
:10AC90008023D0251B0499462D06AB61142000F0BB
:10ACA00083FB4B4632206B6100F07EFB00212000CD
:10ACB000FFF772F8051EDBD1074B2000E118FFF704
:10ACC0002FF83222054B06481A604346186000F000
:10ACD000C7FAC7E7443D0020D3080000483D0020E4
:10ACE0005DA80010F8B54746CE46040080B50E00BA
:10ACF000170000F017FB204B00211D68984620002C
:10AD0000002D0ED0FEF7F2FF3A0031002000FFF7D1
:10AD10004BFD050000F010FB2800C0BCB946B04652
:10AD2000F8BD00F063FB0121200000F05FFB8523EC
:10AD30001B01E5548023D0251B0499462D06AB61E9
:10AD4000142000F031FB4B4632206B6100F02CFBED
:10AD500000212000FFF720F8051EDBD1074B200063
:10AD6000E118FEF7DDFF3222054B06481A60434624
:10AD7000186000F075FAC7E7443D0020D3080000D2
:10AD8000483D00205DA80010F0B5DE4657464E460F
:10AD90004546E0B51600DC22924685B04B00029392
:10ADA0005B18DB00C518AA44524683462800126887
:10ADB000CC30009202682B0001921C4A80209446FD
:10ADC0000E9C634480021860002C1CD08023DB049E
:10ADD0009946012398463300D8352E0055469A46A9
:10ADE000134F03912000F8F767FD4A4643011343D0
:10ADF0002B6053464246C34013403B433360631EBF
:10AE00001C40EFD10399029B5B18DB005B441A00E6
:10AE10000099DC321160019ACC331A6005B0F0BCA5
:10AE2000BB46B246A946A046F0BDC046CC300000A5
:10AE300080E00000F0B54E464546DE465746E0B598
:10AE400083B089460CA984460D781F2A45D8494607
:10AE5000490088464944C900461837003400DC37A9
:10AE60003868CC3483462068310001901C48802427
:10AE70008246A40251440C6069424D411E216D423C
:10AE80008D4318498A465544052B0CD9A0201F2113
:10AE90004005D836540104430532053B3C600A4066
:10AEA0003560052BF6D852019B06134342464A44AF
:10AEB000D20062441000DC3213600300D8331D60FE
:10AEC0005B461360019BCC300360002003B0F0BCF4
:10AED000BB46B246A946A046F0BD05204042F5E774
:10AEE000CC3000009FE00000F0B54E464546DE46FF
:10AEF0005746E0B59346564A89B09046554A029364
:10AF000006000C00022502239146534A0021944674
:10AF10006344524A1B0523609B0C9F18504A4046CD
:10AF200094464A46634400923A00F6F78DFEB842D2
:10AF300003DBC01B47B200060ED50123012D09D14A
:10AF400000230020236009B0F0BCBB46B246A946EE
:10AF5000A046F0BD0125D8E7F6F73EFE236805229E
:10AF60009A46404B404953441B0D04909B00B256F7
:10AF700006910593CB58012130799C4681404B1EA8
:10AF8000039320231B1A002A3ADB9A4251DC039BCD
:10AF90006146934019424CD133680793B379002B33
:10AFA00047D10399634691400B400393634619428E
:10AFB0003FD18026039BB601002812D089460100AC
:10AFC0005046B846079F5C003D5BB54200D2AD18C5
:10AFD0009C181234A400013325509942F3D84746F7
:10AFE000494663460B4319000598069B19505B467A
:10AFF0001F60029B04981A60F6F7FAFD0120A2E791
:10B00000002B16DB52460792039A6146A2468446FD
:10B01000100001E0013B0BD302009A401142F9D12C
:10B020001A00079B544603909A4660468C46B3E745
:10B0300054460498F6F7DCFD0A4B21689C466144AF
:10B04000090D89004046C919F6F742FE75E7C0466A
:10B05000143D00202CCF001001050000F8EBFFFF8D
:10B06000FBEBFFFF0000E0AFD43B002070B50125F3
:10B07000160002790C009540013D9D40F6F7ACFDAD
:10B08000074B084A9C466444240DA400A358AB43D4
:10B09000A350F6F7ADFDA1190348F6F719FE70BDF0
:10B0A0000000E0AFD43B0020143D002010B5034B5E
:10B0B00001001800F6F70CFE10BDC046F05F00203E
:10B0C00010B5064B064C82B00100009300220B2302
:10B0D0002000F6F7B9FD02B010BDC04650CF0010F9
:10B0E000F05F002003001149820151180868D9025D
:10B0F00041400F4810B501400E48A02410180160CF
:10B10000012098400C4BE40518600C4B802118601E
:10B110000B4B4904E0500B4B9C46624413680B42B6
:10B12000FCD18023DB00E05010BDC0461000005071
:10B130000178000010100050043400501434005006
:10B14000440400000C00005010B5036801495B6A1C
:10B15000984710BDB0120020802010B5402207494A
:10B160004004F6F7ADFC012202211820F6F77CFC22
:10B170000D200121F6F706FE002010BDA1B1001040
:10B1800010B5002202211820F6F76EFC802003493A
:10B190004004F6F7D3FC002010BDC046A1B100105A
:10B1A000D0231B061B6810B55A4253412F225B4225
:10B1B0009343094A94466344DB6A9B0700D410BD5D
:10B1C000002202211820F6F74FFC044B04491868AE
:10B1D00003685B6A9847F2E730410140403D002038
:10B1E000B0120020154B70B51B680400002B0ED068
:10B1F000134D2A68002A01D0013A2A6098472B682B
:10B20000002B05D1236820000E499B69984770BD2B
:10B21000F7F77CFE00230C4A0A4D801859410200C2
:10B220000B1E02DA0122094B5242EB60236829000F
:10B2300020005B69AA609847E9E7C046443D0020CA
:10B24000483D0020C012002050C30000FFFFFF7FD8
:10B2500010B5012202211820F6F706FC10BDC046E9
:10B26000034B10B51868034903685B6A984710BD23
:10B27000403D0020B012002010B504000848FFF740
:10B280004DFB084B00221C602368200006491B6907
:10B290009847236820000549DB699847012010BDC5
:10B2A0004C3D0020403D002059B10010B01200205C
:10B2B00070B50D4D04002B68002B13D003680B49AB
:10B2C0009B69984723680A491B6A200098472368AE
:10B2D00000221B690749200098470748FFF754FBE5
:10B2E00000232B6070BDC046403D0020C0120020EE
:10B2F000B012002081B100104C3D002010B582B08A
:10B3000068460C00FCF72CFD6B460622991C2000B9
:10B31000F8F778FF01222378934302221343237026
:10B3200002B010BD034B10B5186803685B689847FE
:10B3300010BDC046403D0020034B10B5186803689F
:10B340009B68984710BDC046403D002070B5EFF3A4
:10B350000583134A040000251668002B10D1F7F767
:10B36000D5FD02000B0012196B41002B04DB316884
:10B370003000096B884770BD01220A4B5242F6E744
:10B38000F7F7C4FD02000B0012196B41002B02DA23
:10B390000122044B524231683000C96A8847EAE70B
:10B3A000403D0020FFFFFF7FF8B50E4B06001F68F1
:10B3B000F7F7ACFDFA2204000D00002392003000E4
:10B3C0000021F8F721FE02000B0012196B41002B3F
:10B3D00002DA0122044B524239683800C96A8847B0
:10B3E000F8BDC046403D0020FFFFFF7F7047C046CC
:10B3F00010B50148F6F7D8FB70CF001010B5014822
:10B40000F6F7D2FB70CF001010B50148F6F7CCFB71
:10B4100070CF001070B505008B69C8690C009847A3
:10B420002B6821001B6A20622800984720001030FA
:10B4300001F006FA70BDC04610B5303001F048FA90
:10B4400010BDC046F0B5304BD6464F4646461A684A
:10B450005B6804009A462D4B90464A259946C0B534
:10B4600084B0200000F092FB06000F00F7F74EFDBD
:10B4700032003B00121A8B41002B29DD46452DD0AE
:10B48000635D002B08D0A26AE36A30003900801A9D
:10B490009941002927DC33D0236C002B03DD216C7C
:10B4A000206AF7F7E7FA0123A662E76263550023F3
:10B4B000206A02934B463200009301943B00F7F759
:10B4C00019FA2064236C002B0DDC00236355C8E7B8
:10B4D000002BC6D1002AC4D04645D1D15745CFD183
:10B4E000236C002B05DC04B0E0BCBA46B146A8468C
:10B4F000F0BD216C206AF7F7BDFA00232364F2E760
:10B500000028C9D0EFE7C04628D0001031B700109E
:10B5100070B549250400405D002818D1236C002B2C
:10B5200003DD216C206AF7F7A5FA4823E35C002BC2
:10B530001AD125003035280001F0CAF9280001F0A1
:10B54000F7F9502200212000F8F756FE70BD0021C7
:10B55000F6F718FC0649605DF6F75EFD605DF6F7EC
:10B56000B3FE00236355D9E7206AF7F795F9E0E7C2
:10B5700075B5001070B5EFF305830C4A2A3B9B00AC
:10B580009C58002C0DD0250030350021280001F0FA
:10B590007FF9002805D06B79012B03D0280001F03A
:10B5A000C7F970BD2000FFF74DFFF7E7E43B00202F
:10B5B00010B5383001F0D4F910BDC04610001900A4
:10B5C00010B5EFF30583002B02D0F7F7DDFC10BDBB
:10B5D000F7F78CFAFBE7C046F0B5C646D02700B5B2
:10B5E0003F0616003B68827E04000D008CB09A4234
:10B5F00021D003AF242200213800F8F7FDFD2C4BA9
:10B600000122002107A8049309950A96F6F77CFE0B
:10B6100023683900DB69200098472368390020003F
:10B620005B6A984707A801F04BF90B9D28000CB006
:10B6300080BCB846F0BD302398468044404601F0B7
:10B6400047F93000A84743465B790500012B03D03A
:10B65000404601F06DF9E9E7A27E3B6820009A427E
:10B660001ED000F017FB0028F2D0404601F060F930
:10B67000A27E3B689A4216D0616C002902DD206AE6
:10B68000F7F7F8F90B4B206A00220093019400238E
:10B69000F7F798F960642000383001F0D1F8C5E779
:10B6A000FFF7D0FED4E74923E05CF6F789FBF2E729
:10B6B00015B4001031B7001010B530304379002BAD
:10B6C00008D0D02300221B069A560423C3569A4260
:10B6D00000D110BD0148F6F767FAC04690CF0010C0
:10B6E000012310B582B00B72D0231B06827E1B682B
:10B6F00004009A4215D0416C00290EDC0B4B206AE5
:10B700000022009301940023F7F75CF960642000A5
:10B71000383001F095F802B010BD006AF7F7AAF9C9
:10B72000ECE74923C05CF6F74BFBF0E731B70010BC
:10B7300000234A2210B582B04B648B54D0231B06E1
:10B740008A7E1B680C009A4217D0496C002910DCD5
:10B750000C4B206A0022009301940023F7F732F982
:10B7600060642000383001F06BF80020002102B046
:10B7700010BD206AF7F77EF9EAE74923C85CF6F7BF
:10B780001FFBEEE731B7001070B5050030356B795F
:10B79000040082B0012B04D0280001F0C9F802B0E7
:10B7A00070BDD0263606827E33689A421FD000F0E4
:10B7B00071FA0028F0D0280001F0BAF8A27E3368B0
:10B7C0009A4217D0616C00290DDC0D4B206A0022D3
:10B7D000009301940023F7F7F5F8606420003830F7
:10B7E00001F02EF8DBE7206AF7F744F9EDE7FFF701
:10B7F00029FED1E74923E05CF6F7E2FAEEE7C0461E
:10B8000031B70010F0B505000E00040030352800F7
:10B8100083B001F05DF83100200000F06DF96B7924
:10B820000600012B05D0280001F082F8300003B09B
:10B83000F0BDD0273F06A27E3B6820009A421FD071
:10B8400000F028FA0028EED0280001F071F8A27E5E
:10B850003B689A4217D0616C00290DDC0C4B206AC2
:10B860000022009301940023F7F7ACF860642000F5
:10B87000383000F0E5FFD9E7206AF7F7FBF8EDE78D
:10B88000FFF7E0FDCFE74923E05CF6F799FAEEE732
:10B8900031B70010F0B505000E0004003035280067
:10B8A00083B001F015F83100200000F05DF96B79EC
:10B8B0000600012B05D0280001F03AF8300003B053
:10B8C000F0BDD0273F06A27E3B6820009A421FD0E1
:10B8D00000F0E0F90028EED0280001F029F8A27E5F
:10B8E0003B689A4217D0616C00290DDC0C4B206A32
:10B8F0000022009301940023F7F764F860642000AD
:10B90000383000F09DFFD9E7206AF7F7B3F8EDE78C
:10B91000FFF798FDCFE74923E05CF6F751FAEEE731
:10B9200031B70010F0B505000E00040030352800D6
:10B9300083B000F0CDFF3100200000F003F96B79F7
:10B940000600012B05D0280000F0F2FF300003B004
:10B95000F0BDD0273F06A27E3B6820009A421FD050
:10B9600000F098F90028EED0280000F0E1FFA27E58
:10B970003B689A4217D0616C00290DDC0C4B206AA1
:10B980000022009301940023F7F71CF86064200064
:10B99000383000F055FFD9E7206AF7F76BF8EDE78C
:10B9A000FFF750FDCFE74923E05CF6F709FAEEE731
:10B9B00031B70010F0B505000E0004003035280046
:10B9C00083B000F085FF3100200000F0A9F86B790A
:10B9D0000600012B05D0280000F0AAFF300003B0BC
:10B9E000F0BDD0273F06A27E3B6820009A421FD0C0
:10B9F00000F050F90028EED0280000F099FFA27E58
:10BA00003B689A4217D0616C00290DDC0C4B206A10
:10BA10000022009301940023F6F7D4FF6064200015
:10BA2000383000F00DFFD9E7206AF7F723F8EDE78B
:10BA3000FFF708FDCFE74923E05CF6F7C1F9EEE731
:10BA400031B70010FF230370002343607047C046E6
:10BA500070B504000D004C2200210430F8F7CCFB37
:10BA6000224B236003232383D0231B061B68A3766A
:10BA70006B68002B28D0236220000122012138307E
:10BA8000F6F742FC20003030F6F78CFC00202E78D0
:10BA9000F6F724FC03000020002B14DB19004925D5
:10BAA000134A1A398900FF308C50184063551149E8
:10BAB000F6F78EF90121605DF6F764F9605D3100FB
:10BAC000F6F794FB012070BDF6F78EFE2062A67E8D
:10BAD000F7F70AF88642CFD0F7F7EAF90421F6F72C
:10BAE00087FE482301222062E254C5E7C0480410C3
:10BAF000E43B002075B500108368002B04D107E0FB
:10BB00001A68002A06D013008B42F9D1002005E004
:10BB1000030008331960002301200B607047C04602
:10BB2000020083680832002B04D109E01A001B6868
:10BB3000002B05D08B42F9D11B680120136000E077
:10BB4000002070474368002B04D107E01A68002AE0
:10BB500005D013008B42F9D1002004E0031D1960C9
:10BB6000002301200B6070474368021D002B04D1A5
:10BB700009E01A001B68002B05D08B42F9D11B6825
:10BB80000120136000E000207047C046F0B5574622
:10BB9000DE464646C0B53E4B82B01A685B680092EE
:10BBA000019383688246002B2CD0082353449B4684
:10BBB000F7F7ACF953469B6804000D005F46002B75
:10BBC00020D000221E0094469846B268F3682000F8
:10BBD0002900801A9941002902DB14001D00BC468F
:10BBE00037003668002EF0D162464346002A48D01E
:10BBF000116850460B6813604B68984753469B6822
:10BC0000002BD5D153465C68002C29D00025564620
:10BC1000237A002B31D021006368257230009847C9
:10BC20002468002CF4D1B168B246002918D0009CD9
:10BC3000019D0E0003E004000D00002E0ED0330025
:10BC400022009868D9682B00121A8B413668002BA5
:10BC5000F1DCF2D1002AEED1002EF0D10094019552
:10BC6000009B019C5246180021001361546102B0F0
:10BC7000E0BCBB46B246A846F0BD2468002CC7D144
:10BC8000D1E7190053465C68002CBFD1CFE7C0460E
:10BC900028D00010F0B5C646804600B5F7F736F953
:10BCA00043469B6804000D00002B0AD09E68DF68A5
:10BCB00021002A00891BBA41002A10DA1B68002BD8
:10BCC000F4D143465B68002B03D10AE01B68002BCC
:10BCD00002D0187A0028F9D080BCB846F0BD012007
:10BCE000FAE70020F8E7C046030010B50A00034950
:10BCF0000868190000F004F810BDC046E8160020DE
:10BD000070B50B0C0024150C002B28D1002D3CD154
:10BD10008BB291B2594300F05BF8051E33D003009B
:10BD2000083B5A6803239A43043A242A12D8030092
:10BD3000132A0AD90460446008331B2A05D9846099
:10BD4000C460242A2AD00300103300221A605A60EB
:10BD50009A6002E00021F8F74FFA280070BD002D2C
:10BD600016D1151C89B292B24A43ADB29BB26B4355
:10BD7000110C5B18190C0BD1190492B2114300F08D
:10BD800027F8051ECBD10025E7E72B1C0D1CE9E7A2
:10BD900000F0BCFB0C2300250360DEE70300046118
:10BDA00018334461D1E7C04610B5034B0100186851
:10BDB00000F00EF810BDC046E816002010B5034B89
:10BDC0000100186800F042FC10BDC046E8160020D3
:10BDD000F0B54E464546DE465746E0B50D000B35FC
:10BDE000060085B0162D21D8102900D9D4E000F026
:10BDF000D5FA102518230221CA4FFB181A005C68D7
:10BE0000083A944200D186E103226368A168934313
:10BE1000E268CA6091600121E3185A6830000A4361
:10BE20005A6000F0C3FA20000830B8E007239D43B1
:10BE300000D5B1E0A94200D9AEE000F0AFFAFC2392
:10BE40005B009D4200D2E0E1690A00D1AEE0042926
:10BE500000D9A1E138239846A90988443931CB009B
:10BE6000082252429446AF4FFB189C446346DC685C
:10BE7000A44514D0032399460B0061469C4607E075
:10BE8000E068002A00DB40E1814200D141E104008A
:10BE90004A46636893435A1B0F2AF1DD41463A0034
:10BEA0003C690832944200D11EE103206368834359
:10BEB000581B0F2800DDACE13A617A610028AADA4C
:10BEC0007A68904680229200934200D336E1DA08E5
:10BED000580901238340404618438046D300DB19AC
:10BEE0009A687860E360A2609C60D46001208B1047
:10BEF0009840404562D8434603420AD10323994300
:10BF0000434640000431034203D140000431034260
:10BF1000FBD00323B3469C460E00B8460190F000C8
:10BF200040440100B246CB680BE064465A681F00EB
:10BF3000A243DB68541B0F2C00DD39E1002C00DB31
:10BF400053E19942F1D101239946CA44534608313D
:10BF50009B07E8D1032205E003680838013E8342CD
:10BF600000D013E23242F7D14346019A5B68934313
:10BF700042465360019A520001929A421CD8002A0C
:10BF800006D119E004229146019ACA445200019256
:10BF90001342F7D05646C2E70C233360002005B0A9
:10BFA000F0BCBB46B246A946A046F0BD80233F2266
:10BFB000402190469B0053E75E4647460322BC68FB
:10BFC000636893439846AB4203D35B1B0F2B00DDA2
:10BFD0008DE0230043440293534B08201B68103329
:10BFE0005B19019300F09CFA504903900B688A4654
:10BFF000013306D08446019B4242013B6344134017
:10C0000001933000019900F06FFA0300814601337B
:10C0100000D11CE1029B834200D916E1444B0298F7
:10C020009B461A68019B59469C4662440A600399E4
:10C030000139484500D157E153461B68013300D10F
:10C040005EE14B4602981B1A9B185A461360072361
:10C050004A4648461A400292184200D115E1039818
:10C06000013384469B1A019A99444A4401926344DD
:10C070000A409B1A194030008A4600F035FA431CEA
:10C0800000D158E14B46C01A0300534401935B466C
:10C090001A68012052441A604B464946BB60019B16
:10C0A00003434B60BC4213D043460F2B00D82BE117
:10C0B00007210C3B8B4361680140052019436160F7
:10C0C000E118486088600F2B00D93FE14B465B6860
:10C0D00018490868904200D20A60174908689042DF
:10C0E00000D20A604C46B4E07B689846FEE6012226
:10C0F000290013431143651961603000BD606B6016
:10C1000000F054F92000083049E7A268D06082604E
:10C1100081E66146C3E6DC680231A34200D1BEE697
:10C1200072E6C046E01200204C300020D8120020F9
:10C130001C30002044300020483000205A0A042AD5
:10C140007CD9142A00D9B0E010005B3082465C3202
:10C15000D200082040428446BA189444624692684D
:10C160000B308146944500D186E00800A246614626
:10C17000844602E09268914204D04C465068A04345
:10C180009842F7D8D368614654469C466346A260FD
:10C19000E3609C60D460A9E6142967D9542900D9CA
:10C1A0008CE06E239846290B88446F31CB0057E60C
:10C1B000BA46012051468446491905435046456018
:10C1C000856847466046EB605E469D605346396130
:10C1D0007961204308374860CF6030008F609C5001
:10C1E00000F0E4F850460830D9E6BA4601205E4631
:10C1F0005244516801435160BA683000D3609A607C
:10C2000000F0D4F838000830C9E62B00E9080833FC
:10C21000F2E56119884601218C460D43414665606F
:10C2200039617961CA608A60624602434A60E050BF
:10C23000300000F0BBF820000830B0E69A0910008A
:10C24000393238308246D20083E7BC4241D0BC68E4
:10C250006368032293431A005B1BAA4202D30F2B8D
:10C2600000DD44E7300000F0A1F897E65B23984634
:10C2700088445C31CB00F3E553469810012383409A
:10C28000404618438046786080E7019B039A4B4400
:10C290000B40D31A194030008A4600F025F9431CA0
:10C2A00000D0EFE600239A46F1E6542A2ED81A0B66
:10C2B00010006F326E308246D2004AE7AA235B003C
:10C2C00099422ED8DD3B9846E90B88447831CB0063
:10C2D000C6E5304B9B461A68019B9C465B46624410
:10C2E0001A60039B591EA7E64846084200D0A3E601
:10C2F000B9684344894601210B4349464B60E7E650
:10C3000053464A461A60A2E64860ABE7AA204000BE
:10C31000824226D8DA0B1000783277308246D2007B
:10C3200017E71D4B994226D87C239846A90C8844D0
:10C330007D31CB0094E5019A029B94464A46083B26
:10C3400063449B1A019300239A46A0E62100300023
:10C35000083100F07BF95B461A68BB6899465B6858
:10C36000B6E60D4882420CD89A0C10007D327C3023
:10C370008246D200EDE6FE237E227F2190469B007E
:10C380006EE5FE227E2092008246E2E643465B682E
:10C39000F0E5C0461C3000205405000010B50248EE
:10C3A00000F0BAF810BDC0461830002010B50248A1
:10C3B00000F0B4F810BDC04618300020F0B5CE46ED
:10C3C000474680B588420DD98B1898420AD2531E31
:10C3D000002A03D0CA5CC254013BFBD2C0BCB946A0
:10C3E000B046F0BD0F2A0BD80500561E002AF5D026
:10C3F0000023CC5C1A00EC5401339642F9D1EDE7EE
:10C4000003000B4388469B0734D110261700B14622
:10C410000C000300103F3F093F01C519A9442668DD
:10C420001E6066685E60A6689E60E6681034DE6026
:10C430001E001033AE42F2D1CF1939000F230C2663
:10C4400010318C461340164217D04446043B9B08DB
:10C450009B00FF181437061B0C688D1904312C60E3
:10C46000B942F9D16146043359184B441D000323E6
:10C470001A40BAE70500561EBAE74D461A00B4E75F
:10C4800030B5002A27D003000B439B0713D1032AA2
:10C4900011D9134D0BE0043A002A1CD0114C1C1981
:10C4A0009C432C4217D104300431032A03D903687A
:10C4B0000C68A342EFD00D78047801230139AC4217
:10C4C00007D00AE0002C06D0C45C0133CD5CAC423E
:10C4D00003D19A42F6D1002030BD601BFCE7C04674
:10C4E00080808080FFFEFEFE002370B5064C0500B4
:10C4F00008002360F9F736FB431C00D070BD2368A9
:10C50000002BFBD02B60F9E758460020014B186840
:10C510007047C046E81600207047C0467047C046C6
:10C52000802310B55B01082801D1180010BDFFF76A
:10C53000EDFF16230360173BF7E7C04610B58307EE
:10C540000AD00300032102E001330B4205D01A7820
:10C55000002AF9D1181A10BD030019680C4A0D4CB5
:10C560008A188A4322420FD15968094A04338A182B
:10C570008A43224208D15968054A04338A188A43FB
:10C580002242F1D000E001331A78002AFBD1E1E722
:10C59000FFFEFEFE80808080F0B5C646060000B536
:10C5A00008200D00FFF7BCFF04003000FFF7F6FE87
:10C5B000234B210098469B685F6803239F43380004
:10C5C0001138401B0019F7F7A5F9451E6543AC4229
:10C5D00008DC00213000FFF787FF43469B68DB192A
:10C5E000984206D03000FFF7E1FE002080BCB8463C
:10C5F000F0BD30006942FFF777FF01300ED0012215
:10C6000043467F1B9B6817430E4A5F6013683000E8
:10C610005B1B1360FFF7CAFE0120E7E70021300033
:10C62000FFF762FF43469A68831A0F2BDADD064C48
:10C6300004492468001B086001210B435360D1E7C3
:10C64000E01200201C300020D8120020F0B5D646A1
:10C650004F46464605000C00C0B5002948D0FFF7FC
:10C660009DFE2100012708394B6803209C46BB43EF
:10C67000CE18726882436046384080466A489146C8
:10C680008468B44200D17CE07260B41864683C40B5
:10C69000A2464446002C30D10C68A446091B8C6885
:10C6A0006344A4460824A0468044C4455CD0CC68BA
:10C6B000A04664464246E26094605246002A1FD07B
:10C6C0001F434F60336080229200934230D2DA08D9
:10C6D0005C090123A340446823434360D3001B1833
:10C6E0009A68CB608A609960D1602800FFF75EFE8F
:10C6F000E0BCBA46B146A846F0BD5246002A0FD16A
:10C7000001224B44CF18BC46B468484F1A43BC4280
:10C710005BD0F668E660B4604A6062461360D2E7B8
:10C7200062463A434A608022336092009342CED3FD
:10C730005C0A042C3FD89C09260039343836E400C2
:10C7400004192268083C0327944203D14EE0926802
:10C75000944203D05068B8439842F8D8D468CC606B
:10C760008A60A160D160C0E75246002A35D14B44AF
:10C770001A00B068F3681743C36098604F608A502E
:10C78000B3E74B441A004346002B06D10B68C91A85
:10C790008C68D218CB68E3609C60012313434B6024
:10C7A000234B81601B6893429FD8224B2800196855
:10C7B000FFF7F2FE99E7142C13D9542C1DD81C0B4B
:10C7C00026006F346E36E400BAE7E160A1604A608B
:10C7D0006246CC608C60136087E71F434F60336014
:10C7E00083E726005C345B36E400A9E70123B6103A
:10C7F000B340466833434360B1E7AA2252009442F3
:10C8000005D8DC0B260078347736E40098E70A4A2E
:10C81000944205D89C0C26007D347C36E4008FE7DA
:10C82000FE247E26A4008BE7E0120020E812002000
:10C83000DC1200204C30002054050000F8B5C04642
:10C8400001B40248844601BC604700BF6901002072
:10C8500001B40248844601BC604700BF19050020AE
:10C8600001B40248844601BC604700BFF9030020C0
:10C8700001B40248844601BC604700BF711100202A
:10C8800001B40248844601BC604700BF590E002035
:10C8900001B40248844601BC604700BF1D0300206C
:10C8A00001B40248844601BC604700BF310E00203D
:10C8B00001B40248844601BC604700BF71110020EA
:10C8C00001B40248844601BC604700BFC10000209B
:10C8D00001B40248844601BC604700BFF501002056
:10C8E00001B40248844601BC604700BF45020020F5
:10C8F00001B40248844601BC604700BF6D030020BC
:10C9000001B40248844601BC604700BF55060020C0
:10C9100001B40248844601BC604700BF8502002084
:10C9200001B40248844601BC604700BFE90E002004
:10C9300001B40248844601BC604700BF21040020C6
:10C9400001B40248844601BC604700BF990E002034
:10C9500001B40248844601BC604700BFB101002019
:10C9600001B40248844601BC604700BF01010020B9
:10C9700099360010C5360010A9380010E9410010A2
:10C980003D3F0010ED400010D1370010E13600109F
:10C990000137001015370010392300101D37001023
:10C9A0000D27001039360010611D0010517D001058
:04C9B000B1020010C0
:10C9B80050756C736520617665726167696E672072
:10C9C8003D202530326C750A0000000050756C73EC
:10C9D80065203D202530346C75207573202020415A
:10C9E8005647203D202530326C750A005570646129
:10C9F80074653A20416E676C65203D202530336CA4
:10CA080075206465670A000050756C7365203D20C9
:10CA18002530346C75202020416E676C65203D20E0
:10CA28002530336C75202020415647203D20253085
:10CA3800326C750A00000000253032582530325813
:10CA48002530325825303258253032582530325862
:10CA5800253032582530325800000000526173707A
:10CA68006265727279205069000000005069636F36
:10CA780000000000426F61726420434443000000DC
:10CA88000A2A2A2A2050414E4943202A2A2A0A00E3
:10CA98004E6F207370696E6C6F636B732061726583
:10CAA80020617661696C61626C6500004E6F20756B
:10CAB80073657220495251732061726520617661F5
:10CAC800696C61626C6500004861726477617265C7
:10CAD80020616C61726D20256420616C72656164EF
:10CAE8007920636C61696D65640000004E6F206198
:10CAF8006C61726D7320617661696C61626C65004E
:10CB08004861726420617373657274006D69737330
:10CB1800696E6720646F75626C652066756E6374F4
:10CB2800696F6E004F7574206F66206D656D6F724A
:10CB38007900000052656C6561736500626F6F74FF
:10CB4800325F77323571303830000000312E3000D6
:10CB5800322E322E300000007069636F5F7700005C
:10CB68005553424C696E6B004F6374203238203243
:10CB780030323500666E692B00000000666E690071
:10CB88006E616E00666E692D00000000556E68616A
:10CB98006E646C65642049525120307825780A000B
:10CBA800657020253032582077617320616C72657A
:10CBB80061647920617661696C61626C650000006E
:10CBC80043616E277420636F6E74696E7565207893
:10CBD800666572206F6E20696E6163746976652080
:10CBE800657020253032580063797734335F726579
:10CBF80061645F6279746573206572726F72202553
:10CC0800640000005B43595734335D2063797734FF
:10CC1800335F6B736F5F736574282564293A2066E8
:10CC280061696C65640A00005B43595734335D20C1
:10CC3800427573206572726F7220636F6E646974D7
:10CC4800696F6E2064657465637465642030782547
:10CC5800780A00005B43595734335D206572726F60
:10CC6800723A20686472206D69736D61746368201C
:10CC780025303478205E20253034780A0000000002
:10CC88005B43595734335D205354414C4C28257528
:10CC98003B25752D2575293A2074696D656F757466
:10CCA8000A0000005B43595734335D20646F5F69A5
:10CCB8006F63746C3A20676F7420756E6578706561
:10CCC80063746564207061636B65742025640A0071
:10CCD8005B43595734335D20646F5F696F63746CCD
:10CCE8002825752C2025752C202575293A2074694E
:10CCF8006D656F75740A00005B43595734335D20C6
:10CD0800636F7265206E6F7420696E20726573653B
:10CD1800740000006275733A7478676C6F6D000078
:10CD28006170737461000000616D7064755F6261A9
:10CD38005F7773697A650000616D7064755F6D7007
:10CD480064750000616D7064755F72785F66616319
:10CD5800746F72006273736366673A6576656E74A2
:10CD68005F6D7367730000005B43595734335D2070
:10CD78004661696C656420746F20737461727420F5
:10CD8800435957343300000056657273696F6E3A21
:10CD9800200000005B43595734335D20636F756C86
:10CDA80064206E6F742066696E642076616C6964B5
:10CDB800206669726D776172650000005B435957A0
:10CDC80034335D2074696D656F757420776169749B
:10CDD800696E6720666F7220414C5020746F206224
:10CDE80065207365740000005B43595734335D2038
:10CDF800636F7265206E6F74207570005B435957BE
:10CE080034335D204854206E6F74207265616479F4
:10CE1800000000005B43595734335D204632206ED2
:10CE28006F74207265616479000000005B43595794
:10CE380034335D20434C4D206C6F6164206661691A
:10CE48006C6564006375725F6574686572616464BB
:10CE5800720000006770696F6F7574005B25203879
:10CE6800645D204153594E4328253034782C000006
:10CE780025730000257500002C25752C25752C259B
:10CE880075290A005345545F535349440000000074
:10CE98004A4F494E00000000415554480000000028
:10CEA8004445415554485F494E4400004153534F4F
:10CEB800430000004449534153534F4300000000CE
:10CEC8004449534153534F435F494E4400000000C7
:10CED8004C494E4B0000000050534B5F53555000D7
:10CEE800455343414E5F524553554C540000000092
:10CEF8004353415F434F4D504C4554455F494E4461
:10CF0800000000004153534F435F5245515F49456C
:10CF1800000000004153534F435F524553505F494F
:10CF2800450000004E6F2050494F207374617465AE
:10CF3800206D616368696E65732061726520617632
:10CF480061696C61626C65004E6F20444D412063DD
:10CF580068616E6E656C73206172652061766169C7
:10CF68006C61626C65000000637977343320686116
:10CF780073206E6F2065746865726E657420696EC3
:10CF880074657266616365006173796E635F636F70
:10CF98006E74657874206C6F636B5F636865636B30
:10CFA800206661696C6564000000000064CA0010B6
:10CFB80074CA0010F81100207CCA001009024B0046
:10CFC800040100A0FA080B00020202000009040094
:10CFD80000010202000405240020010524010001CB
:10CFE8000424020605240600010705810308001031
:10CFF80009040100020A00000007050102400000C0
:10D00800070582024000000012010002EF02014001
:10D018008A2E0A000001010203010000000000003E
:10D02800FFFFFFFFFFFFFF7F06005250D3F075425E
:10D038003CCB001006005250E182887F44CB0010A0
:10D04800060052503ABCA91154CB001006005250A9
:10D05800ABB3605358CB001006005250BBFF3CB630
:10D0680060CB001006005250861C030268CB0010EB
:10D07800060052505422A29D70CB00100500525059
:10D08800DE65F46898600410B04F0010604F00101F
:10D09800604F0010A84F0010604F0010604F001044
:10D0A800604F0010604F0010604F0010604F00107C
:10D0B800604F0010A04F0010604F0010984F0010F4
:10D0C800604F0010604F0010904F0010D0510010BA
:10D0D800C64F0010C0510010C64F0010AA510010D2
:10D0E800C64F0010C64F0010C64F0010C64F0010A4
:10D0F800C64F0010C64F0010C64F0010B84F0010A2
:10D10800C64F0010C64F0010C64F0010C64F001083
:10D11800C64F0010B84F00106E5200101A4F001082
:10D128001A4F00101A4F00101A4F00101A4F001013
:10D138001A4F00101A4F00101A4F00101A4F001003
:10D148001A4F00101A4F00101A4F00101A4F0010F3
:10D158001A4F00101A4F00101A4F00101A4F0010E3
:10D168001A4F00101A4F00101A4F00101A4F0010D3
:10D178001A4F00101A4F00101A4F00101A4F0010C3
:10D188001A4F00101A4F00101A4F00101A4F0010B3
:10D198001A4F00101A4F0010E45100103C520010B2
:10D1A800E45100101A4F00101A4F00101A4F0010C7
:10D1B8001A4F00101A4F00101A4F00101A4F001083
:10D1C8001A4F00101A4F00101A4F00101A4F001073
:10D1D8001A4F00101A4F00101A4F00101A4F001063
:10D1E8001A4F00107E5400101A4F00101A4F0010EA
:10D1F8001A4F00101A4F00101A4F00101A4F001043
:10D208001A4F00101A4F00101A4F00107E540010C9
:10D21800805200107E540010E45100103C5200105F
:10D22800E451001000000000000000000000F03F82
:10D2380000000000000024400000000000005940E9
:10D248000000000000408F40000000000088C3403C
:10D2580000000000006AF8400000000080842E41B1
:10D2680000000000D01263410000000084D79741FD
:10D278000000000065CDCD410D0A00004465001096
:10D28800AC660010346700108466001096660010C3
:10D2980074660010E4650010906500108465001045
:10D2A8004C6A0010326A0010226800106C6A001084
:10D2B800226800101A6A0010066A0010226800101E
:10D2C800F26900100269001022680010CA6C001090
:10D2D800BC6C0010B06C00102268001022680010AE
:10D2E8009A6C0010BC6C00102268001022680010B4
:10D2F80022680010226800102268001022680010BE
:10D3080022680010546C0010B60F0020B60F0020E1
:10D3180000100020201000205E1000207010002057
:10D32800AC0F00200000000095720010157300106B
:10D338004573001091730010357400101D750010AE
:10D348000000000054D3001006FF000001604010E8
:10D3580080E042B001408410000000006514000025
:10D368009113000091130000911300009113000025
:10D378009113000091130000911300009113000015
:10D388009113000091130000911300009113000005
:10D3980091130000911300009113000091130000F5
:10D3A80091130000911300009113000091130000E5
:10D3B80091130000911300009113000091130000D5
:10D3C80091130000911300009113000091130000C5
:10D3D80091130000911300000048004765140000F5
:10D3E8000000000000000000000000000000000035
:10D3F8000000000000000000000000000000000025
:10D408000000000000000000000000000000000014
:10D418000000000000000000000000000000000004
:10D4280000000000000000000000000000000000F4
:10D4380000000000000000000000000000000000E4
:10D448000000000000000000444250501860010035
:10D458000000000000000000C51B0000C51B000004
:10D46800C51B0000C51B0000C51B0000C51B000034
:10D47800C51B0000D9130000D513000015140000C7
:10D48800DD3D0000793900003B330000D93D000044
:10D49800C9350000B13900001D3E00004FD501001C
:10D4A800D93A0000133400007F340000893E0000A0
:10D4B8008B3E0000FB380000AD3D00004DD501005B
:10D4C800C51B0000C51B0000C51B0000C51B0000D4
:10D4D800C51B0000C51B0000C51B0000C51B0000C4
:10D4E800C51B0000C51B0000C51B0000C51B0000B4
:10D4F800C51B0000C51B00009FDC0000C51B000009
:10D50800C51B0000C51B0000C51B0000C51B000093
:10D51800C51B0000C51B0000C51B0000C51B000083
:10D52800C51B0000C51B0000C51B0000C51B000073
:10D53800C51B000047FC0000C51B0000A3FD000040
:10D54800C51B0000C51B00009FFD00002BFC000050
:10D55800C51B0000C51B0000C51B0000772E01007D
:10D568005B3301001B3501006F340100DF3301001C
:10D578001F320100C51B0000C51B0000C51B0000B1
:10D58800BD350100C51B0000C51B0000C51B000000
:10D59800C51B0000C51B0000C51B0000C51B000003
:10D5A800C51B0000C51B0000C51B0000C51B0000F3
:10D5B800C51B0000C51B0000C51B0000C51B0000E3
:10D5C800C51B0000C51B0000C51B0000C51B0000D3
:10D5D800C51B0000C51B0000C51B0000C51B0000C3
:10D5E800C51B0000C51B0000C51B0000C51B0000B3
:10D5F800C51B0000C51B0000C51B0000C51B0000A3
:10D60800C51B0000C51B0000C51B0000C51B000092
:10D61800C51B00007916000081160000191F0000C4
:10D62800352E0000892E0000ED3F0000F93F000074
:10D6380069510000D1B10000B9DC0000B1FB000065
:10D64800C1350100691600008D1600009D17000005
:10D658009D180000E51B0000851C0000F51C00005B
:10D66800791D0000251F0000A12E0000953F000035
:10D678000540000005490000474C00009D4D000092
:10D68800A54D0000A94D0000C51B0000C54D0000B8
:10D69800FD4D0000054E00005B4E00005F4E00008F
:10D6A8006D4E0000956C0000C51B00008551000000
:10D6B800C51B0000056D00003D94000081A200001C
:10D6C80059A30000C9A30000C5CA0000E5CA0000AC
:10D6D800E1CE0000C1DC0000D1DC00002FE2000038
:10D6E80049E4000091E8000083FB000089FB00008A
:10D6F8001D170100010000000000000820000000C4
:10D708000002000004000000FF03000050000000B9
:10D7180001000000010000000A07080100000000E5
:10D7280008000000010400000100000004000400DB
:10D7380008000100000000000000000000000000D8
:10D7480000000000000000000000000000000000D1
:10D7580000000000000000000000000000000000C1
:10D7680000000000000000000000000000000000B1
:10D7780000000000000000000000000000000000A1
:10D788000000000000000000000000000000000091
:10D798000000000000000000000000000000000081
:10D7A8000000000000000000000000000000000071
:10D7B8000000000000000000000000000000000061
:10D7C8000000000000000000000000000000000051
:10D7D8000000000000000000000000000000000041
:10D7E8000000000000000000000000000000000031
:10D7F8000000000000000000000000000000000021
:10D808000000000000000000000000000000000010
:10D818000000000000000000000000000000000000
:10D8280000000000000000000000000000000000F0
:10D8380000000000000000000000000000000000E0
:10D8480000000000000000000000000000000000D0
:10D8580000000000000000000000000000000000C0
:10D8680000000000000000000000000000000000B0
:10D8780000000000000000000000000000000000A0
:10D888000000000000000000000000000000000090
:10D898000000000000000000000000000000000080
:10D8A8000000000000000000000000000000000070
:10D8B8000000000000000000000000000000000060
:10D8C8000000000000000000000000000000000050
:10D8D8000000000000000000000000000000000040
:10D8E8000000000000000000000000000000000030
:10D8F8000000000000000000000000000000000020
:10D90800000000000000000000000000000000000F
:10D9180000000000000000000000000000000000FF
:10D9280000000000000000000000000000000000EF
:10D9380000000000000000000000000000000000DF
:10D9480000000000000000000000000000000000CF
:10D9580000000000000000000000000000000000BF
:10D9680000000000000000000000000000000000AF
:10D97800000000000000000000000000000000009F
:10D98800000000000000000000000000000000008F
:10D99800000000000000000000000000000000007F
:10D9A800000000000000000000000000000000006F
:10D9B800000000000000000000000000000000005F
:10D9C800000000000000000000000000000000004F
:10D9D800000000000000000000000000000000003F
:10D9E800000000000000000000000000000000002F
:10D9F800000000000000000000000000000000001F
:10DA0800000000000000000000000000000000000E
:10DA180000000000000000000000000000000000FE
:10DA280000000000000000000000000000000000EE
:10DA380000000000000000000000000000000000DE
:10DA480000000000000000000000000000000000CE
:10DA580000000000000000000000000000000000BE
:10DA680000000000000000000000000000000000AE
:10DA7800000000000000000000000000000000009E
:10DA8800000000000000000000000000000000008E
:10DA9800000000000000000000000000000000007E
:10DAA800000000000000000000000000000000006E
:10DAB800000000000000000000000000000000005E
:10DAC800000000000000000000000000000000004E
:10DAD800000000000000000000000000000000003E
:10DAE800000000000000000000000000000000002E
:10DAF800000000000000000000000000000000001E
:10DB0800000000000000000000000000000000000D
:10DB180000000000000000000000000000000000FD
:10DB280000000000000000000000000000000000ED
:10DB380000000000000000000000000000000000DD
:10DB480000000000000000000000000000000000CD
:10DB5800000000000000000000F459B200000000BE
:10DB6800FFF75E9F0000000000F463B100000000B2
:10DB7800FFF7419D00000000FFF76D9C00000000CA
:10DB8800F3F7AE9800000000E9F7679E0000000078
:10DB9800E5F7989D00000000E4F7829F0000000070
:10DBA800D3F77C9B00000000CFF7EC990000000041
:10DBB800C9F7D89E00000000C8F75A9F000000006F
:10DBC800C8F7B49C00000000C2F7549F0000000092
:10DBD800C0F7449C00000000C0F7329A0000000023
:10DBE800BFF78C9D00000000BFF7569F00000000A3
:10DBF800C2F71E9D00000000E1F7C29C0000000073
:10DC0800BFF7049800000000BEF7A69E00000000C1
:10DC1800BDF77C9F00000000BBF76D9C0000000072
:10DC2800A2F73E9D00000000B7F7E29A000000004E
:10DC3800DDF7329B00000000B9F7889E0000000065
:10DC4800B2F7669B00000000B2F7F69A00000000E9
:10DC5800B2F77C9900000000B1F7869A0000000036
:10DC6800DAF7669C00000000B0F76E9E0000000026
:10DC7800C1F7FE9A00000000AEF73B9B00000000D1
:10DC8800A0F7F69D00000000A0F7169C0000000019
:10DC9800ABF7F09E00000000A2F7E09C0000000037
:10DCA800A2F7DE9A00000000A0F7FB980000000031
:10DCB8009FF7AE9F000000009EF7B6990000000095
:10DCC8009DF77C9D000000009BF7329D000000003E
:10DCD8009AF7F89F00000000A0F7E09E00000000FF
:10DCE800A0F70F9F0000000099F7DE9A00000000DF
:10DCF800A0F7939C00000000D7F7289F00000000C1
:10DD0800D7F71C9A00000000D7F7169C0000000007
:10DD1800D9F78A9C0000000093F7709A0000000071
:10DD280093F776990000000093F7CD9D000000005E
:10DD380093F77D9B0000000093F7B89A000000005D
:10DD480092F7649F0000000092F7029D0000000017
:10DD580092F7D29A0000000092F7009900000000A4
:10DD680092F714980000000092F7129B0000000040
:10DD78008FF7249900000000D7F7449B00000000AB
:10DD8800D7F7129B00000000D6F7989E000000000D
:10DD98008CF7539C000000008CF7939D0000000056
:10DDA8008BF74B9F000000008CF78E990000000055
:10DDB80089F7749E000000000000000000000000C9
:10DDC800000000000000000000000000000000004B
:10DDD800000000000000000000000000000000003B
:10DDE800000000000000000000000000000000002B
:10DDF800000000000000000000000000000000001B
:10DE0800000000000000000000000000000000000A
:10DE180000000000000000000000000000000000FA
:10DE280000000000000000000000000000000000EA
:10DE380000000000000000000000000000000000DA
:10DE480000000000000000000000000000000000CA
:10DE580000000000000000000000000000000000BA
:10DE680000000000000000000000000000000000AA
:10DE7800000000000000000000000000000000009A
:10DE8800000000000000000000000000000000008A
:10DE9800000000000000000000000000000000007A
:10DEA800000000000000000000000000000000006A
:10DEB800000000000000000000000000000000005A
:10DEC800000000000000000000000000000000004A
:10DED800000000000000000000000000000000003A
:10DEE800000000000000000000000000000000002A
:10DEF800000000000000000000000000000000001A
:10DF08000000000000000000000000000000000009
:10DF180000000000000000000000000000000000F9
:10DF280000000000000000000000000000000000E9
:10DF380000000000000000000000000000000000D9
:10DF480000000000000000000000000000000000C9
:10DF580000000000000000000000000000000000B9
:10DF680000000000000000000000000000000000A9
:10DF78000000000000000000000000000000000099
:10DF88000000000000000000000000000000000089
:10DF98000000000000000000000000000000000079
:10DFA8000000000000000000000000000000000069
:10DFB8000000000000000000000000000000000059
:10DFC8000000000000000000000000000000000049
:10DFD8000000000000000000000000000000000039
:10DFE8000000000000000000000000000000000029
:10DFF8000000000000000000000000000000000019
:10E008000000000000000000000000000000000008
:10E0180000000000000000000000000000000000F8
:10E0280000000000000000000000000000000000E8
:10E0380000000000000000000000000000000000D8
:10E0480000000000000000000000000000000000C8
:10E0580000000000000000000000000000000000B8
:10E0680000000000000000000000000000000000A8
:10E078000000000000000000000000000000000098
:10E088000000000000000000000000000000000088
:10E098000000000000000000000000000000000078
:10E0A8000000000000000000000000000000000068
:10E0B8000000000000000000000000000000000058
:10E0C8000000000000000000000000000000000048
:10E0D8000000000000000000000000000000000038
:10E0E8000000000000000000000000000000000028
:10E0F8000000000000000000000000000000000018
:10E108000000000000000000000000000000000007
:10E1180000000000000000000000000000000000F7
:10E1280000000000000000000000000000000000E7
:10E1380000000000000000000000000000000000D7
:10E1480000000000000000000000000000000000C7
:10E1580000000000000000000000000000000000B7
:10E1680000000000000000000000000000000000A7
:10E178000000000000000000000000000000000097
:10E188000000000000000000000000000000000087
:10E198000000000000000000000000000000000077
:10E1A8000000000000000000000000000000000067
:10E1B8000000000000000000000000000000000057
:10E1C8000000000000000000000000000000000047
:10E1D8000000000000000000000000000000000037
:10E1E8000000000000000000000000000000000027
:10E1F8000000000000000000000000000000000017
:10E208000000000000000000000000000000000006
:10E2180000000000000000000000000000000000F6
:10E2280000000000000000000000000000000000E6
:10E2380000000000000000000000000000000000D6
:10E2480000000000000000000000000000000000C6
:10E2580000000000000000000000000000000000B6
:10E2680000000000000000000000000000000000A6
:10E278000000000000000000000000000000000096
:10E288000000000000000000000000000000000086
:10E298000000000000000000000000000000000076
:10E2A8000000000000000000000000000000000066
:10E2B8000000000000000000000000000000000056
:10E2C8000000000000000000000000000000000046
:10E2D8000000000000000000000000000000000036
:10E2E8000000000000000000000000000000000026
:10E2F8000000000000000000000000000000000016
:10E308000000000000000000000000000000000005
:10E3180000000000000000000000000000000000F5
:10E3280000000000000000000000000000000000E5
:10E3380000000000000000000000000000000000D5
:10E3480000000000000000000000000000000000C5
:10E358000000000000000000D41B80000400000042
:10E3680000080000B4228000040000000808000033
:10E37800782380000400000010080000C4278000F3
:10E388000400000018080000302880000400000085
:10E3980020080000D81781000400000028080000A9
:10E3A80000D0810004000000300800001C14820026
:10E3B800040000003808000028388200040000002B
:10E3C800400800006C668300040000004808000054
:10E3D800ACAD830004000000500800000808840069
:10E3E80004000000580800001C1A84000400000003
:10E3F80060080000982284000400000068080000FB
:10E408002C8A84000400000070080000D8BE840034
:10E418000400000078080000C0BF84000400000069
:10E428008008000010C38400040000008808000071
:10E4380078C9840004000000900800002C91840032
:10E4480004000000980800000C4C82000400000042
:10E45800A0080000FCD9840004000000A8080000FF
:10E4680084E3840004000000B008000018EC840075
:10E4780004000000B80800000C1985000400000022
:10E48800C008000084C0860004000000C80800001E
:10E498004466850004000000D008000010A2820035
:10E4A80004000000D8080000003B850004000000BC
:10E4B800E008000084B6850004000000E8080000B9
:10E4C800E8B6850004000000F0080000CCBA85001A
:10E4D80004000000F8080000F8C8850004000000E7
:10E4E80000090000B0BE8200040000000809000016
:10E4F800ACD485000400000010090000E09B8400F3
:10E508000400000018090000B8FB850004000000A2
:10E518002009000038E386000400000028090000F4
:10E528006CEA8600040000003009000028258600F7
:10E538000400000038090000F0C086000400000054
:10E54800400900003CC386000400000048090000A0
:10E5580018F98600040000005009000064FA8600DB
:10E568000400000058090000440987000400000066
:10E57800600900001013870004000000680900000B
:10E588001033870004000000700900005C3B87001E
:10E598000400000078090000A0D9860004000000EB
:10E5A8008009000058DA860004000000880900008D
:10E5B800B8608700040000009009000018E0860099
:10E5C8000400000098090000ACE482000400000088
:10E5D800A009000058EF820004000000A80900000C
:10E5E800E4F1820004000000B0090000C0F28200DB
:10E5F80004000000B8090000D4D18700040000001E
:10E60800C0090000D4D4870004000000C809000035
:10E61800BCD6870004000000D0090000F4D98700A8
:10E6280004000000D8090000C0DA870004000000D8
:10E63800E0090000DCDC870004000000E8090000B5
:10E64800F8DC870004000000F009000088DD87007E
:10E6580004000000F80900007CE2870004000000C4
:10E66800000A0000CCE3870004000000080A00004C
:10E67800F4E5870004000000100A000090268800D6
:10E6880004000000180A0000A40B83000400000026
:10E69800200A00007C0E830004000000280A000005
:10E6A8000819830004000000300A00005058880050
:10E6B80004000000380A0000205988000400000007
:10E6C800400A0000D462880004000000480A0000E4
:10E6D8008469880004000000500A0000DC98880063
:10E6E80004000000580A00006846836941690BB5B8
:10E6F80003695A4651460EB44A46414606B4C368B1
:10E7080082684168FEB40368C269EFF303810EB4FE
:10E718008269EFF3058106B4034801680029FED039
:10E728006846884714B000BD3C14000062B67047C4
:10E7380072B6704704490840002803D003490A68A4
:10E7480002430A6070470000FFFF000000E100E09C
:10E7580004490840002804D003490A68C04302401D
:10E768000A607047FFFF000080E100E00249096885
:10E778009022885870470000441400000249096834
:10E788009C2288507047000044140000DDBAADBBDD
:10E798000000000000000000000000000000000071
:10E7A800000000000000000000000000024A11689C
:10E7B8001060081C704700003C1400005648574978
:10E7C80000220A500168564A0A40564F0F403F42FD
:10E7D80006D15046004202D04046004229D1FEE709
:10E7E800FC2141580A680F2313400F2BF1D0012B4D
:10E7F80001D00431F6E708314B4B13404B4CA34290
:10E8080006D100F0C1F8804600F0CAF88146E9E771
:10E81800474CA342E6D10B1F1B68464C23401824E3
:10E82800E3409C4600F0B0F8824600F0B9F8834611
:10E83800D8E7414921224250374A40498958FF23A5
:10E84800194219D051683E4B194215D01168344B02
:10E858001940D36A10E0A3420ED0C0460CE03949F3
:10E868008958194208D03849895819409942FAD12B
:10E87800364B11691942FCD049463F4204D19823CE
:10E88800CB581024E34001E0314BCB581C242340E3
:10E89800002B01D000F092F840462E490860484607
:10E8A8002D49086050462D49086060462C4908608B
:10E8B8002C490F602C4D2D490D602D482D49002203
:10E8C80004C08142FCD8043DAD46009DEC431023B2
:10E8D800DD41AC4210D1240CA400274D2C606B46BE
:10E8E8001B1B2648264D2860002C05D01D68056096
:10E8F80004330430043CF9DC81B0224B1B490D6819
:10E90800ED1A0D606C46E41AA54668460009000138
:10E91800854600F0D7FCFEE700000018140600004A
:10E92800FFFF0000000000F000FF0F00002A0800B1
:10E93800000E0800000000FFE001000004060000CF
:10E9480000003800180600000C0600000010000047
:10E958000804000044140000481400004C1400008F
:10E96800501400004014000000000800945C0100EE
:10E97800BC5F01009C6601009C5C01008C75020074
:10E98800985C01000000010008680F220431024071
:10E99800052AF9D1014A1040F746000000F0FFFFB0
:10E9A80008680F2204310240052AF9D1802210425A
:10E9B800F6D0014A1040F74600F0FFFFFEE70000DE
:10E9C80000487047BC5F010000487047FC5F0100C9
:10E9D8000048704760600100004870470860010007
:10E9E80003F04ABA01238B402DE9F74FB3F5001F16
:10E9F80028BF4FF40013042B38BF042303300193BE
:10EA080020F00304FFF7E0FF354B0022D3F800B0F5
:10EA180015469446134627E0D1F800A0A24522D314
:10EA280001F10807019E07EB0A08C6F10009C4EBCB
:10EA3800080609EA0606BE4215D3DDF8049009F176
:10EA4800FF3919EA070FCDF8009002D0F71B072FFE
:10EA580009D9C4EB0A075F4505D2424635466FB16E
:10EA6800BB4684460B46084641680029D4D13BB9C9
:10EA78001C4A18461168013111602FE084460B4684
:10EA8800521B111B072909D918682A19401A083975
:10EA980018602951596851605A6022461968891AC4
:10EAA800072903D85A68CCF8042004E05A50A1F189
:10EAB80008021A605B180C48002219685A6002683C
:10EAC8008A18026009480168083101608918084AF3
:10EAD8001068814288BF116003F10800BDE8FE8F0D
:10EAE800F4030000F00300001404000048040000D0
:10EAF8000460010038B5194B50F8082C1968054610
:10EB08008A1A1A60164BA0F108041A68083A1A60A3
:10EB1800FFF75AFF02E0A34203D218464368002BCE
:10EB2800F9D155F8082CA9188B4205D119685B68EA
:10EB38005218083245F8082C6360036803F108028C
:10EB48008218A24207D155F8082C9B180833036095
:10EB58006368436000E04460002038BD140400008E
:10EB68004804000010B500214022044605F04ADCA4
:10EB7800104B2360104B6360104BA360104BE36095
:10EB8800104B2361104B6361104BA361104BE36181
:10EB9800104B2362104B6362104BA362104BE3626D
:10EBA800104B2363104B6363104BA363104BE36359
:10EBB80010BD00BF00000000F8370100F837010061
:10EBC800915C0100945C0100BC5F0100BC5F010026
:10EBD8009C6601009C660100FCB60200FCB60200BF
:10EBE8008C6A0300FC000000000100000000000027
:10EBF80000000000F0B52D4D91B06846FFF7B2FF58
:10EC08002978002937D10898099C241A06D0224669
:10EC180005F0F8DB0898214609F06EDD2246244904
:10EC2800244805F015DC244B00241C7001232B70AC
:10EC3800224D09F091DC2B68002B33D01A78002A7A
:10EC480030D09F895E890CE02B681D4AD9891068ED
:10EC58000AF076DC0134014630B1184B186806F02A
:10EC6800B1DBA319BB42EFDB164B296818680122F8
:10EC780006F0ECDB16E0144E317899B90A980B9C33
:10EC8800241A06D0224605F0BDDB0A98214609F071
:10EC980033DD08480D49224605F0DADB00232B70E6
:10ECA8000123337009F058DC11B0F0BDFC030000FB
:10ECB8009AFB8800553901001460010044040000E3
:10ECC800900400002C0400006C600100521E8900B2
:10ECD800014B1868704700BF945C01000020704722
:10ECE8002DE9F04F9DB00AA8FFF73CFFFFF7F0FFB2
:10ECF8000446FFF7F3FF0A9B0B9A0F99D21A0E9B53
:10ED08000D9DC3EB01091199109B6E4ECB1A0C99FE
:10ED1800DFF80082C1EB050B93443268D8F8001085
:10ED280002F50052521A4A44D2185A4414192418A7
:10ED38000994DFF8E4A1644C644F2268DAF80050C3
:10ED48006348AD183A680893C5EB020CCDF81CC0AF
:10ED580005F07EDB089B09F57E71019303F57E7350
:10ED680007339B0A07310BF57E72890A0732029333
:10ED78000823920A0091039359464B46554805F0DB
:10ED880067DB336820683968DDF81CC0019003939D
:10ED980000F57E7003F57E730CF57E7601F57E72C4
:10EDA80007300733800A9B0A07320736B60A920AE9
:10EDB8000290049348486346009605F049DB099998
:10EDC80005F57E7201F57E7307339B0A0732920AB6
:10EDD80000932946099B414805F03ADB404B414FD7
:10EDE8001968414805F034DB3968404B0A684646E3
:10EDF8009A4203D03E4805F02BDB25E01A910B46DA
:10EE080004E015683948131D854203D11A461BAB27
:10EE18009A42F6D333681AAD009336482B461A92B5
:10EE280005F016DB3B681A9AE91A3348D31A0A46E2
:10EE3800009305F00DDB33681A9A591B2F489B1A6B
:10EE48000A46009305F004DB2D4B1B684BB31A7878
:10EE58003AB35989DD891A8901FB05F638354D43DE
:10EE680006F57E7307339B128DE8280005F57E733F
:10EE780007339B1202932348334605F0E9DA2368E7
:10EE8800DAF80020991B9B185B1B03F57E7001F5CF
:10EE98007E720730800A07320090920A1A4805F0FD
:10EEA800D7DA1A4B1D6809F081DD044609F078DDD0
:10EEB800294603462246164805F0CADA1DB0BDE8C1
:10EEC800F08F00BF0460010014040000F403000088
:10EED8008839010097390100D63901001B3A010031
:10EEE800F003000068600100563A01004B4154539A
:10EEF800713A0100953A0100CC3A0100F13A01005B
:10EF080044040000173B0100443B010004040000D6
:10EF18006C3B0100106001004804000008B5714610
:10EF2800034805F095DA0120BDE8084009F0249E61
:10EF38009A3B010000487047186001002DE9F34131
:10EF480007460C4609F032DD10B909F035DD3AE024
:10EF5800002620460DF106016A46ADF806600096C7
:10EF680007F103080AF072D9009D28F00308454408
:10EF780040F638039D4226D82DB328463146FFF780
:10EF880031FD0446F8B13146009A05F03BDA009BA2
:10EF9800A781ED1AE218C8EB050802EB0803A36085
:10EFA8006368013D62F3140363601B0C65F34F1340
:10EFB800E380204609F0DEDC01232080A370BDF841
:10EFC8000630E38104E0044B00241A6801321A6019
:10EFD8002046BDE8FC8100BF4C04000038B504465B
:10EFE800E389590621D4A278013AD2B2A270002A44
:10EFF80027D1E27862B1134B204653F82250E989B1
:10F008000AF0D4D928462146BDE8384006F0509A7F
:10F01800DA0516D40C4B2046A360218809F0D4DC0D
:10F028002046BDE83840FFF765BD074B2046A36082
:10F038002188A56B09F0C8DC2046FFF75BFD2C464C
:10F04800CEE738BD50610100EFBEADDEF8B51F4E0A
:10F0580001220D463068002102F0AAFF0021082293
:10F068000746306802F0A4FF022D014610D107EAD6
:10F07800000414F4806406D0306821F48061002212
:10F0880002F096FF2C46FA041ED544F004041BE057
:10F09800052D10D107F40064D4F1010438BF002411
:10F0A800BB0511D5306841F48061002202F080FF71
:10F0B80044F0200408E035B9306829460522BDE847
:10F0C800F84002F075BF00242046F8BD0004000097
:10F0D80029B9034B11461868072202F069BF704727
:10F0E800000400002DE9FF470446FFF723FF2368CB
:10F0F800C462032B03D1474B18680FF0EFD923687C
:10F10800A3F110020F2A04D804B0BDE8F04709F0B3
:10F11800CF9B032B0FD1404AE36C22F001029342AC
:10F1280009D1626C06339361636C4FF0FF321A6049
:10F1380004B0BDE8F087656CFFF7CAFD374E636C15
:10F14800F169C3EB000A3268354805F081D9A36C30
:10F1580021680093636C22460193A36831480293A7
:10F16800E36800270393E36C05F072D9E36904F1BF
:10F1780010010093236A2C480193636A4FEA9A0AA4
:10F188000293A36AB94603930EC905F061D9A36B2C
:10F1980004F12C010093E36B24480193236CB846D7
:10F1A80002930EC905F054D9EB682148009395E8FD
:10F1B8000E0005F04DD9EB6905F1100100931D48CB
:10F1C8000EC905F045D918E07A59D3070FD5FF2A9B
:10F1D8000DD9194B9A4204D902F16243B3F5801F45
:10F1E80005D81648394605F033D909F1010904371D
:10F1F800B9F10F0F08F1010801D8D045E4D13368FF
:10F20800002043F4806386E8180004B0BDE8F047A6
:10F2180009F0B29C00040000D1C0800070600100B9
:10F22800C63B0100DC3B0100113C0100443C0100ED
:10F23800733C0100913C0100F8370100AF3C01002C
:10F24800036810B5022B044603D0084B18680BF06E
:10F25800BDDE2046FFF746FF2368022B05D0034B8F
:10F268001868BDE810400BF0F19E10BD00040000C6
:10F27800014B1868704700BFB46001002DE9F041E8
:10F2880004464C200E46154698460AF0D1D8074643
:10F29800A0B100214C2205F0B5D84FF4F0637B6390
:10F2A8004FF47A73FB631C233B640C237B640423B5
:10F2B800C7F80C803E607D60BC60BB643846BDE822
:10F2C800F081704710B515F04BFF15F059FF15F098
:10F2D800B3F816F005F8044615F06CF820461BF054
:10F2E800D9FCFFF787FC2046BDE8104009F0AE9A2C
:10F2F800002301E0013340080028FBD1C3F12000BE
:10F308007047C0177047431E23EA0000FFF7F9BF94
:10F318004840FFF7F8BF22EA000208401043704750
:10F3280008B5FFF7F8FFC0B208BD2DE9F843DDF8CE
:10F33800208006460D4614469946002707E0E95DF9
:10F34800E25D3046FFF7ECFF08F8070001374F454C
:10F35800F5D1BDE8F8830379013BDBB2A3EB511388
:10F3680000EB83008068D0F1010038BF00207047AF
:10F3780010F0010130B51AD002230122591E0124D0
:10F388009DB214FA01F1202D02D09C40013C01E00D
:10F398004FF0FF3400FB02F52C40A14234BF89181E
:10F3A80011460133212B0A46E8D1084630BD0846EC
:10F3B80030BD38B5054600F51770FEF3BDF70024DB
:10F3C8000AE004F1760005EB8000436813B10430CD
:10F3D800FFF304F70134A4B2B5F85831A342F0D8CA
:10F3E80038BD2DE9F041061D9AB004460431304677
:10F3F80004321D46FEF384F60746002D30D0204621
:10F4080001210AAA202305F10408FFF3FDF647B9F4
:10F4180020462946FFF368F60028D4BF00200120C3
:10F4280000E001200021FFF773FF31460546424600
:10F438003046FFF3FBF4012112AA20232046FFF3F4
:10F44800E3F602AEE8B20AA912AA20230096FFF753
:10F458006CFF63682046012132469B0000F0AEDA5B
:10F468001AB0BDE8F081F0B5071D9BB00446043121
:10F47800384604321D46FFF3D9F4064625B3202347
:10F488000AAA01212046FFF3BFF630460021FFF704
:10F498003FFF2A1D064639463846FEF331F601215C
:10F4A80012AA20232046FFF3AFF602ADF0B20AA954
:10F4B80012AA20230095FFF738FF63682046012130
:10F4C8002A469B0000F07ADA1BB0F0BD2DE9F04126
:10F4D800B8B0154606468846FFF3C4F66A6804467F
:10F4E80002329300502B4FD8D8F8043003339B00D6
:10F4F800902B49D824A9FFF379F50746002844D072
:10F508006A6805F10801920026A804F0F7DED8F829
:10F518000420204669460332FFF368F504460028B4
:10F5280033D02846FFF3A2F66D686D01451B00E055
:10F53800203515F11F0FFBDB20464146FFF306F689
:10F548003DB13846294600F079DA2046294600F0D0
:10F5580075DA201D391DFFF39FF220463946FFF367
:10F56800C3F5002805DB204621463A460023FFF76D
:10F578007AFF1DB12046694200F060DA3046214624
:10F58800FFF3E4F5012000E0002038B0BDE8F08189
:10F5980008B528B1FFF36AF6D0F1010038BF0020A2
:10F5A80008BD2DE9F0410446ACB00D461646FFF300
:10F5B80059F66B6862682B94B2EB430F01D3201D98
:10F5C80008E001210022DB00FFF3CAF42B90002899
:10F5D8004ED00430291DFFF3DBF23046FFF7D8FF89
:10F5E8000121FFF795FE20230BAA01218046204622
:10F5F800FFF30AF62B981BAD201A18BF0120012132
:10F60800FFF786FE2B9907462046FFF39FF5012159
:10F6180013AA20232046FFF3F7F5F8B213A90BAA83
:10F6280020230095FFF781FE01212A46202320464A
:10F63800FFF3EAF5324620462B99FFF747FF0646C7
:10F64800B8B1012123AA20232046FFF3DDF503AE3C
:10F658005FFA88F023A92A4620230096FFF765FE63
:10F668003246204601212023FFF3CEF5012600E093
:10F6780006462B9B9C4202D02BA8FFF3AFF53046E1
:10F688002CB0BDE8F0812DE9F74FD2F804A0077936
:10F698005FFA8AF991F80480144600F1080609F126
:10F6A800FF390D4630460021BA005FFA89F908345F
:10F6B80004F0A8DE013F08F1FF3104EB890B6FEA83
:10F6C8000909C9B24FEA8909FFB208354FEA880823
:10F6D80005EB8105CDF80490002306EB8706C8F1F9
:10F6E800000900211DE05FFA8AF84FEA88085C46A5
:10F6F800C8EB0608304600270DE03A46076854F87C
:10F7080004C90023D2196F5843F10003E7FB0C2307
:10F7180040F804291F464045EFD101980439335079
:10F72800043E4945DFD10020BDE8FE8F2DE9F04FAA
:10F73800BDB088464699D0F80C900C1D8568039496
:10F7480000684C6808F10401049109F1040105916D
:10F758000790114628461A460023FFF794FF98F8A9
:10F76800042099F804302E790892002109F1080044
:10F778009A000835069306F1FF3A04F043DE039831
:10F7880005EB8A0AA50040194FEAC40B0A90CBEB97
:10F798000A0B5146A4460020AE462BE00B68079A98
:10F7A8000A9F53430E4609932546002002910EE016
:10F7B80057F8043931680B93002342180B980999BC
:10F7C80043F10003E1FB002346F80429184615F12C
:10F7D800FF35EDD20299A5004D1B07E01E680023F6
:10F7E800821943F1000345F804291846AB452B4616
:10F7F800F4D304391CF1FF3CD0D2059A069B754618
:10F8080002EB8306CBF80000CEEB0A0A224600235F
:10F8180003E05AF80310F150043B013A971CF8D161
:10F828000021D9F80800FFF773FD0599039A0746E8
:10F838000498FFF3FBF202212B4640460CAAFFF383
:10F84800E3F40498089900EB810303E056F80429CF
:10F8580043F8042914F1FF34F8D202211CAA2B46DC
:10F868004046FFF3D1F42CACF8B21CA90CAA2B46E5
:10F878000094FFF75AFD4046022122462B4600F02D
:10F888009DD800203DB0BDE8F08F2DE9F04F04462B
:10F898008BB0184609921F460891FFF3E3F47B6882
:10F8A80004F5AC7206929B00002200250590A4F88E
:10F8B800582107932E4668E004EB8609D9F804100E
:10F8C800002960D00698FFF3D7F0804600285AD167
:10F8D80001214246079B0598FFF342F305F1200AF0
:10F8E80004EB8A0ACAF85C01D9F8040004EB850322
:10F8F800C3F85C01FFF7FCFCC0F11F00C0B2049024
:10F908000999DAF85C01FFF321F4C146DDF810A08B
:10F9180032E04FF0010B05F1200884F860B204EBE7
:10F928008808D8F85C1104F5177C60460A460B462F
:10F93800CDF80CC00097FFF7F9FE049ADDF80CC06B
:10F9480053B2C9EB03030BFA03FB04EB86035B68B2
:10F958001BEA030F0AD0002384F86032D8F85C1140
:10F968006046089A0B460097FFF7E0FE0AF1FF3A57
:10F978005FFA8AFA09F101091AF0800FC9D0013536
:10F98800EDB2A4F858510136F6B294F84431B342B6
:10F9980092D801200BB0BDE8F08F2DE9F04F8346D7
:10F9A800ADF52F7D18461C4689469246FFF35AF45A
:10F9B800676801258046BE0000212422A1A804F022
:10F9C80021DD2946002233464046A195FFF3C8F2BF
:10F9D800294600223346AB904046FFF3C1F2294640
:10F9E80000223346AC904046FFF3BAF202217B195D
:10F9F8008B40AD90A1AA4046FFF3B2F2AA90AB9813
:10FA080000F008D8267904F10805013EF6B255F849
:10FA1800260010F0010000F093804946AA9A234678
:10FA2800AC98FFF32DF72346AB99AA9AAD98FFF34C
:10FA380027F755F82600FFF79BFC002105464FF4F1
:10FA48001E7203A804F0DEDC05236A4221469AA848
:10FA58008DF80C30FEF37CF4514603A8FEF3DEF378
:10FA6800234603A8AC99AD9AFFF70FFF9DF8507194
:10FA780007F1FF381FFA88F80FFA88F3002B4FDBDD
:10FA880003A800EB8303596859A8FEF3BBF61F28A7
:10FA980046D803A901EB8003D3F8DC11AD98FFF336
:10FAA80055F3C8F1000800252DE0AD9901238DF824
:10FAB8006C329AA80A460B460094FFF737FEBB1E25
:10FAC8001BB203A8EA18C3185B1993F8043131462E
:10FAD80001369942E9DB00EB8203596891B10023B2
:10FAE80059A88DF86C32FEF38DF61F2818D803A993
:10FAF80001EB8003AD990094D3F8DC219AA80B465A
:10FB0800FFF714FE013D45454FF00006D7D19AA8EE
:10FB18005946AD9AAB9B8DF86C620094FFF706FED0
:10FB280003A8FFF746FCACA8FFF358F3ADA8FFF312
:10FB380055F3ABA8FFF352F3AAA8FFF34FF3012044
:10FB48000DF52F7DBDE8F08F2DE9F04FB3B0039090
:10FB580018461C468A469346FFF384F3D4F804906B
:10FB6800012509F10107BF0080464FEA89060021F7
:10FB78003A4605A804F046DC2946002233464046AA
:10FB88000595FFF3EDF12946002233462E904046B5
:10FB9800FFF3E6F12946002233462F904046FFF353
:10FBA800DFF129460022334630904046FFF3D8F172
:10FBB80002213B46319005AA4046FFF3D1F12D9032
:10FBC8002E98FFF327F7267904F10805013EF6B2CF
:10FBD80055F82600DAF8047010F0010000F08B8068
:10FBE80051462D9A23462F98FFF34AF62E992D9ABF
:10FBF80023463098FFF344F655F82600FFF7B8FB84
:10FC08007F014242214626A8FEF3A2F3013F01E00C
:10FC1800A6F12007BEB258463146FFF79CFB0028E4
:10FC2800F6D109F1FF393FB20BF1080AA9EB6717C2
:10FC38005AF82700FFF75CFB361A3BE0309901259C
:10FC48000A460B4626A88DF89C500094FFF76EFDD7
:10FC5800294616AA20233098FFF3D6F230994FF0A0
:10FC680000080B462F9A26A88DF89C800094FFF771
:10FC78005DFD1EAA294620233098FFF3C5F206F041
:10FC88001F0015FA00F0A9EB67175AF8273041460C
:10FC98001840FFF73DFB0EAFC0B216A91EAA2023DD
:10FCA8000097FFF742FB309829463A462023FFF396
:10FCB80085F6013EB6B237B2002FBFDA00230399AA
:10FCC800309A8DF89C3026A82E9B0094FFF72EFDC5
:10FCD80026A8FEF331F32FA8FFF380F230A8FFF334
:10FCE8007DF22EA8FFF37AF22DA8FFF377F231A860
:10FCF800FFF374F2012033B0BDE8F08F2DE9F04F27
:10FD0800BFB0039018461D4689469246FFF3AAF2F3
:10FD18006E6802230124B60000278DF8F7300A2305
:10FD28003C9321463A463346804637973B978DF8B1
:10FD3800F640FFF315F121462D903A4633464046EA
:10FD4800FFF30EF121462E903A4633464046FFF324
:10FD580007F102212F903A4633464046FFF300F15F
:10FD6800214630903A4633464046FFF3F9F02146A3
:10FD780031903A4633464046FFF3F2F0214632903E
:10FD88003A4633464046FFF3EBF0214633903A4675
:10FD980033464046FFF3E4F0214634900DF1F60275
:10FDA80023463398FFF30AF621460DF1F70223465E
:10FDB8003498FFF303F621463A4633464046FFF3AC
:10FDC800CFF0214635903A4633464046FFF3C8F017
:10FDD800214636903A4633464046FFF3C1F0214665
:10FDE80038903A4633464046FFF3BAF021463990F8
:10FDF8003A4633464046FFF3B3F021463A903CAAD0
:10FE080023463098FFF3DAF530982B460246294608
:10FE1800FFF729FB03992A462D98FFF7C2FB2B46CB
:10FE280030992D9A2E98FFF32BF52E992A462F9864
:10FE3800FFF7B7FB2E982F9A01462B46FFF7D1FA0A
:10FE48002E98FFF7A5FB2146FFF762FA294684465C
:10FE5800349A2F982B46CDF808C0FFF704FB2E994B
:10FE68002F9A2B463198FFF76FFE4A462B4630995A
:10FE78002E98FFF305F52E9829460246FFF374F2F3
:10FE880051462E9A2B463598FFF3FAF452462B46E4
:10FE98002E982946FFF7E7FA484629462F9AFFF396
:10FEA80063F22E982F9A01462B46FFF3E9F42F9818
:10FEB8003399319A2B46FFF794FA2E992F9A2B46AD
:10FEC8003698FFF3DDF4202321461DAA3598FFF369
:10FED8009BF12023214625AA3698FFF395F1DDF8FA
:10FEE80008C00DF1540B5FFA8CF01DA925AA334602
:10FEF800CDF800B0FFF719FA334621465A46404676
:10FF0800FFF32EF02A46014637902E98FFF749FB5B
:10FF18002E98379A01462B46FFF3B2F44946379A92
:10FF28002B462F98FFF3ACF42E982F9A01462B46B8
:10FF3800FFF757FA524639982E992B46FFF751FA90
:10FF480030992D9A2B462E98FFF39AF42B462E992A
:10FF5800379A3898FFF394F438992A462E98FFF781
:10FF680020FB2E98389A01462B46FFF389F4494620
:10FF7800389A2B462F98FFF383F42E982F9A014630
:10FF88002B46FFF72EFA52463A982E992B46FFF742
:10FF980028FA339A2B462E982946FFF764FA2E98AA
:10FFA8002146FFF34BF52E982B4602463999FFF769
:10FFB800CBFD2E98FFF7ECFA214681462E98FFF3E9
:10FFC800AFF2214640EA0900FFF7A2F9214681462F
:10FFD8001DAA20233998FFF317F15FFA89F9202326
:10FFE800214625AA3A98FFF30FF148461DA925AAEC
:08FFF8003346CDF800B0FFF71D
:020000041001E9
:1000000098F921465A4633464046FEF3ADF7202381
:100010003B9021461DAA3798FFF3FAF02023214692
:1000200025AA3898FFF3F4F00DF1140A48461DA9EB
:1000300025AA3346CDF800A0FFF77BF920232846F8
:1000400021461DAAFFF3E4F006F1FF393EAB9944C7
:1000500019F8843C03F00303032B03D0444804F055
:10006000FBD954E03A46404621463346FEF37CF73E
:100070003B4680462946339A2E98FFF7B6F92E98CC
:100080000221FFF3DFF42B463B992E9A4046FFF7FF
:100090005FFD21461DAA20230398FFF3B9F025AA8E
:1000A000202321464046FFF3B3F019F8840C19F8D9
:1000B000641C00F0010001F00101FFF72DF9294651
:1000C0002B46074642462E98FFF7D1F921461DAA36
:1000D00020234046FFF39CF0214625AA20232E989A
:1000E000FFF396F00AEB0605F8B21DA925AA3346E0
:1000F0000095FFF71EF92146524633464898FFF314
:1001000061F4499821462A463346FFF35BF42DA853
:10011000FFF368F02EA8FFF365F02FA8FFF362F05D
:1001200031A8FFF35FF030A8FFF35CF032A8FFF3D3
:1001300059F033A8FFF356F034A8FFF353F035A875
:10014000FFF350F036A8FFF34DF037A8FFF34AF065
:100150003BA8FFF347F038A8FFF344F039A8FFF3BA
:1001600041F03AA8FFF33EF000203FB0BDE8F08F29
:10017000E93C010000487047883D01000048704795
:10018000103D0100004870474C3D01000048704799
:10019000C43D0100012801D1FFF7F0BF022801D1C1
:1001A000FFF7F0BF032801D1FFF7F0BF042801D10A
:1001B000FFF7E0BF0020704700487047DC60010097
:1001C00000487047305D0100014B43F82010704734
:1001D00050610100034B53F82000431A584240EB92
:1001E000030070475061010042893C2928BF3C212F
:1001F000034691422CBF0846104698817047000084
:1002000000F13402342A08B5034606D905482021F6
:10021000054A04F061D9034808BD044A434252F834
:10022000230008BD306101007F3E01000CA2880060
:1002300038B5049C1D467CB1FF2B0DD002B95BB9CB
:100240006B1C2070A170637025B11146E01C2A461A
:1002500004F058D803356419204638BDC0F38040F7
:1002600070470000044B00F44032134303420CBFBC
:1002700000200120704700BFD091540038B50546DA
:10028000FFF7F0FF38B10B4B2B4033B915F4900456
:1002900018BF182402E0044600E01024284605F0A8
:1002A000BDDF20B1034B2B40002B18BF102420468C
:1002B00038BD00BFC4D1040000487047685D01002C
:1002C00000487047785201000020704708B5FFF7DA
:1002D000F3FF41780278012313FA01F113FA02F2D5
:1002E0000A4381788B4042EA030008BD2DE9F743B9
:1002F0004FF0000804460F4616469946454601232E
:1003000003FA08F313EA090F2BD063692046222B66
:100310000ADDE3695A0607D540F6270100220EF0F0
:10032000AFDA0146204600E000214FF4C4620EF02F
:1003300047D9C0F8008063692046222B0ADDE369B3
:100340005B0607D540F6270100220EF099DA014638
:10035000204600E0002140F224620EF031D903680B
:100360001D4308F10108B8F11F0FC8D19DF82830CE
:100370004BB145B10123009320462B463946324606
:10038000FFF7B4FF05432846BDE8FE83816838B512
:1003900040F63C039942044628D1C3680B2B03D88E
:1003A0004FF0A871994001D40C2B1FD949F21823A2
:1003B0009A4205D049F640439A4217D10C4D00E0CD
:1003C0000C4D63692046222B0ADDE369590607D5E7
:1003D00040F6270100220EF053DA0146204600E0E5
:1003E000002140F2DC620EF0EBD8056038BD00BFA2
:1003F00099010100B601010038B543690446222B7A
:100400000ADDC3695D0607D540F6270100220EF01C
:1004100037DA0146204601E0204600214FF4C06251
:100420000EF0CED80568204605F07C05AD08FFF734
:1004300047FF03E08378AB4207D00C3010B103884C
:10044000002BF7D12046FFF73FFF03884FF47A7067
:10045000584338BD70B5044616460D460AF0B0DD67
:1004600094F86023094B002818BF0123012A94F84F
:10047000682308BFD4F85C33012A0CBFD4F8642386
:100480006FF000422B60326070BD00BF0100820E31
:100490002DE9FF471D46436990460022222B044662
:1004A00089460292039209DDC3695F0606D540F6CC
:1004B00027010EF0E5D90146204601E02046002143
:1004C0004FF4C4620EF07CD80560236A20460C2BE2
:1004D000636916DD222B0ADDE3695E0607D540F667
:1004E000270100220EF0CCD90146204600E0002171
:1004F0004FF4C5620EF064D807683F0CBF05BF0D0E
:1005000014E0222B0ADDE369590607D540F62701DE
:1005100000220EF0B5D90146204600E000214FF43C
:10052000C5620EF04DD807683F0AFFB20123AB4009
:1005300000262046494642460096FFF7D7FE05466C
:10054000012212FA06F32B4207D0009220464946B8
:100550004246FFF7CBFE25EA000501361F2EEFD1FC
:10056000204602A903AAFFF775FF029B002625EA91
:10057000030A35460123AB4013EA0A0F08D0204690
:1005800049464246EBB2FFF783FF864238BF064634
:1005900001351F2DEED1B81C801904B0BDE8F087DD
:1005A0002DE9F041069E044615461F46FFF78EFED4
:1005B000002870D010EA060800EA07072CD063690B
:1005C0002046222B0ADDE3695A0607D540F62701AB
:1005D00000220EF055D90146204600E0002140F2ED
:1005E0001C620DF0EDDF63690646222B20460ADD12
:1005F000E3695B0607D540F6270100220EF040D9DB
:100600000146204600E0002140F21C620DF0D8DFD8
:10061000036843EA08033360002F2BD06369204648
:10062000222B0ADDE3695E0607D540F6270100228A
:100630000EF026D90146204600E000214FF4C362A7
:100640000DF0BEDF63690646222B20460ADDE36912
:10065000590607D540F6270100220EF011D90146B0
:10066000204600E000214FF4C3620DF0A9DF0368CB
:100670001F433760079B9A0305D4BDE8F0810A2029
:1006800008F0C8DB01E040F2DD54D5F8E0319B030F
:1006900001D4013CF3D1BDE8F081F7B51E464369B2
:1006A0000446222B0F4615460BDDC3695A0608D5B2
:1006B00040F6270100220EF0E3D8009701462046BD
:1006C00002E00097204600214FF0FF334FF4CA624A
:1006D0000EF026DC6369222B0CDDE3695B0609D58D
:1006E00040F62701204600220EF0CAD800960146A7
:1006F000204602E000962046002140F254622B463C
:100700000EF00EDCFEBDF7B51E4643690446222BF3
:100710000F4615460BDDC3695B0608D540F6270179
:1007200000220EF0ADD800970146204602E0009767
:10073000204600214FF0FF334FF4CB620EF0F0DB88
:100740006369222B0CDDE369590609D540F62701C0
:10075000204600220EF094D800960146204602E082
:1007600000962046002140F25C622B460EF0D8DB5A
:10077000FEBDF7B51E4643690446222B0F461546BB
:100780000BDDC369590608D540F6270100220EF09B
:1007900077D800970146204602E0009720460021C6
:1007A0004FF0FF334FF4CC620EF0BADB6369222BBB
:1007B0000CDDE3695A0609D540F6270120460022E0
:1007C0000EF05ED800960146204602E000962046D4
:1007D000002140F264622B460EF0A2DBFEBD4369AD
:1007E00013B5222B04460DDDC3695B060AD540F61E
:1007F000270100220EF044D84FF480630146009395
:10080000204604E04FF480630093204600214FF41B
:10081000C0620EF085DB1CBD2DE9F04F013AD2B26B
:10082000082A85B004469A4615D8374B9E5C374B4C
:100830009F5C374B13F80290364B9B5C0393364B0F
:1008400013F802B0354B9B5C0293354B13F80280D2
:10085000344B9D5C07E00025A8460295AB46039506
:10086000A9462F462E466369222B0DDDE3695B0600
:100870000AD540F62701204600220EF001D8CDF817
:1008800000900146204603E0CDF80090204600216C
:100890004FF0FF334FF4CB620EF042DB6369222B43
:1008A0000FDDE36958060CD540F6270120460022EB
:1008B0000DF0E6DF07EA0A03B34001460093204645
:1008C00005E007EA0A03B34020460093002117FA27
:1008D00006F340F25C620EF023DB039B83B148FA1F
:1008E0000BF208EA0A0848FA0BFB2046029C29464C
:1008F000A2400BFA04F305B0BDE8F04FFFF703BFC9
:1009000005B0BDE8F08F00BF5C51010065510100EA
:100910006E5101007751010080510100EC5301003C
:10092000F8510100015201002DE9F84304468946BF
:100930000DF040DE0021064620460EF0EBDB80463F
:100940002046FFF7B9FC074620460EF055DA494627
:10095000054642463B782046FFF79AFD0B230230BE
:100960005843074B3146EB18B3FBF5F5454320469A
:100970000EF0D0DB0A23B5FBF3F5A8B2BDE8F8838F
:100980003F420F0038B543690446222B0ADDC36994
:100990005D0607D540F6270100220DF071DF014604
:1009A000204601E02046002140F214620DF008DEEE
:1009B00063690568222B20460ADDE369590607D5DD
:1009C00040F6270100220DF05BDF0146204600E0E3
:1009D000002140F214620DF0F3DD03689D4214D053
:1009E00063692046222B0ADDE3695A0607D540F6E3
:1009F000270100220DF044DF0146204600E00021DF
:100A000040F214620DF0DCDD0568284638BD38B5CB
:100A10001C461D68FFF7B6FF03462360401B38BD28
:100A20002DE9F743002504460F46164698469DF8E3
:100A300028900195FFF7A6FF019063692046222BBD
:100A40000ADDE3695B0607D540F6270100220DF0B9
:100A500017DF0146204600E000214FF4C2620DF08E
:100A6000AFDDB9F1010F006801D108B90EE050B94E
:100A7000B8EB451F09D920463946324601ABFFF78E
:100A8000C6FF2D18D9E7002000E001200B9B6D0167
:100A90001D60BDE8FE832DE9F04F002685B080463D
:100AA000894692460396012503AF40464946524681
:100AB00043F6982300950197FFF7B2FF044688B9E3
:100AC0008DE881004023404649465246DDF80CB08F
:100AD000FFF7A6FF039B38B99B445E4443F6972378
:100AE0009E42E0D9284600E0204605B0BDE8F08FE0
:100AF0002DE9F843994643690446222B0E461546D4
:100B0000DDF82080099F0ADDC3695A0607D540F643
:100B1000270100220DF0B4DE0146204601E0204608
:100B200000214FF4C3620DF04BDD03682046C9F885
:100B300000306369222B0ADDE3695B0607D540F6C6
:100B4000270100220DF09CDE0146204600E0002136
:100B500040F21C620DF034DD03682046C8F8003016
:100B6000D5F8E0313B60FFF7B1FB0746002872D0B3
:100B7000D5F8E031990304D4204631462A46FFF7E0
:100B80008AFF63692046222B0ADDE3695A0607D5EE
:100B900040F6270100220DF073DE0146204600E0FA
:100BA00000214FF4C3620DF00BDD63690646222B72
:100BB00020460ADDE3695B0607D540F627010022DF
:100BC0000DF05EDE0146204600E000214FF4C362D6
:100BD0000DF0F6DC0368FF433B4033606369204659
:100BE000222B0ADDE3695E0607D540F627010022C5
:100BF0000DF046DE0146204600E0002140F21C6276
:100C00000DF0DEDC63690646222B20460ADDE3692F
:100C1000590607D540F6270100220DF031DE0146C6
:100C2000204600E0002140F21C620DF0C9DC0368A0
:100C300040F2DD541F40376002E00A2008F0EAD895
:100C4000D5F8E0319A0301D5013CF6D16420BDE826
:100C5000F84308F0DF98BDE8F88337B5044601ABE8
:100C60004FF400616A460EF063DA63692046222B76
:100C70000ADDE3695D0607D540F6270100220DF085
:100C8000FFDD0146204600E000214FF4CE620DF06A
:100C900097DC056815F0005316D063692046222BB7
:100CA0000ADDE369590607D540F6270100220DF059
:100CB000E7DD0146204600E000214FF4CE620DF052
:100CC0007FDC0560012500E01D4620469DE806000A
:100CD0000EF04CD928463EBD70B504460E460DF0C8
:100CE00069DC0021054620460EF014DA3146024642
:100CF0002046FFF781FB2946064620460EF00ADA19
:100D0000304670BD014B1860704700BF9461010010
:100D1000F8B5484F04463A68002A40F08980436994
:100D2000222B09DDC3695B0606D540F627010DF0CD
:100D3000A7DD0146204601E02046002140F2146272
:100D40000DF03EDC63690568222B20460ADDE3696D
:100D50005E0607D540F6270100220DF091DD014621
:100D6000204600E0002140F214620DF029DC036807
:100D70009D4214D063692046222B0ADDE36959069F
:100D800007D540F6270100220DF07ADD0146204606
:100D900000E0002140F214620DF012DC056842F21E
:100DA000107008F037D863692046222B0ADDE3690A
:100DB0005A0607D540F6270100220DF061DD0146F5
:100DC000204600E0002140F214620DF0F9DB636977
:100DD0000668222B20460ADDE3695B0607D540F64C
:100DE000270100220DF04CDD0146204600E00021E5
:100DF00040F214620DF0E4DB03689E4214D0636994
:100E00002046222B0ADDE3695E0607D540F627015E
:100E100000220DF035DD0146204600E0002140F2C1
:100E200014620DF0CDDB0668751B642675433D60CA
:100E30003868F8BD946101002DE9F74F04468846F3
:100E400091461F460DF0E8DF8346002840F0D98028
:100E500020460DF0AFDB5946824620460EF05AD9A7
:100E6000636905462D2B0CD1D0F8F430B9F1000F91
:100E700002D023F0007301E043F00073C5F8F430B2
:100E8000B8E02046FFF718FAC37801269E4000F02C
:100E9000B180B9F1000F5ED063692046222B0ADDD4
:100EA000E369590607D540F627015A460DF0E8DCFC
:100EB0000146204600E000214FF4C3620DF080DBC4
:100EC000036841463B6043EA06070123009320463E
:100ED0003B462A46FFF70AFA63690743222B20465E
:100EE0000ADDE3695A0607D540F6270100220DF016
:100EF000C7DC0146204600E000214FF4C3620DF03C
:100F00005FDB414607602A462046FFF7C4FD4FF4E9
:100F10007A7007F07FDF40F2DD5702E00A2007F029
:100F200079DF63692046222B0ADDE3695B0607D57A
:100F300040F6270100220DF0A3DC0146204600E028
:100F4000002140F20C620DF03BDB0368334242D1DA
:100F5000013FE3D13FE03A689AB963692046222B0A
:100F600009DDE3695F0606D540F627010DF088DC50
:100F70000146204600E000214FF4C3620DF020DB63
:100F8000026822EA06070123009320463B464146B9
:100F90002A46FFF7ABF96369074337420CBF0026C7
:100FA0000126222B20460ADDE369590607D540F6C3
:100FB000270100220DF064DC0146204600E00021FC
:100FC0004FF4C3620DF0FCDA414607602A46204622
:100FD000FFF761FD00E0012640F22D1702E00A2034
:100FE00007F018DF2B6903F48053B3EB063F01D001
:100FF000013FF4D12046514603B0BDE8F04F0EF05A
:10100000899803B0BDE8F08FF0B589B004460D466D
:1010100006AA07AB4FF400610EF08AD82946204695
:10102000FFF75AFE4FF47A760022B0FBF6F613462D
:1010300002212046FFF79DFB00220746134600F0E1
:101040000F0503212046FFF794FB4FF680733B40CA
:10105000DF094FF4000320F07F42009303A804A9A6
:10106000334603F09DDE05A80399049A18237743BD
:1010700003F0DADE05B92D60059A4FF400630093A2
:101080004FF4805303A804A9BA1893FBF5F303F0B7
:1010900087DE02A80399049A0C2303F0C5DE2046DC
:1010A0000699079A0DF062DF029809B0F0BD10B5FD
:1010B00004460DF0E7DE01462046BDE81040FFF78C
:1010C000A3BF70B504461646FFF7F1FF63690546F6
:1010D000222B20460ADDE3695B0607D540F627018F
:1010E00000220DF0CDDB0146204600E000214FF448
:1010F000CC620DF065DA04230360D6F864364FF451
:101100007A70DBB2B5FBF3F5684370BD70B5044689
:101110000E460DF04FDA0021054620460DF0FADFAD
:10112000314602462046FFF7CCFF294606462046B8
:101130000DF0F0DF304670BDFFF7E8BF37B504466D
:10114000FFF7B5FF4FF400616A4601AB0546204644
:101150000DF0EEDF0022134620460421FFF709FBC5
:1011600000F47F40030A00B91B60B5FBF3F520468D
:101170009DE806000DF0FADE28463EBD70B5044637
:101180000E460DF017DA0021054620460DF0C2DFAD
:10119000314602462046FFF77EFC2046FFF78CF8DA
:1011A00063690646222B20460ADDE3695A0607D505
:1011B00040F6270100220DF063DB0146204600E0E7
:1011C000002140F20C620DF0FBD9F378012111FAF5
:1011D00003F3026829461A420CBF00260126204666
:1011E0000DF098DF304670BD70472DE9FF47836EE4
:1011F000002204460D460292039263B1D0F8CC104F
:1012000000EB8101D1F8D400216E884205D1606ED7
:101210009847814602E0994600E0914620460DF04D
:10122000C9D90021824620460DF074DF02A980460C
:1012300003AA2046FFF70EF9029F00260396F7B196
:101240003B462046294642460096FFF74FF8636921
:101250003843222B029020460ADDE369590607D560
:1012600040F6270132460DF00BDB0146204600E038
:1012700000214FF4C3620DF0A3D9029B0360039ECB
:10128000FEB1002733462046294642460097FFF725
:101290002DF863693043222B039020460ADDE36971
:1012A0005A0607D540F627013A460DF0E9DA01461D
:1012B000204600E0002140F21C620DF081D9039B22
:1012C0000360294642462046FFF7E5FB204651468B
:1012D0000DF020DFE36E5BB1D4F8CC2004EB82028A
:1012E000D2F8D410226E914202D1606E49469847DE
:1012F000BDE8FF8710B500220C4608F0B1D8A0B9B0
:101300000A4B1B688BB11A787AB1DA8994420CD8EF
:10131000184604F0E1D820B1054B1A6801321A6072
:1013200010BD044B1A6801321A6010BD440400005D
:10133000986101009C610100037E2BB14069D0F1EE
:10134000010038BF0020704701207047014B03EBBC
:10135000C0007047A0610100014B03EBC000704763
:10136000C061010070B50C46164609F0B3DD80B1CE
:1013700000252846FFF7F0FF03681BB980E85000FE
:10138000184670BD0135EDB2042DF2D14FF0FF309B
:1013900070BD4FF0FF3070BD6FF0160070477047A2
:1013A0007047000003682DE9F041C0F82031436820
:1013B0000022C0F824318368C0F82831C368C0F81F
:1013C0002C310369C0F830314369C0F83431836986
:1013D000C0F83831C369C0F83C3100F59073534E02
:1013E0001C69DF699559D3F814C07D194FEAB41709
:1013F00087EAF42787EA7467ED199F6927EA0407EB
:1014000004EA0C047C402C198D1811F802C0EF7806
:10141000043247EA0C6795F801C0AD7847EA0C47FB
:1014200047EA05256419DD61DD68402A2544DD6051
:1014300093E8A01087EA0C0808EA05080CEA070CF4
:1014400088EA0C074FEAB50C8CEA753C8CEAB55576
:101450003D442C4443F8044DC1D100F1E00306F1B2
:101460003C0500F120071A6955F8044FD9695E69F7
:1014700061184FEAB21484EAF22484EA726409190A
:101480009C69D3F85CC024EA0204324062409E6B3F
:101490005C6A66444FEA744C8A188CEAF44C996D85
:1014A0008CEA942434194FEAF11686EAB14686EAAA
:1014B000D10161185218D961D9688918D96093E8A7
:1014C000520084EA060C0CEA010C26408CEA060461
:1014D0004FEAB10686EA713686EAB1516118891879
:1014E00043F8041DBB42BED1036842685918436AE1
:1014F0000160D31843608268836AD3188360C2682E
:10150000C36AD318C3600269036BD31803614269CD
:10151000436BD31843618269836BD3188361C269BB
:10152000C36BD318C361BDE8F08100BFC054010094
:10153000F0B5034696100F46002510E057F8044B0F
:1015400001354FEA146C83F800C04FEA144C83F85D
:1015500001C04FEA142C83F802C0DC700433B5429A
:10156000ECDB26EAE67312F0030200EB83000AD0FC
:1015700051F823401821002334FA01F5C5540133F2
:1015800008399342F8DBF0BD00487047645401000D
:10159000D0F8B43170B5D318934204460E461546C0
:1015A000C0F8B43104D2D0F8B0310133C0F8B03152
:1015B000D4F8AC21AB183F2B0AD8A21802F5B670AC
:1015C00031462A4602F09EDED4F8AC315D1925E0A2
:1015D000E2B1A0183146C2F1400200F5B67002F047
:1015E00091DED4F8B831201D04F5B6719847D4F8CF
:1015F000AC31C3F14002403BB6185D1906E03146FC
:10160000D4F8B831201D98474036403D3F2DF6DCD8
:1016100004F5B67031462A4602F074DEC4F8AC51C7
:1016200070BD0000012910B5044640F8041B05D127
:101630000A4B0B49C4F8B831142204E0094B0A499B
:10164000C4F8B831202202F05DDE0020C4F8AC01FD
:10165000C4F8B001C4F8B40110BD00BF0D430000D0
:10166000C055010045400000A0540100F8B50446F3
:1016700000F5AA760D4600F58A77214630461422F9
:1016800002F040DE30696649726841183068331FE5
:1016900001EBF061F06820EA020CB06810408CEABF
:1016A0000000091846F8041C687895F800C000048A
:1016B00040EA0C6095F803C04FEAB20240EA0C0021
:1016C00095F802C0043540EA0C2041189F42306171
:1016D00046F8041C72601E46D4D304F58275306946
:1016E0004F497268411853F80409F76801EBF0613B
:1016F000B06827EA0207104078400918376BF06994
:101700004FEAB2027840B76C72607840376D78402B
:101710004FEAF0703061081846F8040C043EAB4202
:10172000DDD804F1B4061A4615693E4950686918B7
:1017300053F80459D76801EBF561956845407D4041
:101740004919176BD5694FEAB0007D40976C50601E
:101750007D40176D7D404FEAF57515614D1942F8D2
:10176000045C043AB342DFD804F1640C1A461569EC
:101770002D49101D691853F80459C1C801EBF561D2
:1017800086EA07050540374085EA07068919D569C5
:10179000166B4FEAB0007540966C50607540166D40
:1017A00075404FEAF57515614D1942F8045C043A2D
:1017B0006345DCD804F114061D691C495868691892
:1017C0001D68DF6801EBF5619D681A4645407D4064
:1017D00049191F6BDD694FEAB0007D409F6C58606E
:1017E0007D401F6D7D404FEAF57549191D6143F835
:1017F000041C043B9E42DFD3236859182160136800
:101800006168CB1863605368A168CB18A360E16876
:101810009368CB18E3602169D368CB182361F8BDC6
:101820009979825AA1EBD96EDCBC1B8FD6C162CAF2
:1018300030B5034685B00C4615466846194607F094
:10184000B3DE20466946102DB4BF2A46102202F0AE
:1018500059DD05B030BD07F0039F08B507F0ECDE99
:10186000002008BD38B504460D46FFF78DFE03463F
:10187000E4B10022226062600122AA4001680A42AB
:101880000AD100F114014069024204D103F1280198
:101890009B6A1A420DD00B4604F11000636025606C
:1018A000A0609B6829469847002038BD6FF0010072
:1018B00038BD6FF0160038BD08B5436813B1DB685A
:1018C0008068984708BD08B5436813B11B698068F4
:1018D000984708BD013806289ABF024B18560020C9
:1018E000704700BFD4550100F8B5044600680E46A5
:1018F0001546FFF7EFFF00284AD0D4F8AC2180212D
:10190000A31883F86C11531CA842B8BF0546382BA6
:10191000C4F8AC3111D9A01800F5B6700021C2F19D
:101920003F02013002F072DDD4F8B831201D04F519
:10193000B67198470023C4F8AC31D4F8AC2100212B
:10194000A01800F5B670C2F1380202F05FDDD4F8DD
:10195000B021D4F8B431D20042EA5372DB00C4F8AB
:10196000B021C4F8B431082204F5D27004F5D8715E
:10197000271DFFF7DDFD384604F5B671D4F8B83100
:101980009847304639462A46BDE8F840FFF7D0BDB3
:10199000F8BD07280AD84FF0C243834004D44FF063
:1019A000F053834004D401E040207047002070478A
:1019B000802070472DE9F0470C46B0B090469A461B
:1019C0000746002846D00846FFF784FF8146204698
:1019D000FFF7DFFF5045064607F1800513DA214681
:1019E0002846FFF73FFF414652462846FFF764FF6F
:1019F000284620A94A46FFF766FF4E45B4BFB246C7
:101A0000CA460DF18008002309E018F8032082F08F
:101A1000360182F05C020DF80310FA54013353458D
:101A2000F3DB2AEAEA7A07E036230DF80A305C2372
:101A300007F80A300AF1010AB245F5DB21462846CB
:101A4000FFF710FF044638B9284669463246FFF7CB
:101A500033FF01E06FF00104204630B0BDE8F087AD
:101A600010B18030FFF728BF70472DE9F843DDF84B
:101A7000208004461546994661B10E46002707E0CE
:101A800032881AB120467168FFF7EAFF013708363D
:101A9000AF42F5DBB9F1000F09D0B8F1000F06D065
:101AA000204649464246BDE8F843FFF7D9BFBDE8A6
:101AB000F8832DE9F0478A4690B090460646002804
:101AC0002BD0D0F8807000F180043846FFF761FF1A
:101AD00081463846FFF7FEFE05462A4620466946FF
:101AE000FFF7F1FE39462046FFF7BCFE204631469F
:101AF0004A46FFF7E1FE204669462A46FFF7DCFE2C
:101B0000204669462A46FFF7DEFE504669464545AF
:101B1000B4BF2A46424602F0F5DB10B0BDE8F087BC
:101B2000F0B51446ADF5337D07460E461D4602A8B6
:101B3000234639463246FFF73DFF044660B9BA9B5B
:101B400002A800932946B89AB99BFFF78EFF02A816
:101B5000BB99BC9AFFF7ADFF20460DF5337DF0BD74
:101B60002DE9F04F93B01E9F81468B4692461C464E
:101B70001F9D002F68D0002D68D02BB1184602F0B1
:101B8000F1DC00F1010800E098464846FFF7A2FEAC
:101B9000064600285CD0431EEB1893FBF0F3FF2BA6
:101BA000079355DC4FF6FF73984551DC1D9A9A4216
:101BB0004EDC2B4BADF83420002C08BF1C461C9B80
:101BC00001220E9312AB03F8012D1093032300930F
:101BD0000023ADF82400ADF83C2001930293A84205
:101BE000D4BF049004955946484652460BAB0C941A
:101BF0000A97ADF82C800397FFF792FF0446002860
:101C00002AD14FF0020819E0AD1B002D0A9723DD01
:101C100004230093002301930293BF1948465946B9
:101C2000524609AB8DF847800397B542D4BF04955F
:101C30000496FFF775FF08F1010860B9079A08F1EB
:101C4000FF339342E0DD07E03C4605E02C4603E02D
:101C50006FF0160400E00446204613B0BDE8F08F94
:101C600005EA89000B4B10B51A681C46904204D156
:101C70005A68914201D1184610BD6369054A9842DD
:101C800006D19069143281420CBF1046002010BD6D
:101C9000002010BD6C5D010073B504460CF0F6DE4B
:101CA00014237422204640F60C410CF04FDE2046EF
:101CB000012104220DF030D82046022104220DF02B
:101CC0002BD801250021204640F61C624FF0FF333F
:101CD00000950CF0A7DE112300930021204640F66A
:101CE00018624FF0FF330CF09DDE41F202130093B7
:101CF0000021204640F644424FF0FF330CF092DEC4
:101D0000F32320464FF45E614FF0FF320CF01EDEED
:101D10000023204640F6F8514FF0FF320CF016DE5B
:101D20000023204640F6E4514FF0FF320CF00EDE67
:101D30000823204640F6EC514FF0FF320CF006DE4F
:101D40000023204640F6E8514FF0FF320CF0FEDD54
:101D5000DB2320464FF45D614FF0FF320CF0F6DDDF
:101D60000C220023204640F654410CF0EFDD284BB6
:101D700000210093204640F6BC524FF0FF330CF098
:101D800051DE244B29460093204640F6BC524FF0CA
:101D9000FF330CF047DE204B02210093204640F633
:101DA000BC524FF0FF330CF03DDE2A462B46204656
:101DB00040F624610CF0CADD40F6FF730093002169
:101DC000164E204640F6B4524FF0FF330CF02ADE98
:101DD0000021204640F6B8524FF0FF3300960CF039
:101DE00021DE4BF6982300932946204640F6B85250
:101DF0004FF0FF330CF016DE20464FF45C614FF0DD
:101E0000FF32334602B0BDE870400CF09F9D00BF2A
:101E1000101112131415161718191A1B10325476B4
:101E200013B50C4602B949B1084913B10B681C40FF
:101E300003E00B681C4324EA0304224000920021C3
:101E4000702223460CF0BADB1CBD00BFA4040000C6
:101E500013B5144642690A2A0FDD29B1012905D0BC
:101E600002290AD1842202E0782200E07C22009339
:101E7000002123460CF0A2DB01E04FF0FF301CBD37
:101E80002DE9F04104460CF07BDF00210A460B46A9
:101E900007462046FFF7C4FF00210A460B460646C8
:101EA0002046FFF7D5FF00220546022120461346B3
:101EB000FFF7CEFFD4F8788015E0D8F8083083B16A
:101EC00098F80420002AD8F80C200CBF2846384681
:101ED00000EA020012D03240904202D0D8F800103E
:101EE0009847D8F81080B8F1000FE6D12046414657
:101EF0002A462B46BDE8F041FFF7AABF0028EDD1E6
:101F0000EFE74FF48030704738B500251D70D1F8E9
:101F1000CC304FF4006113602A4604460DF0ECD833
:101F2000054638B1D0F8E031DA0103D4204601216A
:101F30000DF0BCDC284638BD73B504460DF02AD838
:101F400018B920460DF0D2D860B3204621466A4623
:101F50000DF10703FFF7D8FF0646C0B140F22D157B
:101F600002E00A2006F056DFD6F8D431180706D46E
:101F7000013DF6D103E00A2006F04CDF01E040F21B
:101F80002D15D6F8D431590701D5013DF3D120469E
:101F900000210DF08BDC9DF807301BB9204600991D
:101FA0000DF0B8D87CBD10B5044607F0CDD820465A
:101FB000FFF7C2FF012010BDF0B585B004460D4605
:101FC00017460DF093D8002800F09480A66E6EB1ED
:101FD000D4F8CC3004EB8303D3F8D420236E9A4298
:101FE00003D1606EB047064600E000262046214639
:101FF00002AA0DF10F03FFF787FF002863D0082F17
:1020000061D8DFE807F005141C2735404A550D005C
:102010000095204600214FF49C724FF0FF334EE0B4
:102020000021009120464FF49C720B4647E04FF090
:10203000FF330093204600214FF49A723FE00021C5
:1020400020464FF4EC720B4600910CF0B7DA00F02A
:10205000010539E025B1202300932046002103E04B
:1020600002230093204629464FF4E872222326E0FB
:10207000002120464FF49A720B4600910CF09EDA34
:10208000C0F3C02520E0002120464FF4E0720B464B
:1020900000910CF093DAC5B216E0002120464FF40F
:1020A0009A720B4600910CF089DAC0F340250BE0E0
:1020B000EDB20095204600214FF4E072FF230CF0B2
:1020C0007DDA054600E001259DF80F301BB920465A
:1020D00002990DF01FD8E36E6BB1D4F8CC2004EB5D
:1020E0008202D2F8D410226E914204D1606E314641
:1020F000984700E00546284605B0F0BD0048704707
:10210000C05D01000020704710B50C4641B18B68DE
:1021100023B9C06F09680EF029DBA060A06810BD6C
:10212000C06F10BD1FB5084A03460092074A084613
:102130000192074A0749126802921A68064B02F098
:10214000D5DB05B000BD00BF1456010040390100C9
:1021500090600100E55501000856010008B1D0F873
:1021600088007047642910DC632921DA4A291FD0CE
:1021700005DC07291FDB08291ADD3C2912E050295C
:1021800016D018DB5C39032911E0C32904DCC2290D
:102190000EDAA83902290AE0B1F5847F08D003DC01
:1021A000B1F5807F07D103E0A1F58971012902D83B
:1021B0006FF0160070470020704700207047C888F5
:1021C00010F0080018BF6FF0160070474A6810B58D
:1021D00093424C8829DBE30603D503681B7E002B62
:1021E00026D1210703D503681B7E002B23D0A2062E
:1021F00002D5437E002B21D0630722D414F00303C1
:1022000022D002994CF05EDE00281FD0E10702D5F3
:102210008379002B1DD114F002041DD08379002B8B
:102220000CBF6FF00500002010BD6FF0010010BD65
:102230006FF0040010BD6FF0030010BD6FF00A00D6
:1022400010BD6FF0160010BD184610BD6FF01D00D8
:1022500010BD6FF0060010BD204610BD37B5054615
:10226000900723D58C6A0CB3A168226963680905BD
:10227000C3F30043117A44BF43F00203DBB211B150
:10228000D2F8080101E0D2F804017F228DE80C00A9
:102290000022383004F13C01134675F081DB2846FA
:1022A000214603B0BDE830407CF0E69F03B030BD6E
:1022B0002DE9F04F87B000230F4610AC1599049319
:1022C00005938046934694E87002DDF850A04CF0E8
:1022D000F9DDB7F90630002B1ADA1BF0010FB988C7
:1022E0003A890CD04900CDF800900196CDF80890BD
:1022F000CDF80CA0D8F810000131334605E08DE888
:102300006006D8F810004900234607F0B3FD0FE03F
:10231000032D0BD9042204A8214601F0F3DF072D79
:1023200004D905A8211D042201F0ECDF6FF016008E
:1023300007B0BDE8F08F000038B50C4605460846EA
:10234000484902F0D3DA4849204602F0CFDA47493B
:10235000204602F0CBDA4649204602F0C7DA45496A
:10236000204602F0C3DA4449204602F0BFDA204694
:10237000424902F0BBDAD5F8340137F043DA20B92C
:10238000D5F8380139F0DEDA18B120463C4902F0C0
:10239000ADDAD5F8340137F035DA18B120463949CD
:1023A00002F0A4DAD5F8380139F0CCDA18B12046B9
:1023B000354902F09BDAD5F830013AF001DC18B16A
:1023C0002046324902F092DAD5F8300105F0ACF936
:1023D00018B120462E4902F089DA20462D4902F034
:1023E00085DAD5F84C0165F04FDF18B120462A494F
:1023F00002F07CDA2B6893F83B301BB1204627496A
:1024000002F074DA2649204602F070DA25492046A7
:1024100002F06CDA2B6A186909F020FC820707D5F4
:102420002149204602F062DA2046204902F05EDAB5
:1024300020461F4902F05ADA20461E4902F056DAB9
:1024400020461D4902F052DA20461C4902F04EDABD
:1024500020461B4902F04ADA1A492046BDE83840B6
:1024600002F0449A1D560100215601002656010033
:102470002B560100345601003D5601004156010023
:10248000465601004D5601005756010061560100A5
:102490006A560100735601008256010087560100FA
:1024A0008E56010095560100A1560100AA56010062
:1024B000B7560100BC560100C6560100CB560100BC
:1024C000D0560100D856010030B585B005466846A3
:1024D0000C4602F0F5D928466946FFF72DFF204645
:1024E00005B030BD2DE9F04F03F00103A9B004465B
:1024F0001493D4F87C3410691B680E46C358D0F886
:1025000058131B7891460F93D4F88034B2681B6837
:102510001991C35808901B78099215931388606825
:102520000B9303F00C039B08022B08BF0B9913932A
:102530000B9A0CBFC1F3C0130023DBB21A9302F451
:102540004073A3F540756B4243EB050331461C9382
:10255000379F03F08DDA369B04300E9083B11B7ADF
:102560000B2B07D1236893F8AD304BB136988379A4
:10257000072B05D836990E9A91F90F30D2180E9282
:10258000D4F8B031002B2DDA369B03B31B7A022B23
:102590001FD194F8B022F2B90898036D13F0080324
:1025A0001CD136998A792168D1F8B8108A4217D29D
:1025B000032A15D90B2A13D8B269900010D4339A84
:1025C000012A0FD10E9B012008330E9304E0369AA6
:1025D00004E0002304E000200C9005E00C9203E0EE
:1025E0000C9301E000210C91B568B389AA1F7633E2
:1025F000A5F176001D92B38100217022B060189081
:1026000001F004DFB38BD90402D4B269520502D5BC
:102610001B051B0D20E0D9F80420A04B1340BBB1D3
:102620000B9901F0FC03882B12D1099A1379D80772
:102630000ED43398F289411E02F0070232985832C4
:1026400009EB42028842D38806D1591CD18003E0AD
:102650001399012906D111E0139801280ED0002109
:10266000079102E010220792002332981B019BB2CF
:1026700000F00F0209991343CB8201E00022079278
:10268000099BA068DA8AB38B23F47E6323F01F03CF
:1026900043EA1213B38314F003DA010703D5B38BB3
:1026A00043F40053B3833498042808D12046089992
:1026B00035F82A2C14F080DEADF8980019E0329934
:1026C000339801F00F02B4F85A33411E329842EAAF
:1026D0000312884292B202D10133A4F85A333499DA
:1026E000520147F6E073134001F007021343ADF8BF
:1026F000983099F8D7303BB90B9A02F0FC03802B45
:1027000002D0089883791BB9079941F020010791FD
:10271000634B3B40002B40F0828007F04072B2F1E7
:10272000807F00F08180139A012A30D9B369DA06DC
:102730002DD4002B2BDB96F91F30002B27DB226AD0
:10274000574BD2F8488008EA030323B908F04073D6
:10275000B3F1807F03D109980379DF0766D4D2F8FB
:1027600044804F4B08EA030323B908F04073B3F1E8
:10277000807F04D109990B7913F0010359D0099A8C
:102780001379D80703D4D9F80830190705D599F873
:10279000407007F07F07B84649E002238DF8863085
:1027A00027AB0093D4F85C011FAB494626AA7CF006
:1027B00053DD0B98DDF87C8000F0FC03482B209F54
:1027C00001D0C82B0BD14146089800222AF0F4DE34
:1027D00099F84070804607F07F07002308E0B3694E
:1027E000329943F00063B361D1F1010338BF002394
:1027F000BDF89C20D20703D5B26942F40052B26101
:10280000226892F8E120BAB1D4F8F8064946BDF83A
:10281000982005937CF0D4DA059B12900DE00022FD
:10282000B8461292134608E0B84603E04746002334
:1028300000E04746129300E012922268D4F8840424
:1028400092F84F2090F80CB012F0030200F09C8137
:102850008278012A09D9216A91F94D10A1F1010E5E
:10286000DEF1000141EB0E0100E00021012A5FFAD8
:1028700081FA17D9226A92F94D20013212D1D9F882
:10288000042012F080420ED00E300221059302F097
:10289000E7DC021C18BF0122059B04E04000010098
:1028A000FF0000C0002218F0407FD0B25FFA88F22B
:1028B00007D01F2A02D9202A07D0553A072A04D95F
:1028C0001CE0A0498A56002A18DAB8F1000F15DB7F
:1028D00028F4801828F4407818F0407209D0BAF132
:1028E000000F03D1B2F1807F03D110B148F48018FA
:1028F00004E0BBF1010F08BF48F4807817F0407F77
:10290000FAB207D01F2A02D9202A07D0553A072A3F
:1029100004D91BE08B498A56002A17DA002F15DBF1
:1029200027F4801727F4407717F0407209D0BAF1E6
:10293000000F03D1B2F1807F03D110B147F48017AB
:1029400004E0BBF1010F08BF47F48077B4F85824C6
:1029500002F46052B2F5C05F2CD118F4E0221FD10E
:1029600018F0407F17D0D9F80420120313D522683D
:1029700092F83B2092B1089882797AB1D0F8082178
:10298000528E02F46052B2F5C05F0CBF4FF40032B9
:102990004FF4803204E04FF4803201E04FF4003213
:1029A00018F0407F13D05FFA88F1202908BF4FF458
:1029B00000320CE05FFA88F2F9B2202A08BF4FF02B
:1029C0008078202908BF4FF080774FF4803227F4B9
:1029D000E02A17F0407F28F4E02848EA020818BFF0
:1029E0004AEA020A226A08BF4AF4803A516C564AFF
:1029F0000A40002A53D101F04071B1F1807F4ED0DE
:102A000018F0407F94F81C2204D0012A02D148F427
:102A1000000802E00AB928F400081AF0407F94F890
:102A20001C2205D0012A03D14AF4000A00F009BE95
:102A3000002A40F006862AF4000A00F002BED9F807
:102A40000410C8032BD5D9F80810090627D5013280
:102A500025D118F0407F0FD05FFA88F2A2F157011C
:102A6000012909D9632A07D0642A05D0652A03D031
:102A7000662A18BF48F480081AF0407F0FD05FFA2A
:102A80008AF2A2F15701012909D9632A07D0642AE1
:102A900005D0652A03D0662A18BF4AF4800A20466A
:102AA000494605931AF060DC18F04072059B45D04A
:102AB0001599022908D108F4E02BABF50032D2F1C8
:102AC000000B4BEB020B01E04FF0000B5FFA88F2BA
:102AD0001F2A04D8072A94BF002101210AE0202AD6
:102AE00006D0A2F15501072994BF0021012100E081
:102AF0000021C9B239B199F8FE1021B199F8FF103F
:102B0000003118BF012118F4000F11911ED01F2AA7
:102B100004D8072A8CBF0022012209E0202A05D010
:102B2000553A072A8CBF0022012200E00122D2B2CE
:102B3000002A0CBF024604220D9208E00D92934633
:102B4000119204E058168900FF0000C00D901AF0A1
:102B5000407226D01AF4000F25D05FFA8AF21F2A9D
:102B600004D8072A8CBF0022012209E0202A05D0C0
:102B7000553A072A8CBF0022012200E00122D2B27E
:102B8000002A18BF04200EE028F4E02827F4E02AE9
:102B900048F480384AF4803A10920D92934611928C
:102BA00002E0109200E0109093B1089A3398D2F8A6
:102BB000301102EBC103C2B2C3F838210131089AC7
:102BC00001F03F01C3F83481C2F83011C9F820A2E6
:102BD00018F0407703D15FFA88F31B9303E0404677
:102BE00074F058DE1B901398022800D088B9B4F80E
:102BF00068340E99994202DCB3695B010CD5099ADD
:102C00001198137903F00103002B08BF01201790DE
:102C100004E01199179101E0119A1792236A597DE6
:102C200041B10F9B33B12FB9884A5FFA88F3D3566D
:102C3000002B07DB236893F84F30980727D037B372
:102C4000159820B3339A012A0ED90F9B002B0CBF85
:102C50004FF0300A4FF0160AB3694AF4803A23F075
:102C60000063B361D04612E089B10F9878B167B9BB
:102C700008F07F03022B0AD0042B08D00B2B06D0C0
:102C8000162B18BF4FF0010B01E04FF0010B18F0AD
:102C900040710F911AD108F07F03162B16D86C4A99
:102CA0009A4013D5149A62B15FFA88F3022B0BD0C5
:102CB000D9F8103093F92C3113F1FF3318BF0123E9
:102CC00000E0149B0D9301E00F980D901AF04071F5
:102CD00016911BD10AF07F03162B17D85C4A9A4035
:102CE00014D5149A6AB15FFA8AF3022B0CD0D9F882
:102CF000103093F92C2112F1FF3218BF01221092EB
:102D000004E0169B109301E0169810901399D9F8DF
:102D10000430022908BFC9F8588113F480334AD01F
:102D200094F80D32002B46D094F81132002B42D08B
:102D3000159A032A30D00F9B4BB908F07F03022B62
:102D40002CD0042B2CD00B2B2DD0162B2ED0099849
:102D5000037913F001032BD10B9901F0FC02882AAF
:102D600029D1349A032A26D8B3691C9843F4805396
:102D7000B361079B099900280CBF18221E2243F457
:102D8000A04307938B5A23F060031B041B0C43F0F2
:102D900020038B52012207E000230CE00F9808E08B
:102DA0000F990A9108E00F9A0A9205E00F9B02E042
:102DB00000200A9000E00A931D99204600910E9A87
:102DC00041460B9B20F08CD922AF204651460E9AEB
:102DD0000B9B009720F084D90622A5F140003946CC
:102DE00001F090DA169A62B90AF07F03162B08D820
:102DF000174A9A4005D50E9B05F83C3C1B0A05F87E
:102E00003B3CB3690F995A0512D591B1369A22B15C
:102E1000127A042A01D00B2A1CD143F40063B36157
:102E2000179894F8DA32002B18BF0120179011E0A0
:102E300081B9064A5FFA88F3D356002B0ADA15F8EF
:102E4000063C03F00F03149307E000BF58168900F7
:102E50000002102815F8062C14920B9BA42B14D0FA
:102E600009980379DB0710D40A9981B9B369204620
:102E70005F05414602D517F021DD03E00D9A359B31
:102E800020F008D9099A508014E00A9B53B14146BA
:102E900020460D9A40F62A131FF0DCDE099980B215
:102EA000023048800B9AA42A04D10998438825F857
:102EB0003A3C19E009990B79D90701D40A9A2AB149
:102EC000002305F83A3C05F8393C0DE0B36920468B
:102ED0005A05514602D517F0F1DC03E0109A359BF4
:102EE00020F0D8D825F83A0CB269930509D5B38CEF
:102EF00025F8343CF38C25F8323C079B43F400530F
:102F00000793329818B9079941F008010791099879
:102F10000379DF0712D4D00410D494F810320BB127
:102F200051060BD4520505D41A9919B1199A92F881
:102F300028301BB9079B43F001030793924B349849
:102F40001399185C022915901CD1349A032A19D8B8
:102F500094F80D32B3B11B9B042B13D9D4F8340170
:102F600036F062DA70B91998159900EB41039B8B22
:102F700013B1B3695B0505D5119A1AB9079B43F4E0
:102F800080530793236A186966F018DC00F46050D8
:102F9000B0F5C05F03D1079840F4807007900C999A
:102FA00019B1079A42F400420792079B25F8763C34
:102FB000369810B394F8B03213BB08990A6D12F02A
:102FC000080221D1037A0B2B06D1236893F8AD3088
:102FD000D3B18379072B14D8369A93792268D2F823
:102FE000B82093420FD2B26997000FD43698027B73
:102FF00002F0070242EA031203E03699079107E064
:103000000022079204E00023079301E000200790CC
:1030100010994B1EDBB2012B04D8079A42F40053DF
:103020009BB20793A5F172000999022201F06AD9B7
:10303000002305F8703C05F86F3C05F84A3C05F89C
:10304000493C369B002B2FD094F8B032002B2BD16B
:103050000898036D180727D436990B7A0B2B06D1E5
:10306000236893F8AD30FBB18B79072B1CD8369BC6
:103070009A792368D3F8B8309A4215D2B369990087
:1030800012D41C9818B9099901F1180202E0099BA1
:1030900003F11E021A9800B1023200230093204669
:1030A0001899369B2EF078DC099906220431A5F197
:1030B0005000139101F026D9BDF8983025F82A3C2C
:1030C000D4F84401089960F0E7DC35F8303C80B270
:1030D00043EA002325F8303C002305F8283C05F896
:1030E000273C05F8263C05F8253C05F8243C05F866
:1030F000233C05F8223C05F8213C05F8203C05F866
:103100001F3C179A1AB9BBF1000F01D1E1E09B46B1
:103110000022414608982AF04FDA002206905146D4
:1031200008982AF049DA069B089013F04073189328
:1031300006D10699154BC8B21B56002B03DA14E0D2
:10314000069874F0A7DB023818BF012070B1D9F8D7
:10315000103093F92C31012B0AD0079A42F48043A6
:103160009BB2079301230C9304E018980C9001E0A4
:1031700000210C91089B13F0407209D1D8B2034B87
:103180001B56002B07DA1DE06CE1880058168900F9
:10319000089874F07FDB023818BF012078B1D9F8A5
:1031A000103093F92C31012B0BD0079801216FEAD5
:1031B00040436FEA53439BB20793119103E0119090
:1031C00001E00022119235F8763CBBF1000F02D0ED
:1031D00043F4006301E043F0060325F8763CBBF1BD
:1031E000000F0CBF4FF0140C4FF00E0CA5F11E0396
:1031F00062460093204606990B9BCDF814C01FF041
:103200006FDFDDF814C024AF62460B9B204608999F
:1032100000971FF065DF39460622A5F1480001F04E
:1032200071D80C980D990E9AA5F118030B93009084
:103230000191029200275946069A43462046039779
:103240001FF06CDF25F8160C119B10980E99009357
:103250000190029120465946089A534603971FF061
:103260005DDF25F8420CA5F11400BBF1000F09D079
:103270006FF03B0305F8183C05F8177C099A02F13A
:103280000A010EE06FF04B0305F8183C05F817BC77
:103290001399062201F036D8099BA5F10E0003F11F
:1032A0000A01062201F02ED81498189A81B252B958
:1032B00006989F4AC3B2D356002B04DA15F81E3C79
:1032C00003F00F0301E015F81E3C1B021943149193
:1032D0001FE059460622A5F11E0001F097D8594675
:1032E0001022A5F1180001F091D8A5F14800594627
:1032F000062201F08BD805F842BC05F841BCCDF898
:1033000020B0CDF818B0CDF82CB0CDF844B0CDF841
:1033100030B0B3695A050FD50F9969B128AB0022B7
:1033200023F8022D0093D4F83401494642460E9BFF
:1033300036F096D805F8430C079B25F8743C149892
:1033400025F8640C1699B1F1807F0BD031B90AF0E1
:103350007F03162B02D8774A9A4001D4012002E05D
:10336000169800E00220069A80B202F04073B3F192
:10337000807F0BD033B902F07F02162A02D86D4944
:10338000914000D401239B009BB200E008230899E0
:10339000184301F04073B3F1807F0BD033B901F0D3
:1033A0007F02162A02D86349914000D401231B01F1
:1033B0009FB200E02027236A0743186966F0FED910
:1033C000C0B247EA002725F8627C0F9AB2F1807FED
:1033D0000CD032B908F07F03162B02D8554A9A4018
:1033E00001D4012300E00F9B9BB200E002230D9863
:1033F000ADF89A30421ED2B2012A09D843F0100328
:10340000ADF89A302368D3F888309A6901329A610E
:1034100041462046BDF89A707EF080DCB3690743D0
:10342000B9B21B01ADF89A100ED5236893F8E130BC
:1034300053B1236A186967F099DB236A0DF19A0189
:103440001869129A67F0ACDBBDF89A30414625F84E
:103450006E3CB4F85824204627F09AD925F86C0C15
:1034600051462046B4F8582427F092D925F86A0C22
:10347000179911B9BBF1000F0FD00699B4F8582471
:10348000204627F085D925F8680C08992046B4F81D
:10349000582427F07DD925F8660C0F9A4AB10D9B68
:1034A000042B06D1204641460E9A1FF077DC25F802
:1034B000380C169848B11099042906D12046514677
:1034C0000E9A1FF06BDC25F8360CD9F8043058063C
:1034D00040F1AE801A9A002A00F0AA801998159936
:1034E00000EB41039B8B002B7BD0B369590500F1A6
:1034F0009F80329A002A40F09B800E9B20464146D6
:103500000D9A1FF0A7DB0B9B0990ABB106990C9AA3
:10351000204617F041D808990746119A204617F01F
:103520003BD80B99B1F802B0BB4435F8427C1BE0A4
:1035300058168900000210280A9ABAB941460D9A15
:103540000A9B20461FF0A6DD099B514600EB030BAA
:10355000109A0E9B20461FF07DDB51460746109ABD
:1035600020460A9B1FF096DDC71902E0DDF824B063
:103570000B9F1FFA8BF225F8702C25F84A7C1998BE
:10358000159900EB41039B8B0998C3189B1A9BB2BA
:103590001A0419D4204641460D9A16F0FFDFFF2881
:1035A00005D9B4F85A24904238BF024601E04FF4DE
:1035B0008072349992B204EB4103B3F85C349342C5
:1035C00002D0204618F076D8236893F84430002BB8
:1035D0002ED0349A032A2BD8D4F8600115995A4674
:1035E00023E0236893F8443013B3349B032B1FD894
:1035F0001A480B99C75C204639B10C9A069916F007
:10360000CBDF0B9B5A8882180CE041460D9A0E9B2B
:103610001FF020DB0D9A0546414620460B9B1FF00C
:1036200039DD4219D4F8600139464B4650F0F0D8E4
:10363000B369BDF8980043F08403B36129B0BDE8D5
:10364000F08FD4F8842428F4800892F913202AF407
:10365000800A012A7FF4F3A9FFF7FBB96CE1880027
:1036600070B50B6912B15478032C01D8002212E016
:103670004D6845F480744C605679012E8DBF24F45A
:10368000806445F4A0654D604C605478052C2FD9BA
:10369000062C03D1012283F8A42370BD147A14F000
:1036A000040F4C6814BF44F0806424F080644C60C4
:1036B000147A04F00804D4F1010438BF002483F81C
:1036C000A4438B6823F004038B605478062C0FD935
:1036D000127AD2060CD5026843F004038B6092F88C
:1036E0000C21D00704D592075CBF23F004038B6044
:1036F00070BD00002DE9F04FB5B09A463F9B0546DE
:103700000B2B894616463E9F409C40F2E6800C3BC0
:1037100004931AF07DDE0021C8220590204600F0B7
:1037200075DE31460622204600F0ECDDFA7ABB7ADF
:10373000494643EA022303F00302012AA4F8623057
:10374000E38808BF84F83420BAF1000F14BF4FF4A7
:10375000807200221343E38028465BF09BDF608584
:103760007A7A3B7A07F10C0B43EA022307AFE38531
:10377000002128220DF14408384600F047DE2DAE26
:1037800000212822404600F041DE4FF0FF330021A7
:103790000C223046ADF8CE3000F038DE0DF1CE030D
:1037A0002F93049BBAF1000F0CBF4FF0600A4FF04B
:1037B000700A8DE848002846002152465B462D9746
:1037C000CDF8B8801CF0D6DA002840F08680059B42
:1037D0004246DEB2284604F1380339461FF0D0DBFA
:1037E000BDF8CE304FF6FF72934217D05A1E92B2F8
:1037F000DE2A75D843F480520E2B8CBF4FF4404321
:103800000023D5F8580143EA020152F043D858B9D1
:10381000D5F864319B889B0506D461E0731E9BB28A
:10382000DE2BADF8CE605BD8BDF8CE309E4203D122
:10383000E28842F00202E280EB1893F83C2049460D
:1038400084F86120284652B25BF0C8DEBDF8CE3065
:10385000A08543F480520E2B8CBF4FF440430023CD
:103860001343638600210C2230A800F0CFDD1F4BEC
:103870000DF16C0830931E4B0021282240463193F5
:1038800025AF329500F0C2DDBDF8CE3000212022F8
:1038900038468DF872301B9400F0B8DD049BD5F8E3
:1038A000940602930021524630ABCDF8B080CDF89B
:1038B00094908DF8A4608DE8800857F011D988B9EC
:1038C000608E431EDBB2DE2B0AD802F059DA0028E4
:1038D0000CBF00206FF0130004E04FF0FF3001E058
:1038E0006FF0130035B0BDE8F08F00BF112A8200E1
:1038F000812B82002DE9F04FA5B00446D2F808A133
:103900008B4615460021282205A8984600F07EDD4A
:103910000FA80021282200F079DDD4F86C3313B110
:1039200004F55B7008E0236893F82F3073B9236ABD
:103930005B7D052B04D1694805A973F0EFDF05E035
:10394000042B03D1204605A91FF066DD05AF3B46D9
:103950000FAE204629460AF138020DF1640900969F
:1039600028F090DA00212422484600F04FDD0021A3
:10397000082222A81A971B9600F048DD94F84135DA
:10398000CDF88C90DA0702D52A6DD70708D49E07A8
:1039900008D52B6D03F00603023B18BF012302E09C
:1039A000002300E00123226892F84F2012F0030266
:1039B0000BD0D5F8EC2012F4805205D19DF8BC1044
:1039C000002908BF1A4600E0002224AB03F8082DA6
:1039D0001FFA8BF6009332460023D4F8940629464A
:1039E00057F056D82E9A00F10C09136807469945EE
:1039F00071D8404600210C2200F008DDBAF82E30C4
:103A0000A8F80830AB7923B1012388F80A300023E5
:103A100006E0D5F8EC2012F4803204D088F80A30A1
:103A200088F80B3004E0022388F80A3088F80B206D
:103A30002A6D40F23713134043B195F858302BB13B
:103A4000B8F80A3043F01003A8F80A30236893F856
:103A500030306BB9236A1B68022B09D1BAF8623087
:103A6000980605D5B8F80A3043F02003A8F80A30C4
:103A7000236A5B7D43B194F872342BB1B8F80A30F5
:103A800043F48063A8F80A30236893F8A9305BB147
:103A9000D5F8EC30590407D4AB792BB1B8F80A301B
:103AA00043F48073A8F80A3022AB009308F10C03AA
:103AB0000193D4F89406002329463246029756F023
:103AC00055DFBBF1800F03D1D5F890301C9A5A61B5
:103AD0002E9BC3F8009025B0BDE8F08FD40D89006F
:103AE0002DE9F04F4E688FB01746C6F3C0420C4622
:103AF000D1F808A002920546002104A82822994680
:103B000000F084DC2369C6F3004B26F0864603935D
:103B100026F4EA162AF083036660A360002F00F003
:103B2000BF803B7897F8018043EA0828A4F8008119
:103B3000BB7884F8023146F4803363602B6893F8D5
:103B40004120B2B193F842309BB146F4A026D4F89C
:103B50002431666093F85D307BB91AF4007F03D09E
:103B600094F82430D90608D52846214636F04EDC94
:103B700003E02846214636F03BDC06222846214653
:103B80002DF05EDFA26812F0006222D108F00C0373
:103B90009B10012B94F8FE0094F8FF1006D0032B25
:103BA00009D043B9012284F8FE2001E084F8FE30F8
:103BB00084F8FF3003E084F8FE2084F8FF2094F8B6
:103BC000FE30834207D194F8FF60761A18BF0126B1
:103BD00002E0002600E0012618F4407F03D063686D
:103BE00043F08043636018F0010F03D0A36843F0F3
:103BF0008003A36018F0200F03D0A36843F00103F3
:103C0000A36018F0400F03D0A36843F00203A36041
:103C1000A3680AF0030A03F003039A4518BF0126BC
:103C200018F0100F03D1636843F48013636018F435
:103C3000804F03D0636843F000736360C8F34008AB
:103C4000B9F1000F38D005F53E7003304946162211
:103C500000F058DBB8F1000F03D099F80180C8F3E9
:103C6000800899F801301A0703D5636843F0807320
:103C7000636099F8023013F008030ED0039A41F6FE
:103C80001001D2F8083140F608425B8E03F440433D
:103C9000B3F5404F14BF0B461346A5F8DC320BE0DA
:103CA0002846214606222DF0CBDE2846214636F056
:103CB0009FDB3E46B84619E01022F91C0DF12500A5
:103CC00000F020DBD5F8843404A8997873F0E4DEA2
:103CD000D5F86812284624F095DEFF2301900022D3
:103CE00004A800930146134673F05ADEBBF1000F9F
:103CF00011D0636813F4803310D009AA0023E118AF
:103D000012F8010F91F85110884206D10133102B9F
:103D1000F5D1002302E05B4600E00123626802F473
:103D20008031C2F30042934500D163B104F15100E8
:103D300029B10DF12501102200F0E4DA02E0102291
:103D400000F064DB0126B8F1000F03D0636843F490
:103D500000236360029B434500D146B1D5F884340B
:103D600093F87B301BB9284621467BF085DA0FB0EB
:103D7000BDE8F08F00F506612DE9F04109310446F8
:103D80004AF0D6DF94F872380546002B74D000282C
:103D900072D06A21206948F0CFDC460006F1140891
:103DA0004146206948F0C8DC0022074641462069A8
:103DB00049F004DB380406D4304831493A46BDE8BE
:103DC000F04100F0499BD4F88484012388F86D31D8
:103DD00098F828313BB1A068D8F8301111F044DED2
:103DE000002388F82831204629460CF0C2F998F8BB
:103DF0001D3153B1012388F82831A068D8F830115B
:103E0000D8F82421002311F009DE206906F11601FB
:103E100048F092DCB4F8703883422DD1002213466A
:103E200079B22846D5F810615BF094DC28465BF047
:103E3000D7DBAB798BB9D5F81421D5F80831128AC4
:103E40005A852B7C4BB1D5F8EC30990405D47379A5
:103E50001BB92846012144F0E5DA0023B37194F838
:103E60000C22D6F8F0309A4206D0284684F80C325C
:103E7000BDE8F04124F04A9ABDE8F0811B5A890060
:103E8000F14D89002DE9FF4104460D4616461F46B7
:103E90000A994BF017D82046294632463B46FEF792
:103EA00061F9B0F10008C0F2A18023685B7E4BB9D4
:103EB000206956F02BDC28B1A06811F0DBDD4FF053
:103EC000FF3893E03EB1032F05D903A83146042201
:103ED00000F018DA01E000230393342D18D008DC39
:103EE000022D11DB032D13DDA5F11B03012B0BD8D4
:103EF0000EE0D62D0CD001DCA32D04E0FB2D07D065
:103F000040F20B139D4203D0002E65D0002F63DDDD
:103F10003E2D02D0402D62D135E023681B7E002B60
:103F200060D0D4F88424039992F81C318BB1CBB2C1
:103F300082F84631D4F884241172D4F8842420699C
:103F400092F8AC10012200920192002249F0C0DBED
:103F50003FE0204649B27DF095DEB0F1000845DB38
:103F6000D4F88434039A20461A722CF095DF204648
:103F70007DF028DF2046D4F8B0141EF051DA204638
:103F800024F038DA32E0039B5A1C042A2CD801337F
:103F900001D103230393D4F88434039993F81C21AB
:103FA00072B1C9B283F8AD10D4F88434002293F80A
:103FB0004531206900920122019249F089DB04E039
:103FC000236AC9B2186965F07BDAD4F88434039A9D
:103FD000DA714FF0000809E06FF0010806E06FF0B9
:103FE000160803E0984601E06FF01C08404604B054
:103FF000BDE8F0812DE9F341089C07460E461546C1
:1040000098460094FFF73EFF10F12F0F0CD010F1EF
:10401000170F0BD1384631462A464346089402B062
:10402000BDE8F04118F0B09B6FF0160002B0BDE89B
:10403000F08113B504462CF011D820461CF0B8DBF3
:10404000D4F88434012293F8AD10206993F84631F6
:104050000092019249F03CDB206902B0BDE81040BB
:1040600056F0669B37B5036804465B7E002B40F034
:104070001A81006956F04ADB002840F01481236859
:1040800093F8203033B9206947F072DE23680122AB
:1040900083F82020206905F012FE236893F8693127
:1040A00013B120464BF042DCD4F88434032293F859
:1040B000513000928022002B14BF1346002320466B
:1040C000042126F04FDA2368DB6EE3B9206948F05B
:1040D000CFDF093017D12268D36E13F0020512D159
:1040E00043F00203D366D4F86432595941B18B7955
:1040F00033B94B7923B10B7C13B120464AF05EDC17
:104100000435202DEFD12368DB6E1BB1204619F05A
:1041100087D9C6E0206948F0F7DC206990F93411AE
:104120004D1C03D1012148F0EDDC01E048F042DCF8
:1041300001236376204627F0ABDD23682046596BC8
:104140000323009321B14FF480720021134602E053
:104150004FF480720B4626F005DAA06811F006DDF8
:10416000236801221A7694F8CF3173B120462CF0DF
:1041700093DED4F854332046598E2BF0BFD9002358
:1041800084F8CF31204624F035D9D4F844260321D1
:10419000204624F033D9204616F0E8DBB4F8341575
:1041A000204629F095D9206948F04EDF03232022CC
:1041B000009320461346012126F0D4D9236893F8B2
:1041C0002F301BB1D4F818053BF0AADF20461DF0B4
:1041D0008BD820467AF0D0DD01254FF47A72D4F8DE
:1041E000E8110123A06811F019DCD4F89C0184F8CF
:1041F0002A5280F001DE20467DF0E4DDD4F88434DC
:10420000204693F9121017F0F1DD20462DF034DD31
:1042100020462DF01DDD204629462DF0BFDDE36848
:1042200084F86056D3F82421294642F04002C3F8AE
:104230002421236A0022186965F048D9236884F88C
:104240008C5693F8693113B120464BF0AFDB6A21ED
:10425000206948F071DA003018BF012084F8730833
:104260007E21206948F068DA421E92B24FF6FD7353
:104270009A4206D8430001304000A4F85038A4F810
:104280005208B4F8501821B12046B4F870272DF028
:1042900065DFB4F8521849B12046B4F854282DF01F
:1042A0005DDF002003E06FF0080000E008463EBD3F
:1042B0002DE9F04FB5B0DDF8FC800D93B8F80A7029
:1042C0000D46ADF858701146BFB29146129704469C
:1042D0001AF09ED8B9F81670C0B21A97B9F80470DF
:1042E00010900D9948461B9773F056DC419F4FF094
:1042F000000A87F800A008F10C071597409F0F905F
:104300000C3F1897109FDDF860B00C97159ECDF804
:1043100044A0CDF824A0CDF864A0CDF828A0CDF815
:1043200038A0CDF82CA0CDF850A0CDF84CA0CDF8F9
:1043300020A0CDF81CA02F464FE03378951C2D2BE4
:1043400021D007D8012B13D043D3032B12D02A2B13
:1043500040D114E03D2B1DD005D80899322B08BF61
:104360003146089136E04A2B1BD0DD2B32D11FE0BD
:1043700007962FE0B2784FF0010A0C922AE0B31CA6
:104380001393149226E0204631462A4658F03ADA32
:104390000A901FE0204631462A4658F009DA0E906E
:1043A00018E0204631462A4657F09CD9199011E072
:1043B000032A0FD9B01C04229149FFF38FF7119BF8
:1043C000002808BF2B461193099B08BF3346099369
:1043D00000E00B967619C5EB0B0BBBF1010F03DD6B
:1043E0007278531C5B45A8DB3D46099F3FB10A9F8D
:1043F0002FB920460999119A58F0B8D90A90002D82
:104400007AD1129FBE0740F1DA830B9B002B00F09C
:10441000D6832046991C5A784AF00EDD3190002848
:1044200000F0CD83037C002B40F0C983037A002B7E
:1044300000F0C583D0F80831588E01F06FDC0C9F76
:10444000874240F0BC83319F2046394617F054DD47
:10445000002847D0384649460D9A43461DF09ADF5A
:1044600000283FD040993E9BD7F8046103F1100229
:104470000191204649460123CDF800800296FFF7BE
:1044800039F9002830D1B6F830B0BBF1000F2ED189
:10449000216AD4F8843450315A469B7806F13800AA
:1044A00073F052D94099384600910D9A49464346D7
:1044B00043F034D9CDF800B0CDF804B03B7C2046B1
:1044C000D3F1010338BF002302937D22394607F15F
:1044D000DC03CDF80CB0CDF810B01EF08DD9012260
:1044E0000B9206E00B9504E000230B9301E0002102
:1044F0000B914FB33D4601E000270B971A9F3E9961
:1045000017F4404F0CBF4FF0000B4FF0010B01F1BF
:104510000A07204629463A465B467AF04DDB0646B6
:1045200000BB2B7C002B40F04D83204629463A46A9
:104530005B467AF043DC0646002800F043832046C1
:1045400031467AF0ABDA0DE094F88E32002B00F0B1
:1045500039833E9F204607F10A0131AA7AF0D6DA64
:10456000064610B17368D80720D4089F27B1787821
:10457000B91C27F07BDD58B9079F67B1B91C787863
:1045800027F074DD10F1000B18BF4FF0010B04E0B1
:104590004FF0010B01E0DDF81CB066B1BBF1000F7C
:1045A00007D1736843F00103736004E04FF0000B20
:1045B00001E04FF0010BCDB1AB79DBB92B7A0BB336
:1045C000D5F808315B8E079303F46053A3F5C0520E
:1045D000534243EB02030798089301F09FDB0C9FC3
:1045E000C11B484240EB010009900EE00895079579
:1045F00009950AE0002708970797099705E000BF8B
:10460000FE370100089307930993B4F88E32002B0C
:104610007FD0236A5B7DC3B10C9FD4F87C040E2F3E
:104620008CBF4FF44042002247F48051129F114347
:1046300007F02003D3F1010338BF00230193139A3D
:10464000149BCDF800B071F0CDDE236893F84F30A5
:104650009B0712D00C9FD4F880040E2F8CBF4FF410
:104660004043002347F48051089F19430E9A0A9B48
:10467000CDF800B0019772F0D9DB94F88E32002BA0
:1046800047D000210C222EA8FFF3C0F6944B1CAF9C
:104690002E93944B3846002128222F933094FFF319
:1046A000B5F6BDF858100DF1980CDDF830E0ADF816
:1046B0007610604600212022CDF818C01C968DF897
:1046C00074E08DF878B0FFF3A1F62D970D9F236865
:1046D00027973E9F93F84F302897109F03F00303CE
:1046E0008DF8A8700F9FDDF818C02B97159F8DF8D7
:1046F000B0300197189FD4F89406002190222EAB79
:10470000CDF89890CDF8A480CDF800C0029756F06F
:10471000E7D994F88C32002B00F05682099F002FC5
:1047200000F05282236893F84F20970700F08A80A8
:104730000E9F002F00F086800A9F002F00F08280DD
:1047400093F8A93033B1D4F87801294653F0F2DC5C
:10475000002877D10E9F20467A78397824F0ACDC97
:10476000079F034617F4404F0CBF002201220A3274
:1047700054F822201192D5F8082162B1D28812F0A3
:10478000200208D00A9F3A7812F0020203D00E9F4E
:104790007A78C2F380020992BAF1000F0BD1109F10
:1047A000DAB2BA4207D01846069301F0B7DAB84237
:1047B000069B40F00982D5F80821002A2DD0184622
:1047C000069301F0ABDA0746079801F0A7DA8742B3
:1047D000069B22D1D5F80821528E9A4232D0002E63
:1047E00030D02A7A002A2DD0204611992A4625F069
:1047F00055DEFF28074600F0E781DDF824E020467B
:1048000029463A465FFA8EF315F088DED0B120468D
:1048100029463A462DF0C6D914E0BAF1000F11D05E
:104820001846069301F07ADA0C9F069BB84200F016
:10483000CB8103F46053B3F5805F03D0B3F5C05F61
:1048400040F0C281419F01233B702368D5F818A135
:1048500093F84F30980716D0AEB10A9F37B1199F21
:104860002046009731460A9A0E9B0AE02B7C53B9EA
:104870007368D90307D50A9F2046009731463A4608
:104880003B4617F075D92B7C002B00F0BF803E9F74
:104890000D9B204629464A468DE8800115F02ADF07
:1048A000236893F83B3043B10D9F2046294632469A
:1048B0004B468DE880015EF013DA9AF809301BB19F
:1048C000284600212BF028D99AF80D30DBB1D4F816
:1048D00030371A680AB11F7A37B12846002110E034
:1048E000F1CF8100F5CF810004F020D9D4F8303722
:1048F0001A69821AB2F57A7F05D901221A722846FE
:1049000039462BF001DCD4F830371B68002B48D037
:104910001B9F0123C7F3C0120F9920461EF08EDBA8
:1049200098F8023098F801101B0443EA012398F824
:104930000010B8F808700B4398F80310024643EAD9
:104940000163329398F8063098F805101B0443EA87
:10495000012398F8041034A80B4398F80710002F8F
:1049600008BF642743EA016340F8043D32A900F020
:10497000E7D93846329A339980F05ADAD4F830378A
:10498000BF021A68BA1A90420BD95A68BA1A9042F2
:1049900007D23F1A5F60D4F84401294601225FF034
:1049A000CFDC236A5B7D2BB1129F2046C7F38021A9
:1049B0002CF076DAD4F85801079950F0B7DD80B1C1
:1049C000D4F85801079950F0A7D9236A186964F000
:1049D000F5DE079FB84204D1002120460A4625F0A3
:1049E00079DE4A460D9BD4F844012946CDF8008073
:1049F0005FF06ED8D5F8EC309A0458D5D4F84C0155
:104A000029464246409B63F0F7DF50E0BBF1000FC0
:104A100003D1129FC7F3401300E00123DBB23EB184
:104A2000726813B142F0040201E022F004027260E5
:104A3000226A527D4AB10193D4F87C042946139A24
:104A4000149BCDF800B071F025DD236893F84F304A
:104A50009B070AD0089FD4F8800429460E9A0A9B27
:104A6000CDF800B0019772F039DA0B9FFFB9D4F896
:104A700068329D420CD0284649460D9A43461DF0A7
:104A800089DC28B1284649460D9A43462CF0BEDA07
:104A900094F88E325BB9D4F868329D4207D128462B
:104AA00015F090DE18B1204641461BF02BD80021AE
:104AB0000C222EA8FFF3AAF4454B1CAF2E93454BB6
:104AC0000021282238462F933094FFF39FF4BDF83D
:104AD0005810DDF830E01C9626AE2022ADF8761096
:104AE000304600218DF874E08DF878B0FFF38EF435
:104AF0002D970D9F236827973E9F93F84F30289757
:104B0000109F03F003038DF8A8700F9F8DF8B0304D
:104B10002B97159F80220197189F2EABD4F89406EF
:104B20002946CDF89890CDF8A4800096029755F0CC
:104B3000D7DF9AF80230013BDBB2012B13D8AB79F7
:104B40008BB92A7C7AB1D5F8182192F86C20022A08
:104B500009D14FF0FF3201922046294605F1DC02CF
:104B6000009329F07DDD0F9F17F0407F01D138467B
:104B700002E00F9872F08EDE00F07F0002280AD06B
:104B8000042808D00B2806D0A0F1160CDCF1000098
:104B900040EB0C0000E001200190B9F80400B9F8E6
:104BA0000610800B029001200022039099F91C301E
:104BB0002046090A009204950BF00DFB04E0002743
:104BC0000B97C1E40026D0E435B0BDE8F08F00BFFC
:104BD000F1CF8100F5CF81002DE9F04F91F915302B
:104BE000A1B0002504468A461E951F9573B11BF09F
:104BF000D7DD58B12368BAF81C20D3F88830D3F831
:104C0000C8118A18C3F8C82100F0A3BCBAF8023052
:104C1000606803F00703052B0B900A9300F2A4844D
:104C200063690A9953F82100002800F09D849AF8DE
:104C30001820022A089200F08984714B0221DB6B54
:104C40009847814638B920460A9914F0BDDE81465E
:104C5000002800F089842046494611AA23F0FEDF8F
:104C6000236893F89C30012B06D0BAF80220BDF8D7
:104C700048309A4240F07384B9F80E30614E03F028
:104C800007030993604DF35C4946EB5C11AA0C9352
:104C9000189B0D9318881EAB0E90009320461FABF7
:104CA00018F094D9236893F84F309B0717D011A8B8
:104CB0001BF0A4DC38B12368D3F88830D3F8A422E1
:104CC0000132C3F8A42211A81BF0AADC38B1236872
:104CD000D3F88830D3F8AC220132C3F8AC22D9F82B
:104CE00018305D056CD511AD204629462CF040DE0C
:104CF00008BB5346D4F834011E994A46009534F057
:104D00005DDB236893F8E130002B59D01E99002910
:104D100056D0BDF85000BAF802200090BDF84E30D1
:104D2000D4F8F8067AF086D8D4F85C011E990C9A6B
:104D30007AF0D2DB44E01F99A1B1089A072A11D179
:104D4000D1F8EC3098030DD4D4F84C0163F0C0DCFA
:104D500028B9D4F84C011F9963F01CDD10B11F98DD
:104D60004AF0F2DA11AB0093D4F8340153461E999D
:104D70004A4634F085DA2368054693F8E13093B16A
:104D80001E9981B1BDF85000BAF802200090BDF81C
:104D90004E30D4F8F8067AF04DD8D4F85C011E995C
:104DA0000C9A7AF099DB1F98002800F0D28383795F
:104DB000002B40F0CE830AF108016FF0B9DBC8E3A5
:104DC000204611A9D9F834701BF040DCBAF81C60F9
:104DD000FF0E07F001070F90BAF81A80E6B12368BA
:104DE000D3F88830DA68013A9219DA601E9B9BB1D9
:104DF00067B1D3F82C22013A9219C3F82C220BE0A8
:104E000010A78800BAD588006CE18800D3F8382252
:104E1000013A9219C3F83822B8F1000F06D023687E
:104E2000D3F88830DA68013A4244DA600E9849468D
:104E300000F48063D3F1010338BF00230B9807937C
:104E400000F016DED9F818509AF91930C5F3C06B86
:104E5000002B00F0868023681E98D3F88830D3F8A2
:104E6000A8210132C3F8A821D3F8C821013A921928
:104E7000C3F8C82128B103691BB1DB68DA6B0132C2
:104E8000DA63012E05DDD4F88C54013DAD19C4F868
:104E90008C54079900294DD02368D3F88830D3F873
:104EA000D8210132C3F8D82128B103691BB1DB68CE
:104EB0005A6B01325A6301230999002208F065F800
:104EC000D4F88C347BB12368D3F88830D3F8B4217C
:104ED0000132C3F8B4211E9B2BB11B691BB1DB68E7
:104EE000DA6A0132DA62D4F88C34012B14D92368DF
:104EF0001E98D3F88830D3F8B8210132C3F8B8210E
:104F000028B103691BB1DB681A6B01321A63099976
:104F10000C22012308F039F81E9B5BB12FB1D3F8A6
:104F200028220132C3F8282204E0D3F834220132C7
:104F3000C3F834221E9B13B12268926A9A621F9BA7
:104F4000002B00F015829A79002A40F01482197C17
:104F5000002900F01482D3F8103101259A7190468F
:104F60000FE215F4825543D023681E98D3F8883099
:104F7000D3F8A8210132C3F8A82128B103691BB1D5
:104F8000DB68DA6B0132DA63079A0AB32368D3F875
:104F90008830D3F8D8210132C3F8D82128B1036969
:104FA0001BB1DB685A6B01325A6301230999002255
:104FB00007F0EBFF1E9B5BB12FB1D3F82822013223
:104FC000C3F8282204E0D3F834220132C3F8342293
:104FD0001E9A002A00F0D8811F9B002B00F0DA8176
:104FE0009D79002D40F0DC8123689B6A9362D8E1B3
:104FF000089B032B09D0042B0CD12368D3F88830ED
:10500000D3F810220132C3F81022A8462F460126F9
:10501000AB46DDE10898052829D123685A6BD3F8FF
:105020008C103AB1B9F80E20954802F00702825C64
:105030009448825C143201EBC2014A68D3F888308C
:1050400001324A60D3F8A0221E980132C3F8A02290
:1050500009990422012307F098FFB4F83455002D74
:1050600000F0A381204623F0DFDA00259DE10899B6
:10507000012916D11F9B93B19B7983B11E9B73B1FC
:105080001A7DD20704D493F824309B0740F165823F
:10509000204649465246079B3CF09ADC4BE0089E6E
:1050A0004DE0089A062AB0D0072A51D11F9900294D
:1050B00000F05382D1F8EC309F0040F14E829E0305
:1050C0000DD4D4F84C0163F003DB28B9D4F84C01BB
:1050D0001F9963F05FDB10B11F984AF035D91E9914
:1050E000002900F03A821F9B9B795BB191F8243034
:1050F0009D0707D58B68580604D501222046134624
:105100003CF0B4DBD9F81830590544BF43F4807340
:10511000C9F81830D9F8183023F40043C9F818300A
:105120001F9BD3F8EC309A0340F1178220461E995A
:105130004A4625F0BBDB0646002800F03A810025F0
:1051400020460AF114011BF021DBA8462F465FE739
:10515000BAF8063033B12368D3F888309A6B01323D
:105160009A6352E71B9B1B78DB0741D57EB123680E
:10517000D3F88830D3F8A8210132C3F8A8211E9BA8
:105180002BB11B691BB1DB68DA6B0132DA63079B59
:10519000002B00F0138123681E98D3F88830D3F8D1
:1051A000D8210132C3F8D82128B103691BB1DB68CB
:1051B0005A6B01325A6309990022012307F0E5FE78
:1051C000002E00F0FD8023681E9DD3F88830D3F8B0
:1051D000AC210132C3F8AC21002D00F0CD812D6946
:1051E000002D00F0C981EB689A6B01329A63C2E12D
:1051F0001F9B002B48D09A79002A45D11B7C002B9D
:1052000042D00D98037CDD073ED53EB12368D3F82C
:105210008830D3F8A8210132C3F8A82107990029C2
:1052200000F0CC8023681E98D3F88830D3F8D821BA
:105230000132C3F8D82128B103691BB1DB685A6B6E
:1052400001325A6309990022012307F09EFE002EC5
:1052500000F0B68023681E9DD3F88830D3F8AC21C7
:105260000132C3F8AC21002D00F086812B69002BA0
:1052700000F07C81DB689A6B01329A6376E100BFB3
:10528000BAD588006CE188000F9AB4F86A341AB174
:10529000984503DAB4F86C349E4261DB22680798C3
:1052A000D2F88830D3F8C851AD19C3F8C8510028D6
:1052B00000F08980D3F8B0110131C3F8B011D4F8EF
:1052C000843493F81D1109B3D4F868128979E9B9C7
:1052D00092F8642122B193F86D210AB183F86D111F
:1052E000D4F88414204601F582710BF048F9D4F803
:1052F0008434012283F82821D4F88434A068D3F8B8
:105300003011D3F82421002310F088DB1E9860B1FF
:105310002FB1D0F830320133C0F8303230E1D0F85C
:105320003C320133C0F83C322AE1012309990822BA
:1053300007F02BFE1E9B2BB11B691BB1DB689A6A21
:1053400001329A62002502238DE8280020461F9929
:1053500014221B9B0295039504951DF04DDA33E052
:1053600023680025D3F88830DA690132DA614CE627
:105370000125984605E001254FF0000801E00125D0
:1053800088462F462E4623E00127154690463E4686
:1053900093461DE001271D4698463E469B4617E072
:1053A00000250127A8463E4632E6A8462F4601269C
:1053B0000EE0054680460746834609E0079DDBE090
:1053C0003546B046D9E0079D4FF001082F464646C6
:1053D000B4F8343543B1D4F838352BB108990529E0
:1053E00002D0204623F00ED9BBF1000F4ED01E9BF9
:1053F000002B4BD011A81BF001D99DF84E308346ED
:1054000003F00303023BDBB2012B04D8204611A9B1
:105410002CF0B6DA00E0FF200A9A032A0AD85B498A
:105420008B5C04EB4303B3F83622130903F00F033C
:10543000120B03E0B4F86E34B4F87024009200222A
:105440000392BDF84C200190C2F300320492D4F8CC
:105450005C011E995246CDF808B07AF0BFD8236897
:1054600093F8E13093B11E9981B1BDF85000BAF8BC
:1054700002200090BDF84E30D4F8F80679F0DADC5E
:10548000D4F85C011E990C9A7AF026D820460A9925
:1054900001222CF0E7D81E9860B15EB1E368D3F822
:1054A0008021D9F830309A4204D91DB10999D21A15
:1054B00007F079FD1F9DB5B10AF1140120462CF0CB
:1054C0003DDB014628462CF0EFDB0E9A02F0FC0390
:1054D000082B01D0882B06D1079B23B11F980AF116
:1054E00008016FF025D81E99C9B10B7DD80716D4D5
:1054F0001F9BA3B19A7992B91A7C82B11A7A72B1C0
:10550000D3F8EC2092040AD4D3F810315B7933B984
:10551000204652463B46CDF8008043F075D97EB117
:105520000AF1140120462CF009DB49460246D4F862
:10553000880463F01DDE0B984946012203F0B2DFB8
:10554000079828B10025C4F88C5402E0002500E03B
:10555000079D284621B0BDE8F08F0126EFE50B98A6
:105560004946012203F09EDF0125F2E7D5F86831B4
:105570000133C5F868310025A84601273E4627E7D4
:10558000D0F84C310133C0F84C31CEE66CE18800E4
:105590002DE9F04F002BB5B007930CBF04230A236D
:1055A0000993079B15690DF12C0918BF20230446A8
:1055B00015AF884693460021282248460693D5F821
:1055C0000C610DF1B80AFEF321F7002128223846BC
:1055D000FEF31CF700210C225046FEF317F7336B45
:1055E00020468DE808042946069AF36ACDF8B8905B
:1055F0002F9714F0F3DD002840F0F880B8F806305B
:10560000D80715D5216A4B7D93B10A6D0CA854318A
:105610000B92FEF377F6D5F8EC30990405D5D4F863
:105620004C0129464A4663F08BD90023159308E0C4
:1056300015AB00932046294608F138020BAB26F043
:1056400021DCF36A83B128A800211822FEF3DEF6DC
:10565000F36A2D942893336B2993674B2B93674BF5
:105660002A93674B2C9328AB1FAF00212422384686
:105670000893FEF3CBF60BAB00210822219331A84F
:1056800015AB2293CDF87CB0CDF88080FEF3BEF64A
:105690002368294693F84F2034AB12F0030218BF59
:1056A000DBF80420D4F8940618BFC2F3004203F8D4
:1056B0000C2D0093069A089B329755F0E9D9099B67
:1056C000069900EB030A33AB02932046424605F1EC
:1056D000E2038DE8000523F03FD8074630B92046A5
:1056E0003946B5F82E2140F015DB80E020462946EA
:1056F0004246DDF8CC901CF05BDBA9F80000738C0F
:10570000A9F80230339B04333393079B13B9AAF1F2
:10571000040A13E006F124094846FFF3E3F410B944
:105720003398494602E0339805F1F8010622FEF36A
:10573000E9F5339BAAF10A0A0633339331AB0093A0
:10574000339BD4F8940601932946069A089BCDF81A
:1057500008A055F00BD9814628B16068394601226E
:1057600003F0A0DE42E0339B00900190029003938F
:105770002046294657224B46CDF810A01DF03CD8B4
:10578000706B18B103F06ADEC6F83490079B23B142
:10579000339B0AF1060A063B3393339B0AF1040A52
:1057A000043B3393079B504686F83C3003F044DEBD
:1057B000706308B9B06305E033995246FEF3A2F571
:1057C000C6F838A0B8F862300095C3F340130193CF
:1057D00000230293039339462046D4F8BC255B4648
:1057E00026F09AD9002808BF002700E00027384695
:1057F00035B0BDE8F08F00BFCDCE8100DDCE810099
:10580000FDCE81002DE9F04F95B006460691079236
:10581000209C219DD0F800909B46002B00F0B38087
:10582000ECB91E9A012A1CD11F9A931E012B18D87D
:10583000032A16D1002D40F0AB80C36E5A1C05D050
:105840001C3350F82350002D40F0A2804846002120
:10585000B6F82E2140F0D6DD4FF0000894E0002588
:1058600000E025464FF0B00806270DF1200A002180
:1058700024225046FEF3CAF51E9B1F9A0893229BD2
:10588000099211A800210822CDF828B00B930594A5
:10589000ADF83040FEF3BAF5CDF848A044B1089B0E
:1058A000032B0FD14C2C0DDB4D2C01DD7E2C09D1AF
:1058B00011AB0093D9F894063146B022002355F07D
:1058C000E7D83F18079B41468DE8880013AB029349
:1058D0004846069A06F1E20322F03EDF80460028A1
:1058E00052D075B10023009301932A46139B48467A
:1058F000314658F00DDC95F90E30139AFF1AD21884
:1059000013921E9BDDF84CA09AB2AAF800201F9BB0
:10591000AAF80230059BAAF804300AF10603139393
:105920003CB1032A17D14C2C15DB4D2C01DD7E2C0C
:1059300011D111AA8DE80C00063F0297D9F8940600
:105940003146B022002355F011D824B9BDF83030CB
:105950000BB1AAF80430B37913B1F368DA6801E047
:10596000D9F8BC259DF88C30414601930023039360
:1059700048465B460096029526F0CED8002808BF20
:105980004FF0000800E09846404615B0BDE8F08FA3
:1059900095F90E7044F2B008063766E72DE9F04736
:1059A0000446A4B090469A460D4600296DD0D1F821
:1059B0006433002B69D004AF0EAE33463A460DF186
:1059C000600923F01BD9002124224846FEF31EF56E
:1059D000236A00216533082221A81893CDF864803A
:1059E0008DF868A01B971C96FEF310F52368CDF880
:1059F000889093F84F3013F0030307D0D5F8EC30BC
:105A000003F48053D3F1010338BF002324AF07F818
:105A10000C3D294640220023D4F89406009755F007
:105A200037D82D9B0190009323AB029380464021F1
:105A300020462C9A05F1E20322F08EDE064620B3C2
:105A4000239BD4F894060193294640220023009713
:105A5000CDF8088054F08ADF28B160683146012211
:105A600003F020DD11E0D5F8EC3013F4005306D03C
:105A7000D4F84C012946324663F0D8D905E02046D7
:105A80003146D4F8BC2528F0DDDD24B0BDE8F08730
:105A90002DE9F04390F8A03787B004462BB10023DE
:105AA00080F8A0374FF0010800E0984623681A7E7E
:105AB00032B9B8F1000F00F03B822046022135E2F6
:105AC000206954F023DE18B1A0680FF0D3DF27E27D
:105AD00020461BF05DDB236A20461F69D4F868323C
:105AE000D3F814219D79167C1CF0FCD9031C18BF37
:105AF0000123384671B22A4663F094DC94F88C3660
:105B0000ABB12369D3F88830D3F8245115F04005A0
:105B10000DD120462BF0C0D9236A84F88C56186921
:105B200029462A4663F0D2DC204622F063DC236853
:105B300020469A6A01329A621CF0D4D918B9D4F876
:105B4000843483F8290120460AF0B7FD236A1869D6
:105B500065F05AD80146204659F028DD236A1869B5
:105B600065F00CD90146204659F0D8DC236893F93A
:105B70003D307BB1D4F8240103A9002278F098DBF2
:105B800001E00023C361D4F8240103A978F0A6DB67
:105B90000028F6D194F8D4314BB1204616F03EDB04
:105BA00028B194F8E43113B1013B84F8E431204684
:105BB00026F082D8204617F01DDC204626F0D6D8E5
:105BC00094F8D43113B1204624F068DA2368DA6EF1
:105BD000002A40F0A58193F8693113B120464BF0BB
:105BE00023D9204647F030DB236893F82F20CAB131
:105BF00093F83030B3B120461CF09CD890B1D4F863
:105C000064120023CA582AB1907918B1507908B1AA
:105C100012791AB10433202BF4D103E0D4F818051B
:105C20003AF07EDAD4F828351B68A3B120462AF072
:105C3000CFDCD4F828355A681B68B2FBF3F103FBBC
:105C4000112313B9204615F089D8D4F828355A689D
:105C500001325A600AE023689A6A1E23B2FBF3F10C
:105C600003FB112313B920462AF0B2DC94F88C32DE
:105C700043B194F8F034013BDBB2022B02D820464A
:105C800015F048DE0025D4F864325F591FB3BB79A4
:105C90000BBB3B7AFBB1D7F818319B7ADBB13846A6
:105CA00025F090DEB8B13B7CABB1D7F818319B7AC8
:105CB0008BB13B7A7BB107F1DC063046FFF312F281
:105CC000034640B94FF0FF3200900192204639461A
:105CD000324628F0C5DC0435202DD4D1204616F0FC
:105CE00003DB236A5B7DB3B123689A6A3C23B2FB72
:105CF000F3F503FB152575B9D4F86432585938B15A
:105D000083792BB9037A1BB1037C0BB917F028DC1C
:105D10000435202DF0D120462AF038DC20B9D4F803
:105D2000180539F0A9DF38B1236A2021186900224B
:105D300064F03ADD002604E0236A2021186901227C
:105D4000F6E7D4F864329D59FDB1D5F8A83013B107
:105D5000013BC5F8A830D5F8AC701FB1013FC5F8BC
:105D6000AC7012E0AB7983B12B6D99070DD595F826
:105D7000A43053B102F0DADED5F8B01040F052DEB4
:105D800018B1C5F8A87085F8A4700436202ED8D1B3
:105D9000B4F850371BB1013BA4F8503702E020465D
:105DA00022F076DD002635460BE0D4F8C4329B198C
:105DB0005B6A23B1D4F8C82252F825009847013510
:105DC0003836236893F8B4209542EEDB93F83B50C5
:105DD00045B193F83C502DB194F8FC5515B1E368EA
:105DE000D3F880510026D4F8643253F80690B9F104
:105DF000000F40D099F80630002B3CD199F80830BC
:105E0000002B38D099F85633DA0704D52046494696
:105E100099F8542305E0980705D599F855232046AD
:105E2000494624F0A7DB94F8FC3523B399F80430F5
:105E30000BB3D9F818314A461978204629F02CDEE0
:105E4000236893F83B20B2B193F83C309BB194F8AF
:105E50008E3283B9D9F80831D4F85001DF8D93F828
:105E60006030BF0201335F4399F844102B463A4635
:105E70005CF066DFED190436202EB4D1236893F868
:105E80003B206AB193F83C3053B194F88E223AB972
:105E900094F8FC3523B1D4F8500101215CF07ADF8D
:105EA000002384F8FC352268D4F88434926AB3F86D
:105EB0009E30B2FBF3F103FB112313B9204609F026
:105EC00095FAD4F8683223B1D3F818210AB11278C0
:105ED0001AB1D4F86402002202E01B7ACBB9F8E7C9
:105EE000835893B19D79D3F8EC1015B1890405D48A
:105EF0000BE011F4005F08D0C90306D4197A21B170
:105F0000D3F818310BB11B781BB10432202AE7D12A
:105F100003E0A06802210FF027DE204619F0ECDF35
:105F2000B8F1000F04D02046022100222BF050DFF0
:105F300007B0BDE8F08300002DE9F04F92F82A3059
:105F40001446B2F81CB08DB006460D46D0F804A039
:105F50000F6952692BB1936894F8228003F11A09F2
:105F600003E09268984602F11809A368072B0DD93F
:105F70003046494613F0E8DC40B1B9F806304FEA44
:105F8000132949EA03291FFA89F901E0B4F80890B6
:105F900095F8243003F01203022B0DD148F68E033E
:105FA000994509D12068D7F8081110300622FEF370
:105FB00095F1002840F0C88394F82C30EBB9A38BFE
:105FC0001B051AD53368D3F88830D3F84C23013237
:105FD000C3F84C23D5F824220132C5F8242205EB5E
:105FE0004802B2F8A410B4F87E20914205D1D3F84B
:105FF000BC210132C3F8BC21A6E3BB79CBF3802BD3
:10600000002B32D1D7F818311A7B92B194F82C209A
:106010007AB9BBF1000F0CD195F8CA10626A51FA37
:1060200002F2D00705D43846A18B029317F05CDB4F
:10603000029B3268526BC2B11B7FB3B194F82A3015
:106040009BB194F8283083B10021384629F008DA52
:10605000D7F8EC30990408D5A28B12F4005204D181
:10606000D6F84C01394662F003D9238C5A0700F167
:106070006B83A38B03F4804363633BB93A6D40F2B7
:1060800037131340EBB197F85830D3B10023A36313
:106090003046234651462A46CDF800807AF042DB4E
:1060A000636B40B9002B00F04F83D5F864310133A6
:1060B000C5F8643148E323B1D5F860310133C5F840
:1060C000603194F82C3043B908F15003B4F87E00E5
:1060D00005EB43039A88988000E0002294F82C3066
:1060E00043B3636994F82A209B680AB11A3300E02D
:1060F0001833B9F5006F40F06E81A268072A40F2AC
:106100006A811A7A1209042A40F065819A6912BAE2
:10611000002A00F060815B7C012B40F05C8102F082
:106120007043B3F1604F00F05681D2B2FF2A40F0C5
:106130000B8350E1B4F87E0008F1180910F00F034A
:1061400040F0A38005EB8909D9F8041079B11A460B
:106150005046029303F0A6D9029B05EB8802C2F8D1
:10616000843008F14A02C9F8043045F82230BBF106
:10617000000F00F03081E3686269039305EB880348
:106180005A66A16B31B105F51C700530143110222F
:10619000FEF3B8F063699A685868510DC0F3140EA5
:1061A0009889DB8849058E44C3F34A13316801336B
:1061B00002EB000C7344C969CCEB0303CEEB020E77
:1061C000896803EB0E021018884234DA5046FBF758
:1061D00091F808F1180905EB8909C9F804000028AD
:1061E00000F0B282626980689168536821F07F4E46
:1061F0002EF4600E9289C3F31403C3EB0E03C91A85
:106200009A18FEF37FF061698B684A6823F07F4338
:1062100023F46003C2F314029A1AD9F80430986880
:10622000801898609889821A9A81888900229881BA
:10623000504603F037D9D6F8E015039B05EB8802EA
:1062400059186FF005035B1A3168A148C96989685C
:106250005B18C2F8843061680822FEF33FF06B6877
:1062600010B943F0080301E023F008036B6099487C
:1062700061680822FEF332F0AB6810B943F02003E6
:1062800001E023F02003AB60A5E005EB890149683C
:1062900000293ED0504020F00F0020B902F00F023C
:1062A000013293420FD00022504603F0FBD808F190
:1062B000180205EB82020023536008F1200205EB6F
:1062C0008202536021E0A16B49B105F51C700530D5
:1062D00014311022FEF302F0002840F0358208F15C
:1062E000200905EB8909A368D9F8042008F1180CE6
:1062F00093421DD905EB8C0750467968002203F0C4
:10630000D1D800237B60C9F8043008F14A0845F869
:1063100028303368D3F888301A6E01321A662B6938
:10632000002B00F01182DB685A6D01325A650BE2D6
:106330008DE8080405EB8C0CDCF80410304609F1FC
:1063400004026368CDF808C013F036DF5046616977
:10635000002203F0A7D8DDF808C0BBF1000F3AD146
:10636000DCF8042008F14A036261CCF804B045F877
:1063700023B09368928903F11801C9F804B06160F1
:10638000A2F11801A16094F829102360E26021B104
:1063900003F11E011E3A6160A26094F82A203AB10E
:1063A000626884F8228002326260A268023AA260C7
:1063B0001A785B7842EA0323A383636B5BB1A36B18
:1063C0004BB193F90E2061688A18626093F90E3020
:1063D000A268D31AA360A36B63B11B7A042B04D108
:1063E000304621467AF02ADA04E00B2B02D120460F
:1063F0001AF0ACDBBBF1000F40F0C4816269936915
:106400005B0613D5BB792BB9D4F880103846183108
:106410006EF08ED863699B69180640F19581D6F8B5
:1064200030012946224601F0B5F9ABE1236898888E
:10643000D988ADF81000ADF8121018895989ADF857
:106440001400ADF818109889D989ADF81A00ADF884
:106450001C10188A598AADF82000ADF82210988ACD
:1064600094F82910ADF8240041B1198B588B9B8BFF
:10647000ADF82810ADF82A00ADF82C30A38B13F43A
:10648000807F03F4007304D104A9616723B108ABD2
:1064900005E008A961670BB906AB00E00AAB6168CB
:1064A000236793683046C3EB010813F04DDA636944
:1064B000998988B1072940F247819A68A8F10608AE
:1064C0004244C8EB01089A60A3F80C80E26615E02C
:1064D0002C1D8900033801000D2940F235819A688E
:1064E000A8F10E084244C8EB01089A60A3F80C809A
:1064F0002389E266190A41EA03239381A36B6BB1F6
:106500001B7A012B0AD0032B08D0304651462A466D
:10651000234679F0C7DE002800F01681A36B33B163
:106520001B7A022B03D1304621467AF087D997F89F
:106530005C339BB1E36E9B891A0A42EA0323934AB8
:106540001BB293420AD1304661690622002315F03E
:10655000BBDD18B13046394649F006D9626FE36EAB
:10656000118819805088588091889980216F0888F7
:10657000D8804888188189885981616994F822E017
:10658000C8890EF0070E20F007004EEA0000C8810F
:106590001178C9070BD53168D1F88810D1F8D0012E
:1065A0000130C1F8D001F968886D0130886597F82D
:1065B000591061B195F82410C80608D49989080AC1
:1065C00040EA0121714809B2814240F0BD80D6F80D
:1065D0009811795C79B195F82410C9060BD49B8980
:1065E000190A41EA03236A491BB28B4203D02639B8
:1065F0008B4240F0A980BB79EBB992F8008018F08B
:10660000010818D1D7F81831384693F874200132B0
:1066100083F87420D4F8801018316DF089DF616937
:106620005046FFF325F20121034642463846CDF895
:1066300000806DF0FDDFD6F8D0361B68FB58002BCC
:1066400035D01B68002B32D0D4F86C80B8F80C30F1
:106650001A0A42EA03234D4A1BB2934227D197F804
:10666000A73313B197F8F6330BB35046616942462E
:1066700012232BF0C1DB00283BD0B8F81030504675
:106680001A0A42EA0323616908F112029BB22BF055
:10669000B3DB00282DD0636BD6F8D006003318BFCB
:1066A0000123394642467DF077D900284CD17B69D9
:1066B000002B2FD0D4F86C80B8F80C301A0A42EABC
:1066C0000323324A1BB2934224D1504661694246A9
:1066D00012232BF091DB60B1B8F8103050461A0A43
:1066E00042EA0323616908F112029BB22BF084DBBA
:1066F00030B93368D3F888305A6E01325A6623E0D5
:10670000626B7869003218BF012241462B4643F084
:10671000B3DAC8B9D5F89431DB070BD594F8293032
:1067200043B9E36E9B891A0A42EA0323174A1BB254
:10673000934209D1636994F8292000933046294691
:10674000636F26F045DC1DE033685A6BAAB16169BE
:106750001048CA89D3F88C3002F00702825C0E48D8
:10676000855C50460C3503EBC5056B68AE6801339C
:106770006B60FFF37DF18019A860504661690022CB
:1067800002F090DE0DB0BDE8F08F00BF8E88FFFFF5
:10679000B488FFFFBAD588006CE188002DE9F04F7E
:1067A0004FF0000AAFB0CDF8B0A0CDF8B4A0D68AB3
:1067B000984610939B890446212B0F461546CDF829
:1067C00064A08DF84EA0CDF850A08DF857A08DF89C
:1067D00054A08DF88CA08DF858A011922B92CDF872
:1067E00088A001D803684AE0D8F8089010464946C6
:1067F00071F0D2D909F106030890C8F82C000B9368
:10680000B9F806301946ADF8483001F00C021846C8
:1068100001F0F00301F44071A1F5407E92081B09DC
:10682000DEF1000141EB0E01022A08BF4FEAD30A54
:10683000ADF84A205FFA8AF2ADF84C308DF8551069
:106840008DF85620B5F804E00EF0030EBEF1020FED
:1068500004D100B2002801DADB0800E00023D8B23E
:106860008DF85700002914BF2823222302B10233D8
:1068700000B1043310988089984206D22368D3F877
:1068800088305A6E01325A667EE399F80A3003F076
:1068900001038DF8583009F11E030C9311B109F171
:1068A00024030C9300238DF859304AB10C9B5A787D
:1068B0001B7843EA0222DB0907928DF8593000E089
:1068C000079241463846FFF3D3F0109909908B6840
:1068D000384606338B608B89063B8B819DF8593097
:1068E0001BB1FEF365F501463846042202F084DD53
:1068F00016F4404F9DF855200CBF4FF0000B4FF0A1
:10690000010B00232D9302BBBDF848300B9913F403
:10691000407F09D101F1100620460A315A462DABBD
:1069200078F00CDA2C9005E0D80501D50E1D01E0B9
:1069300001F10A062D9B23B92046314648F0F8D9CB
:106940002D902D9B003318BF01238DF85C302D9BBB
:1069500013F1000A9DF8583018BF4FF0010A43B9EF
:106960000B992046043148F009DA061C18BF0126AD
:1069700000E00026D4F804321BB9236893F82C30C9
:106980006BB3236893F83E20002A08BF4FF0000A3B
:106990007EBBBDF84820D20506D49DF858201AB118
:1069A000BAF1000F40F0F6829DF8552012B19DF823
:1069B00058203ABB93F82C30002B00F0C982BAF172
:1069C000000F04D12046294658F064DEC0E22D9B1A
:1069D0009B79002B40F0BC824FF0010A14E09DF837
:1069E00058301BB9002E00F0B38202E0002E00F0F8
:1069F000D1829DF855302BB9BAF1000F00F0A88272
:106A00009A4601E04FF0000A9DF856300BB39DF80E
:106A100059304BB194F80E32002B00F09982109B44
:106A20009A6942F040029A6107999E4A01F0070371
:106A3000D25C9D498DF84E308A5C0799149201F022
:106A4000100212118DF854200C9A8DF88C300232FD
:106A50000C92109BD989988911F4005218BFB3F891
:106A600050200C999B688218CB1A0E924146D21A7C
:106A700038460D920693FEF3FBF7069B0B9AC31A5A
:106A80000F93937DD17D43EA0123ADF8AA30BAF18B
:106A9000000F2FD12CAB00930E9B204601932DA904
:106AA0002B4618F0ABDE002840F0528274E22D999C
:106AB000002900F04D820B9A20460A325B4678F09E
:106AC0007BD82C90002840F06D820B9A2D9920469F
:106AD0000A325B4678F072D901462C9030B92368AF
:106AE000D3F88830DA6E0132DA6631E2204677F088
:106AF000D5DF57E2BDF8483013F4407F04D12D9B19
:106B00001B7C002B3AD106E09DF855301BB92D9B1C
:106B10001B7C002B32D020462D990A325B4678F040
:106B20004DD92C9018B913E22C9B1B692D931EB1E3
:106B300023689A6A2C9B9A622D9BD3F810210792A6
:106B4000BAF1000F21D19DF85520F2B99DF85820D7
:106B50001AB1BDF84820D00510D49979BDF8482065
:106B600011B1D1050AD510E01B7C02F44072002B54
:106B700014BF4FF4007300239A4206D02368D3F861
:106B800088309A6D01329A65E2E12046294658F034
:106B900081DD002388F8230083462D9888F8223071
:106BA0008379ABB9BBF1000F12D0594695F91D207E
:106BB000334658F0CFDD2946D4F8C426204658F095
:106BC0000DDD3246014688F822002D9858F010DE7F
:106BD0002C9B93F8922112B9D3F8F42052B3BBF155
:106BE000000F27D0D3F8F010D3F8EC2042F821B0F2
:106BF000D4F88424517911F00100D3F8F01018BFB3
:106C000095F91F0003EB8101C1F89C0152795210E4
:106C100012F00101D3F8F02018BF95F9201003EB12
:106C20008202C2F8BC11D3F8F020013202F0070250
:106C3000C3F8F0209DF855202D9B0AB1DB6D3CE098
:106C40009A792C99002A31D04B6B25934B685A06C0
:106C50001BD59DF85620C2B1BDF8AA20100714D14B
:106C600091F8D7208AB10A7DD2070ED4BDF848200A
:106C7000D0040AD59A0308D5149A91F8C930134163
:106C8000DB0702D520463AF00FD9BDF8483013F49F
:106C9000805F2C9B5A6814BF42F4003222F4003209
:106CA0005A600BE0BAD588006CE188004A6B2592E7
:106CB0001A7C1AB9DB6DD80700D525932D988379F6
:106CC000A3B9037C93B19DF858307BB9BAF1000F9A
:106CD0000CD1079B83F806A094F80C22D3F8F0306F
:106CE0009A4203D084F80C3221F010DB9DF8583022
:106CF000FBB12D998B79002B40F02A810B7C43B19D
:106D00000B98E23110300622FDF3E8F2002800F083
:106D10001F810B980430FEF3D9F150B92D9890F8EB
:106D2000453033B90B99043148F076D9002840F04A
:106D30000F81BDF8AA30089AA8F81C300B9BC8F840
:106D40002C201B7C2C9913F0010F099E4FF000079B
:106D500007D0D1F854310133C1F85431F1E962233D
:106D600006E0D1F850310133C1F85031F1E9602328
:106D7000921943EB0703C1E900239DF858309BB9F2
:106D800099F8003099F801201A4399F8023013431A
:106D90000AD0D8F82C10D4F85C016A8A78F0C6DBE7
:106DA0002C9B0899C3F85C1199F90330002B07DA82
:106DB0002368D3F88830D3F8A8220132C3F8A82278
:106DC00099F8033013F0300F07D02368D3F88830D8
:106DD000D3F8B0220132C3F8B0229DF85830002B0E
:106DE00071D1D8F82C00236810F0407FD3F8886068
:106DF00001D1C0B201E070F04DDD16283AD00CD8B8
:106E00000B2825D004D8022816D004285BD119E01D
:106E10000C2823D0122856D126E030283CD004D8A4
:106E200018282DD024284ED130E0602840D06C287E
:106E300044D0482847D135E0D6F838320133C6F877
:106E4000383240E0D6F83C320133C6F83C323AE002
:106E5000D6F840320133C6F8403234E0D6F8443236
:106E60000133C6F844322EE0D6F848320133C6F872
:106E7000483228E0D6F84C320133C6F84C3222E0D2
:106E8000D6F850320133C6F850321CE0D6F85432EE
:106E90000133C6F8543216E0D6F858320133C6F83A
:106EA000583210E0D6F85C320133C6F85C320AE0A2
:106EB000D6F860320133C6F8603204E0D6F86432A6
:106EC0000133C6F864329DF858301BB12D980BA9D8
:106ED0001AF01ED99DF858302BBBD8F82C0010F0B2
:106EE000407F01D070F0D6DC00F07F00022809D08E
:106EF000042807D00B2805D0A0F11601484240EB2A
:106F0000010000E001200022E98895F91C30009280
:106F10000190A888090A800B02902D980392049092
:106F2000204609F058F92C994B685A030BD59DF867
:106F3000583043B9BAF1000F05D1D4F838010BAA83
:106F400033F038DE33E020460BAAFEF7F5FF2EE0E3
:106F500023685A6BC2B19DF85820AAB910991548F8
:106F6000CA89D3F88C3002F00702825C1248845C34
:106F700038460C3403EBC4046368A56801336360CE
:106F8000FEF376F54019A06038461099002202F011
:106F900089DA0CE0B24637E5BDF8483013F4407F9B
:106FA0003FF485AD2D9B002B7FF4C1ADBCE52FB028
:106FB000BDE8F08FBAD588006CE188000B68C9681D
:106FC000DB691A6889B14B78012B0ED1B2F8BE305B
:106FD00023F040031B041B0CA2F8BE3089788906FD
:106FE00044BF43F04003A2F8BE3000207047F8B51C
:106FF00091E88800DC6903680D461A6892F86261BE
:1070000026B1D3F8600806F073FF0646F86DF9F76D
:1070100025F958B156B1E86858B14378012B04D02E
:107020000C23A3804FF0FF30F8BDA0610023A380A4
:107030000020F8BD38B503684C681A6892F86251B0
:1070400025B1D3F8600806F053FF0546E06DF9F767
:1070500005F950B145B9D4F8A00300F0200000288C
:1070600014BF0320002038BD032038BD2DE9F843AC
:1070700091E808020568DC692B680E4693F8627196
:10708000D4F8008027B1D5F8600806F031FF074634
:10709000D9F85C00F9F7E2F888B187B1F06888B1F7
:1070A0004278012A05D00C2323844FF0FF30BDE83D
:1070B000F8836062D5F86008414607F0D9FC0023E8
:1070C00023840020BDE8F8832DE9F04F1C4692F898
:1070D00001909B68D1F85CC089B0002723F4C0639D
:1070E000B9F1010F80460E461546CDF810C0059740
:1070F0000697A36040F23C81D278AB7843EA022342
:10710000012B40F03581A9F10203DBB2032B0ED82D
:107110001CF0400F00F02C8104222DF0F5DC00283B
:1071200000F02681402363630423A36329E12F1D1C
:10713000384696490322FDF3D1F08246002840F0FC
:10714000178140463146EA792DF0DEDC002800F058
:107150000F8104F1380B38465946FFF31DF0A9F1B1
:107160000603DBB2012B11D8049B5F0640F10081BE
:107170004046314604222DF0C7DC002800F0F8809C
:10718000402363630423A3635746FAE06A7A2B7AA9
:1071900043EA0223012B40F0EB8005F10A07384651
:1071A0007A490322FDF39AF0002840F0E18040463E
:1071B00031466A7B2DF0A8DC002800F0D9803846E3
:1071C0005946FEF3E9F7A9F10C03DBB2012B06D80F
:1071D000049B580640F1CC8040236363CEE0EA7BF9
:1071E000AB7B43EA0223012B40F0C08005F1100085
:1071F00066490322FDF372F0002840F0B780EB7C73
:10720000012B01D0052B02D1049A510617D4062B6D
:1072100002D1049A120612D4D8F8002092F8622102
:107220002AB1082B03D1049A12F4802F05E0022B17
:1072300040F09C80049A12F0800F00F097805A1F53
:10724000D2B2012A01D9082B0BD1336D5B0504D4CE
:10725000049B13F4922F00F08F80A36843F48063A3
:10726000A360336D5F0503D5A368580540F18480A2
:1072700005F1100004A90022FEF31AF7002877D0C8
:10728000049BA9F11202D2B2012A63638CBF2A7D4A
:107290000022B3F5802F01D151066BD5D8F87C06BA
:1072A000316D0DF11F0304F05FFA002864D09DF8E2
:1072B0001F301BB1A36843F40073A360A9F1140746
:1072C000FFB2002F4AD095F801A0A9F11609C7EB2B
:1072D0000A0A05EB0A0393F803C003F1020B9B783B
:1072E0005FFA89F943EA0C2C4FEA1919002723E0C9
:1072F0000BEB0713023305931023ADF81C3004F198
:1073000014030093636B3046019306A905AA07ABEB
:10731000CDF80CC057F09ED901372028DDF80CC0FD
:107320000AD1059A62B1069B53B1012100914046F2
:10733000214638F033D903E0674501D04F45D7D116
:107340005544EA78AB7853EA022317D0059BBBB1CA
:10735000069F002F0CBF3527002712E0404621462C
:107360003A463B46009738F019D90AE02B2708E047
:107370000C2706E02D2704E01F2702E0002700E08D
:107380003527384609B0BDE8F08F00BF223801002C
:10739000F8B591E8280007685B681E683B6893F8B9
:1073A00062415CB1D7F8600806F0A2FD31460446A0
:1073B000D7F8600806F0A0FD064600E02646E86D16
:1073C000F8F74CFF30B124B1002E14BF0320002089
:1073D000F8BD2046F8BD2DE9F34191E84800076863
:1073E0005B680C46D3F800803B6893F862315BB170
:1073F000D7F8600806F07CFD41460546D7F86008DE
:1074000006F07AFD074601E01F461D46F06DF8F7CD
:1074100025FFA0B19DB197B10122002101A8FCF385
:10742000F5F701A80521FEF3C9F30122A369F420B1
:1074300001A9FDF30FF52368A2695B681A620020B9
:10744000BDE8FC8173B503680C461A684D6892F874
:10745000626126B1D3F8600806F04AFD0646E86D81
:10746000F8F7FCFEB8B11EB9D5F8A033980612D5CE
:107470000122002101A8FCF3C9F701A80521FEF3B0
:107480009DF30122A369F42001A9FDF3E3F423682D
:10749000A2695B685A6100207CBD73B503680C4625
:1074A0001A684D6892F8626126B1D3F8600806F058
:1074B0001FFD0646E86DF8F7D1FE98B11EB9D5F864
:1074C000A0339B060ED50122002101A8FCF39EF7F4
:1074D00001A80521FEF372F3F42001A90122A3699A
:1074E000FDF3B8F400207CBD2DE9F3471746027A7E
:1074F00004460E46D0F80090D1F800800AB1002B67
:107500006AD0E3199D7A002D67D098F8023194F87B
:10751000272003F01C039B08934238BF13463371A6
:10752000304630F093DD98F802314FF4005203F00A
:10753000030312FA03F3F36098F80231204603F0D4
:1075400003030D3386F83D31414607F1360A2FF02B
:107550000BD856F82A5045B94FF4417001F06CDF52
:107560000546002839D046F82A00284600214FF465
:107570004172FCF34BF702232B700023AF7085F8A8
:10758000ED30D9F80030C5F8F48093F869318BB14B
:10759000484649F041DC38B1E37C984228BF1846A0
:1075A00084F80434E07405E094F8043413B1E3740F
:1075B00084F80404A27CE37C009294F82F204846CF
:1075C0000192D5F8F4103A4632F036DFD4F8503252
:1075D0001A6D01321A6500E01D462846BDE8FC8799
:1075E0002DE9F041D0F8E822002507460E46A846CE
:1075F0002B46D2F8B0100432002918BF9846013348
:10760000182B0D44F5D128F007083046184908F129
:107610000708FDF36BF105BB22E0D7F8E83204F16F
:107620002C0253F82220642353433046B3FBF5F376
:107630001049FDF35BF1104B2340002B03DA013BB3
:1076400063F007030133072B05D1444503D03046CF
:107650000A49FDF34BF1013400E000244445DCDD30
:1076600030460749FDF342F10020BDE8F08100BF3C
:10767000225701002C5701000700008037570100F6
:107680001A2D890037B500230193079B0546032B6C
:10769000144604D901A806990422FCF333F60E2CF3
:1076A0002B6806D11B68002093F8D120089B1A6034
:1076B00001E06FF016003EBDF8B5C2690023074631
:1076C0000D461E46D1580433602B0E44FAD128468D
:1076D0001149FDF30BF1C6B10024FB69284653F8AC
:1076E0002420642353430D49B3FBF6F3FDF3FEF06E
:1076F00004F00703072B05D1172C03D028460849AF
:10770000FDF3F4F00134182CE7D128460549FDF3C8
:10771000EDF00020F8BD00BF5C5701002C570100C0
:10772000375701001A2D89000020704710B51C46FC
:1077300003699B794BB9880501D5101D03E0C90584
:1077400010D502F10A00214608E0CB0502D502F16E
:107750000A0002E0880505D5101DA11D0622FCF3D4
:10776000BDF580B9204602990622FCF3B7F568B151
:10777000204603990622FCF3B1F500280CBF4FF018
:10778000FF30002010BD4FF0FF3010BD4FF0FF3034
:1077900010BD00002DE9F04F5D4B07461868EFB0B3
:1077A0006A9015469A886C69ADF8AC2153F8060FBB
:1077B000A2686C909B880491ADF8B4317B68A98B6A
:1077C000D3F814B06B6805919B1A9BB2D218A260D3
:1077D000A289D5F81090D31AA3810026B84664E098
:1077E000642E64D0A368E28903F10E0712F40052FC
:1077F00018BFB4F85020BF07A089998905D0474623
:10780000FB6E1A6C01321A645BE01218DFF808A1F3
:107810000F0A92B247EA01270392A18ADAF8002000
:107820000E3752F82120BFB21AB13A4AF91C0A4069
:1078300000E03A460399914205D04746FB6EDA6B69
:107840000132DA633DE06AAA00926CAA01920498C0
:1078500005992A68FFF76AFF002832D1E3899B0463
:1078600007D5B4F8503023B1A389FF1AA4F850709B
:1078700000E0A7812246D8F80000594619F0BCDE86
:10788000E38995F8222023F0070302F0070213434F
:10789000E38106AB43F82640A28ADAF800300136CD
:1078A00053F82240039BC3EB0909002C98D14746AB
:1078B000B9F1000F01D105AB0FE0FB6E5A6C01323C
:1078C0005A6458466969002201F0ECDD1DE053F866
:1078D000042F0021918209F10109B145F7D124B1AA
:1078E00058462146002201F0DDDD00240BE006AB06
:1078F00053F8243095F829200093386804999B6840
:1079000025F066DB0134B442F1D16FB0BDE8F08FF1
:107910002B380100FCFF0100E80300002DE9F04FC7
:10792000B1B0DDF8F480079300230F922F9308F194
:1079300038023A9B0B92D1F808215B880C92079A87
:107940000E931388814603F0FC03A3F120077B42CA
:1079500043EB07030C463C9E856908932BB13A9B89
:107960004FF0300B04330A9303E0089A4FF0100BEA
:107970000A920021282210A8FCF348F51AA8002139
:107980002822FCF343F5D5F86C332BB110A805F58C
:107990005B712822FCF3B6F40C9B0DF1400A03F155
:1079A00038070DF1680C3A46534628462146CDF873
:1079B00000C0CDF818C024F065DAD5F88434394613
:1079C0009B7824AF00220B986FF0BEDE3846002172
:1079D0002422FCF31BF508F14D03DDF818C02593B4
:1079E000CDF898A0B8F868300DF1B40A50460021DF
:1079F0000822CDF89CC028932496FCF307F5736801
:107A0000CDF800A0C3F300438DF8B43021465A46A8
:107A10000023D5F894062E9753F03AD804F1DC03EE
:107A200000F1060A079A0D938DE808042FAB0A327D
:107A3000029307465946284604F1E203099220F0D2
:107A40008BDE844618B91122A8F86820E9E02F9B44
:107A50000022012119705A702A6A1268022A04D180
:107A600094F92C210AB921221A70216D40F23712A3
:107A70000A4032B194F858201AB11A8842F0100224
:107A80001A8095F8722432B12A6A527D1AB11A8886
:107A900042F480621A80B8F8682021465A80B8F80B
:107AA00020209A802F9B2DAA06338DE88C002F93DF
:107AB000D5F894065A460023CDF818C052F056DF88
:107AC000DDF818C0002840F09980009498F818203C
:107AD000E368029003900192DA68284633466146D3
:107AE00024F01AD8B8F8683023B13046022176F075
:107AF000A5DB83E02F9B063B2F93B36898050CD53D
:107B000096F8243003F00303032B06D1D5F87C0646
:107B1000214632465DF0C6DA83E0B8F820303146BF
:107B2000A6F8CC30284676F0B9DF0C9A022192F8FC
:107B300060300E9A3046934238BF1346A6F8FA30AA
:107B400076F004DED4F8EC30190309D52846214636
:107B50001AF038DD012803D12846214646F0F2DE2E
:107B60002B689B6AF362089B53B10D980A99062211
:107B7000FCF3B4F320B148460999E26836F0A6DF79
:107B80000999E268484636F0C5DC2A68D4F8EC105A
:107B900092F84F2011F4005318BF022312F0030291
:107BA00005D0CA045ABF7268C2F3004200227F2186
:107BB0008DE806000B9806F13C0100226FF0F0DE24
:107BC0002846314677F058DB606920B106F1140190
:107BD000012201F0D9FFD4F8EC309B0404D5D5F88C
:107BE0004C01214660F064DB2B6893F8693133B1B6
:107BF00028462146012202F0BDFF00E0BA463B9B29
:107C00003A9A01932F9B00920293484621460F9A7D
:107C1000079BCDF80CA00496CDF8148036F054D90B
:107C200005E048462146079A434635F029D931B048
:107C3000BDE8F08F2DE9F04F8569E3B09246984694
:107C40009DF8B421D5F864310C4607921BB19B799D
:107C5000002B40F06A812B6893F82F30ABB1236D75
:107C6000990712D594F8A4307BB100F05FDFD4F807
:107C7000B0103EF0D7DE002800F06C810023C4F87D
:107C8000A830C4F8AC3084F8A430A3791BB12379B0
:107C9000002B00F04A81BAF800B01BF4804B65D08D
:107CA0000AF10A03284621461A46069376F080DF39
:107CB0000746002800F03981D0F8D030002B00F0C2
:107CC000348198F803909DF8B8314FEA99190BB3B5
:107CD000D5F89C3253F82960E6B13369D3B1337AD1
:107CE000C3B1414603225BA8FCF30CF35BA806F189
:107CF000140132690330FCF305F331695BA80331E9
:107D000008AA02F0AFDA6C9A08F10400111F08AA61
:107D100002F0CADA09F11C0954F8293093B11A6942
:107D20006C984146143308F0F5DCC0B9012300908B
:107D30000193029003900490214628461722069B47
:107D40001AF05ADDD7F8D00001F088DB0023C7F81D
:107D5000D03003230F2606934FF00109D2E06C9A2E
:107D600008F10408083A6C920F2601E05E465F466F
:107D7000B8F80230B8F8009006932B6893F8623197
:107D800073B1B9F1030F0BD16C9A079B0092019369
:107D9000D5F8600821465246434674F057D8C4E0EF
:107DA000069A032A00F2C180BBF1000F67D1012AB5
:107DB00040F0CC80B5F8AA0122F014D90AF10A0BE0
:107DC000031C214618BF012328465A4676F0F4DEEC
:107DD000014610B1284676F0F1DE284621465A4683
:107DE00076F0E8DF0746002800F0B2804368DA0446
:107DF00008D52A6892F83020002A40F0A98023F4A0
:107E0000805343602846394625F0B2DDB9F1000FB2
:107E100003D0B9F1010F2BD112E0B4F9543094F929
:107E20004420384601211BB916B976F0B9DC01E0CF
:107E300076F01EDA97F8243013F001031DD118E014
:107E4000B4F95430012B18D03846494694F94420EF
:107E500076F00EDA00238DE8080202930393049370
:107E60002846214617225B461AF0C6DC0D2649E05B
:107E70000023012200930192EFE7002E42D100215E
:107E80000C225FA8FCF3C2F2344B0DF5927B5F939A
:107E9000334B00212822584660936195FCF3B6F2DB
:107EA000069BADF8346153AE3046002120224A9340
:107EB000CDF824914B97FCF3A9F26C9A08F10603D4
:107EC0000193931F00960293D5F894062146B022A1
:107ED0005FABCDF868B152F003DEBDF834618EB906
:107EE00087B197F82430D8070CD5284621460422BC
:107EF0000AF10A0300960196CDF8089003960496BD
:107F00001AF07ADC069A2046531C0193002303934F
:107F10000493079B0AF10A01059304F1DC023B4636
:107F2000CDF800900296FDF76DFC284621460AF137
:107F30000A0276F03DDE68B1A3795BB190F8243097
:107F4000D90707D52B689B6A836203E00E26D9E721
:107F50000126D7E763B0BDE8F08F00BF111484009D
:107F6000151484002DE9F04F9A46836EADF5077D18
:107F700081468669CB58D1F80C01919C0D460D9233
:107F8000DDF8408212930C90002C00F0AA820021B0
:107F900031A86C22FCF33AF29DF848320D998DF825
:107FA000DC30B4F8CC303391CDF8D0A0CDF8C4900B
:107FB0003295CDF8D480369423B9206947F04AD859
:107FC000A4F8CC00B4F8CC20D5F808310021ADF8E5
:107FD000E4204CA828221093FCF318F20D98BAF86C
:107FE00000200388ADF82C2003F0FC03A3F120004F
:107FF000434243EB0003D9B28DF8473093B20A9362
:108000004B010E9394F824300F9103F00303032BDC
:1080100003D1A368990500F13F82D6F864311BB102
:108020009B79002B40F05782336893F82F30ABB127
:108030002B6D9A0712D595F8A4307BB100F076DD50
:10804000D5F8B0103EF0EEDC002800F04A820023A4
:10805000C5F8A830C5F8AC3085F8A4300F9820B129
:10806000B8F1090F40F2378209E0B8F1030F40F28E
:108070003282A8F104010AF1040B099104E0A8F18D
:108080000A020AF10A0B099200276763A7633046C8
:1080900021463A4676F0B4D9099BCDF8F4B0012BCD
:1080A0003E93CDF8ECB040F316829BF8013009986E
:1080B00002339842C0F20F8239460C2283A8FCF3A7
:1080C000A5F1704B394683936F4B282284936AAB9A
:1080D000184608938596FCF399F156AA0DF5E87CAD
:1080E0006B9260AA6C92604639462022CDF81CC083
:1080F0006A94ADF8C871FCF389F1089B09997B93E8
:108100003368DDF81CC093F84F30029103F003038D
:10811000CDF800C0CDF804B08DF8E8310E9AD6F84D
:108120009406294683AB52F0DBDCBDF8C8210E92E1
:1081300008B11746BFE1BDF82C30D4F8E000A4F830
:10814000F83038B141780231FDF322F7D0F1010067
:1081500038BF00200B900B98EB6D8DF8E60023B133
:108160002A6D40F23713134013B92B6D5B060BD504
:10817000D4F8E03043B9AB79002B00F08F81D5F80B
:10818000EC30980440F18A81304656A960AA4CAB85
:108190001AF0F6DE002840F0858196F81C259DF83F
:1081A00044319A4240F07E8194F8243099070BD5EF
:1081B00094F8D73023B130462146012239F0C0D996
:1081C0002046FE2176F03AD895F94430002BC0F2D3
:1081D000718194F82430DA0740F16C81336893F8A8
:1081E000A9304BB1D6F870012AF04EDD022803D138
:1081F0000A99CB0540F154816D2215A80021FCF3AA
:1082000005F10023DDF830E11A4612E086A8C11816
:1082100011F8E41C01F07F016C2909D81B48405C6F
:1082200030B115AF40B2795432EA200228BF0122A2
:1082300001337345EAD16168336A21F00701616057
:10824000587D12F1000C18BF4FF0010C18B112B993
:1082500041F0010161605B7D33B10A99480503D4A7
:10826000636843F0020363600A9A12F020021392DB
:1082700003D0636843F004036360109B986B002392
:1082800014E000BFB1118400CD138400581689009A
:108290001099CA1892F83C20110606D502F07F0208
:1082A00015A98A5C002A00F0FD8001338342EFD1DA
:1082B000336893F84F309A072AD06D9941B34A78C2
:1082C00030460232CDF81CC054F09CDA002207463A
:1082D0000092304621463A460023FBF701FCDDF8C8
:1082E0001CC0AFB151A810220130F91CFCF30AF0F8
:1082F00051AA0023F11891F8011312F8010F084058
:10830000884240F0CF800133102BF3D14FF0020CA4
:10831000129B9C45C0F0C680EA6D22B1296D40F2E7
:1083200037130B4013B92B6D5B060BD5636B23B171
:10833000A16B40F237130B4023B92B6D13F0410FA3
:1083400000F0B8800A98C00618D5296D40F237139E
:108350000B409BB9490601D50B9979B130460D9E6A
:108360000023012200930192029303930493294670
:10837000172206F10A031AF03FDA9BE0E2B12A6DF8
:1083800040F237131340BBB1D30715D594F8D6305C
:10839000012B11D1636B7BB105F1DC03009305F177
:1083A000E2030193022730462946224604F11403D2
:1083B000029726F097D87EE0336893F830304BB9B7
:1083C000336A1B68022B05D195F92C3113B9139828
:1083D000002869D0336A1B68022B05D199F8003058
:1083E00013B10A99480561D5304619F07BDDD9F8FB
:1083F000283098425CD2304629461AF0E3D8D5F8A6
:108400008430984254D2D5F8EC30990408D5D6F887
:108410004C0121465A46099B60F016DA002849D1E2
:108420000E9A4CA9ADF82C213FA82822FBF36AF73D
:108430000C99486B08B101F011D80F9A1AB1AAF142
:10844000060A08F106089DF847000C9B83F83C00DB
:10845000404600F0F1DF0C99486308B9886306E0F4
:1084600042465146FBF34EF70C9AC2F8388001237E
:108470008DF8F03104F11401002306227DA8ADF837
:10848000F231FBF33FF731AB0093304629467CAA2B
:10849000234635F051DD24E01E270CE00D270AE0CD
:1084A000162708E0122706E0132704E0192702E048
:1084B000112700E00C2731AB0393484629467CAADC
:1084C0000D9BADF82C71CDF800A0CDF8048002947E
:1084D000FFF724FA05E0484629460D9A31AB34F0FF
:1084E000CFDC0DF5077DBDE8F08F00BFD1F80C01A2
:1084F00030B5446B4CB1816B39B190F83C50002DD4
:108500000CBF04250A25A94203D20021116019607D
:1085100030BD251D1560196090F83C0018B1063972
:108520000A34196014601A68043A1A6030BD0000F9
:10853000024B00F00F0053F82000704774650100F3
:108540002DE9F04FCB88D0F810218BB09B06054663
:108550000E460468D0F80C710892D0F804A11DD51D
:10856000036D9A0712D558070BD501F16F0004214E
:108570007CF0BADC90B906F1830004217CF0B4DC15
:1085800060B994F8413513F0020F05E0DA0705D51C
:1085900094F8413513F0010F40F02B832046294613
:1085A000728E16233CF0D6D8002840F04083738E9C
:1085B000204613F4404F0CBF002201220A3254F827
:1085C00022902A46494621F069DFFF28804600F0C4
:1085D0002E8394F8903243F0040384F89032236899
:1085E00093F83B303BB12046294642465AF000D929
:1085F000002840F01C83236A186961F0DFD84045E9
:108600004DD0236A186961F0D9D8FDF387F383460A
:108610004046FDF383F3834509D1236A186961F06D
:10862000CDD808F4605300F46050984237DC7B6882
:10863000022B0AD1BAF8BE30DB0706D5BB68182B6F
:1086400003D0089A536B042B29D1D4F85801414622
:108650004CF062DB204628F01FDC7B68022B08D13F
:10866000B5F954302BB9D4F8D4062946324651F026
:10867000B5DA2046414626F041DF236893F83B30C7
:108680004BB1D5F83C335968D4F8C035994202D083
:10869000204623F0ABD820461FF0ACDE0FE0D4F824
:1086A000580141464CF042DF48B1D4F858014146E8
:1086B0004CF032DB002120460A4622F00BD823681A
:1086C00093F83B3093B1D5F83C335A68D4F8C035B1
:1086D0009A420BD0204628F0DFDBD5F83C33204609
:1086E000596823F083D820461FF084DE09F1500337
:1086F000C822504631460993FBF304F6D9F80030FE
:10870000AAF83280022B07D199F81580D8F1010818
:1087100038BF4FF0000801E04FF00008F38813F075
:1087200020030DD0236893F84F3013F0030307D0D4
:10873000D5F8EC3003F48053D3F1010338BF0023A4
:10874000DBB20AF1380B0793FF22B8F1000F18BF14
:1087500000238DE80C0058465946002243466FF02E
:108760001FD9D4F884345846099901229B786EF0B9
:10877000EBDF00282ED1B9F80820D9F80090B8F125
:10878000000F05D120464146069220F03BD9069ABB
:10879000BAF8323003F46053B3F5205F08D0B3F574
:1087A000C05F07D0B3F5805F14BF0A23142302E033
:1087B000A02300E02823FF2101910290CDF8008042
:1087C0000393D4F8843458461B79099904934B4693
:1087D0006FF0AAD8D5F8EC3098040CD5294620467D
:1087E00020F010D9FF2300930190594658460022EB
:1087F00002236FF0D5D82046594623F0D9DA96F9EE
:10880000342020460032294618BF012246F0F2DC0F
:1088100096F93430E3B9D5F80831012283F86020A5
:10882000D4F8440129465BF097D9284631463BF0FD
:1088300023DA28460E213DF05BD82946204646F033
:1088400051DE204629467A68BB6845F007D8CCE15E
:10885000D5F8EC30990405D5D4F84C012946524698
:108860005FF0BADC20462946324676F0A3DA80462D
:1088700038B9204629463A460BB0BDE8F04F3BF0E8
:108880009D9F079AF2B1DAF86830BAF86C900C3311
:10889000A9F10C0919464A462046069353F0CCDF4D
:1088A000069B844619464A462046CDF818C053F028
:1088B00099DFDDF818C000220346009220464146A9
:1088C00062460AE04368DA0309D5F3889B0606D4BA
:1088D000079B2046009341461A46FBF701F9D8F85A
:1088E0000430D5F8EC2043F48053C8F8043012F477
:1088F00000524FF07F0308F13C01009305D0079A26
:10890000584601920223002203E0079B5846019338
:1089100013466FF045D82046414676F0ADDC204640
:1089200029463AF0C1DD236893F862315BB1EB6D03
:10893000580308D5BAF8BE20D4F860084146C2F3FF
:10894000801206F095F898F8243013F00C0F40F0E0
:108950004681B5F954A02368C5F800A193F86231A7
:10896000002B7DD0EB6D190605D5D4F8600829469B
:1089700073F054DB10B9EB6D5A033CD50023294644
:10898000C5F80031D4F8600873F032DA294682461F
:10899000D4F8600873F040DA88B14FF4802920469B
:1089A0002946324608238DE800063DF019D830B13B
:1089B0000323C5F80031C5F85C909A461BE0D4F853
:1089C0006008294673F02ADBA0B14FF0800B4FF00E
:1089D00000092046294632460223CDF800B0CDF8E2
:1089E00004903CF0FDDF28B1C5F80091C5F85CB0FB
:1089F000CA4600E08246D5F80031032B0BD1D4F8EB
:108A0000DC0629463246EB6D6CF002D818B1002323
:108A1000C5F800319A46D5F80031032B20D1D4F89F
:108A2000600805F065FA50B1D4F86008414605F0D9
:108A300063FA20B1D4F86008294605F01FF9D4F88C
:108A4000600829464246334673F092DA30B1284630
:108A500008210BB0BDE8F04F3CF04A9FC5F800A1DB
:108A6000D7F80490B9F1020F1DD1BAF1000F1AD155
:108A7000D4F8D4062946324651F0C8D898B1D5F872
:108A80000801FCF32FF370B9D4F8D006294632461A
:108A9000C5F800917BF00EDAD4F8D40629463246A8
:108AA00051F016DBCA460C21404675F04FDE7B685C
:108AB000022B23D1089A536B093B012B1ED89346F6
:108AC0004FF00009134616E00A2000FB0930D5F8E4
:108AD0000811623006220693FBF300F4069B30B9BE
:108AE0004FF49672ABF86820012283F8502009F108
:108AF00001090BF10A0BDA6C9145E5D37B68022B77
:108B000033D12B7A002B30D0BAF1020F2DD1B6F829
:108B1000BE30DB0729D5089A536B042B25D0BB68E0
:108B2000182B22D0284622F04DDF18B1284600210C
:108B300027F058D8284618213CF0DADED8F80C3057
:108B4000D4F8D406D5F808211BB11969002908BF4B
:108B500000230093B6F862302946C3F34013019313
:108B6000434651F013DA064629E0284608213CF036
:108B7000BFDE4FF001090023CDF800A0CDF804902E
:108B8000029303930493B6F862303246C3F3401362
:108B900005932846434608F11401FCF733FE236889
:108BA000064693F869311BB12046494648F0D2D8B1
:108BB000A06839684FF4967200230CF02FDF46B19D
:108BC000D4F888041B49B5F82E21334660F0F8DA52
:108BD0000BE0A06839684FF49B72334603E0002233
:108BE000A068396813460CF019DFBB7F0133BB77EF
:108BF0001DE0F388708E23F46663F380FDF38EF03E
:108C000040F480501FFA80F8708EFDF387F0B6F8BC
:108C1000BE300E288CBF4FF44040002048EA0008C8
:108C200023F00A03A6F83280A6F8BE30B6E40BB0F3
:108C3000BDE8F08FA59084002DE9F04F9A46138887
:108C4000D0F80C61A3B003F0FC030993B368944619
:108C50000B3BBAF80220012B04468B46DDF8B0909E
:108C60000568D0F80471ADF828201FFA82F80BD8F7
:108C70000CF1100039460622CDF818C0FBF32EF394
:108C8000DDF818C0034660B1099A2046B2F110031E
:108C900018BF012300930023019306210CF10A025F
:108CA00048E0306C20B1069300F0D8DB069B73647B
:108CB000484600F0C1DB306428B1C6F84490514604
:108CC0004A46FBF31FF32B6893F844303BB1D5F8C9
:108CD0006001BAF802104AF037DCAAF80200B8F1D5
:108CE0000B0F10D17368012B13D0B3680C2B10D06D
:108CF00000230093214628465A463B463BF0C6D8FF
:108D000020460C2177E0B8F1000F16D0B8F11E0F05
:108D100013D07368204613F1FF3318BF012300936B
:108D200097F934303A46D3F1010338BF0023019359
:108D30000121434639F0AEDBC1E02B684FF000085B
:108D40009B6AA9F10602CBF82C300AF106030793BF
:108D50000892039304924346284621465822CDF8B0
:108D60000080CDF80480CDF8088019F045DD41463B
:108D70000C221FA8FBF34AF3524B41461F93524B60
:108D8000282220930DAB184606932195FBF33EF362
:108D9000BDF828200DF15C094146ADF83820484661
:108DA0002022CDF834B0FBF331F3069B089A1E93D2
:108DB000079B02920193CDF80090D5F894062146C6
:108DC000099A1FAB51F08CDE8046002877D1BDF8A0
:108DD0003890B9F11E0F11D1129B2846F364214639
:108DE0003AF062DBF26CA86831681E3243460CF040
:108DF00015DE204619213CF07BDD60E0D4F8EC3034
:108E00009B0406D5D5F84C015946079A089B5FF09C
:108E10007BDDBAF80420A4F8F62095F87338A5F89D
:108E2000582383B192042869C421920C44F0C6DA15
:108E300005F50660093039460622FBF363F297F820
:108E40003230A5F870387368204613F1FF3318BF2D
:108E50000123009397F934303A46D3F1010338BF28
:108E60000023019300214B4639F014DB204659467C
:108E70003AF026DAD5F868329C4220D0E36DF3B997
:108E8000236DD8071BD5E36E591C18D01C3354F83A
:108E90002320A2B1117A012901D003290FD15089D1
:108EA000D3798DE8030002F11401029100210491AD
:108EB0000591039728462146126954F0C3DD23B07B
:108EC000BDE8F08FD5548400616184002DE9F04F36
:108ED000A5B092460C939DF8B820D0F80C310D92B5
:108EE0000993BAF80220D0F8043101F10A07BAF860
:108EF000049004460B9105680892384619460622EC
:108F0000BAF800B01FFA89F80A93FBF3E7F10028DA
:108F10002ED1284621463A4675F04ADE06460028FC
:108F200026D0099A9368082B01D00A2B20D17268A9
:108F300042F4805272602A6892F8622172B1BBF1E9
:108F4000030F0BD10C9B0D9A00930192D5F860088A
:108F500021460B9A534672F079DF92E0082B02D13A
:108F6000089B022B03E00A2B07D1089A042A04D09D
:108F7000002300932046062180E0B8F1000F06D0C0
:108F8000CDF800B0204601213A46434677E04146FD
:108F90000C2221A8FBF33AF23B4B414621933B4B79
:108FA000282222930FAB184607932395FBF32EF24A
:108FB000089AADF84C900DF16409109241462022B8
:108FC0004846CDF83CB01196FBF320F2079B0C9A73
:108FD00020930AF106030193931F0293CDF80090AA
:108FE000D5F894062146B02221AB51F079DD002856
:108FF00047D1BDF84C30002B3AD1BBF1010F37D12E
:10900000089A022A34D10A2120463CF071DCF36828
:10901000129A06F114011BB11869002808BF002339
:1090200003930D9B01204FF0030C4FF0000E8DE8D1
:10903000015004920593204633460A9AFCF7E2FB5E
:109040002146064628463AF02FDA46B1D5F888047C
:109050000F49B4F82E21334660F0B2D811E0099AD6
:10906000A868116833464FF49B720CF0D7DC08E017
:10907000191CCDF800B0204618BF01213A463DF03A
:1090800025D825B0BDE8F08F6D6184007161840042
:10909000A59084002DE9F041876806467D68B86890
:1090A00051F805800C46FAF3D1F2C8F80400002804
:1090B00030D0635900215868E422FBF3A7F1F86827
:1090C00054F80580FAF3C2F2C8F8080010B36359E7
:1090D00000219868E822FBF399F163592949D3F8F4
:1090E000088033683246C8F80030986800230CF0D6
:1090F0003FDDC8F8680068B163592349D3F8088098
:1091000033682246986800230CF032DDC8F8C000AE
:1091100000282FD163599B68FBB1996E39B1336830
:1091200098680CF00DDD635900229B689A666359BC
:109130009B68D3F8C01041B1336898680CF000DD2B
:10914000635900229B68C3F8C0206359F868996886
:10915000FAF3A2F2635900229A606359596861B127
:10916000B868FAF399F2635900225A606FF01A0056
:10917000BDE8F0810020BDE8F0816FF01A00BDE885
:10918000F08100BF55BE84009DBC84002DE9F04FE6
:109190009FB006468B461446D0F800900493002BEF
:1091A00000F0DE828368049A5B681146D358484613
:1091B0005D689B681CAA05931BAB36F043D860B171
:1091C0005CB9059C202204F148001B99FBF39AF03E
:1091D0002022E2804FF0870C0DE0062C00F2C382C3
:1091E000DFE814F00700C1026F00C1026C01C10288
:1091F000E4014FF0710C049C63464846716804F129
:109200001402CDF80CC07DF03DDBDDF80CC08046CB
:10921000002800F0AC82BBF1030F06D1D5F8D030A6
:10922000B3F5802F08BF4FF0000BD8F80840ACF121
:1092300012039BB21B0204F1120A238200215F2257
:109240005046CDF80CC0FBF3E1F04BF088039BB225
:109250001A0AE27423752B8B05F11C071A0AA375F1
:1092600062754846394620221FF048DD04F11F0090
:1092700039462022FBF346F0DDF80CC0ACF1710C4E
:109280001FFA8CF3BBB11A02A4F86F20023BDD2257
:1092900084F8712084F872308749032204F1730046
:1092A000FBF330F0042384F8763004F177001C9946
:1092B0001022FBF327F00B235F462B604FF0000BCF
:1092C0005AE2BBF1030F07D1D5F8D070B7F5802F64
:1092D00014BF0327002700E05F46D5F8D0008028A0
:1092E00002D0B0F5802F04D147F49E5747F008070D
:1092F00003E0042802D147F4E477BFB2D9F8003084
:1093000093F8624154B1F6F7A9FF40B1D9F860086B
:1093100004F0EEFD18B1B5F8D40000E02046AC88AA
:10932000D5F8D0300419A4B2802BADF8764002D025
:10933000B3F5802F25D117F4805323D0B6F81080D1
:1093400018F0010808D130463FF03EDD30463FF0CE
:109350005FDD013000F00B8233687168D3F87C0662
:109360005BF062DDB6F87C30BDF876202633C3189A
:1093700012F007029BB205D0C2F108029B189BB203
:1093800000E0002371341B19049C4846716804F105
:1093900014029BB27DF076DA8046002800F0E78167
:1093A000846800215F2204F1120A2274617450461D
:1093B000FBF32CF03B0AE37427752B8B05F11C01A2
:1093C0001A0AA375627504F11F002022FAF39AF7B6
:1093D000AA8804F17100A968FAF394F7BDF8763011
:1093E0001A0A42EA0323A4F86F30D9F8003093F840
:1093F0006231B3B1D5F8D000F6F730FF88B1D9F8B3
:10940000600804F075FD60B1AB68002B00F0B3811B
:10941000A888D5F8D81050445F30B5F8D420FAF3B6
:1094200071F7D5F8D030802B02D0B3F5802F33D12F
:10943000F80431D521460DF1760230463FF074DC58
:10944000BDF876301A0A42EA0323A4F86F30049A72
:10945000936899050FD533682246D3F87C06716866
:109460000DF176035BF02CDDBDF876301A0A42EA86
:109470000323A4F86F30A37B30460093294652465D
:109480005B463FF0ABDA013006D1D9F80400414623
:10949000002200F007D866E194F86F2094F870304D
:1094A00043EA0223228AD3189BB21A0A42EA032310
:1094B00023820C2316E100BF3738010096F87A703A
:1094C0004BF4607B3F0107F030074BEA0707B6F823
:1094D0007CC0BFB20023BA0754BF0CF1710C0CF171
:1094E000790C049C1FFA8CFCADF876304846634634
:1094F000716804F11402CDF80CC07DF0C3D9DDF819
:109500000CC08046002800F0328184685F234FF051
:10951000000B04F1120AACF112022374594684F8CC
:1095200011B05046FAF372F73B0AE3742775B6F8A8
:109530007C3006F1BE011A0AA375627504F11F00A2
:109540002022FAF3DFF6102206F18E0104F13F002B
:10955000FAF3D8F6082206F1FE0104F14F00FAF3FF
:10956000D1F6B6F87C2006F15A0104F17100ADF88D
:109570007620FAF3C7F6BDF8763030461A0A42EA8A
:109580000323A4F86F30A37B29460093524607F0CB
:1095900003033FF023DA013040F096804146D9F8CA
:1095A00004005A46FFF37EF7D846E0E0D5F8D03005
:1095B000802B03D0B3F5802F40F0D5803368AC8882
:1095C000D3F87C067168ADF876405BF02DDCB6F818
:1095D0007C30BDF8762026337134C31812F00702B0
:1095E000A4B29BB203D0C2F108029B189BB2E3184D
:1095F000049C4846716804F114029BB27DF042D984
:109600008046002800F0B38084684FF0000C5F2291
:109610004BF49C5704F1120A84F811C06146BFB2A2
:1096200022745046CDF80CC0FAF3F0F63B0AE3740E
:1096300027752B8B05F11C011A0AA375627504F1BD
:109640001F002022FAF35EF60DF1780BA968AA88B4
:1096500004F17100FAF356F63BF8023D21461A0A6E
:1096600042EA0323A4F86F305A4630463FF05CDBF1
:10967000BDF876301A0A42EA0323A4F86F30336843
:109680007168D3F87C0622465B465BF019DCBDF8B6
:10969000763030461A0A42EA0323A4F86F30A37BDF
:1096A0002946009352463B463FF098D90130DDF8F9
:1096B0000CC009D141466246D9F80400FFF3F2F626
:1096C000DDF80CC0E04652E094F86F2094F870305A
:1096D00043EA0223228AD3189BB21A0A42EA0323DE
:1096E00023820D232B604FF0010B45E0B3F5802F53
:1096F00014BFFE23022300E00223504605F15C0163
:10970000082200F8053BFAF3FDF517F0030104D138
:10971000D5F8D000FDF38EF10146BBF1000F0CD05F
:10972000204605F18C0207ABFDF394F1F0B10AF18C
:109730004D0007A91022FAF3E5F573684146DA688F
:10974000484624F093DF059CD9F80800D4F8C010EF
:109750004FF47A7200230CF061D94FF0010806E053
:10976000DDF8108003E04FF0000800E0804640463E
:109770001FB0BDE8F08F9B460323E373D5F8D030CC
:10978000802BB3D1B8E700BF2DE9F04F054689B073
:109790000E46D0F800A01F46002B00F0878183689A
:1097A0005B68FB585C68D3F80880D4F8D000F6F703
:1097B00065FD002800F07C81B8F1000F00F07A818F
:1097C000BB68580507D4BB6B03F00203002B14BF22
:1097D0000123022300E00323D4F8D000079380285C
:1097E00005D0B0F5802F02D0042840F06581337D8C
:1097F00096F8139043EA092919F00303069302D15E
:10980000FDF318F1069004F15C0B0120082306F12A
:1098100017015A46FCF3F0F5834500F04F812368A9
:109820000C2B00F0B7800D2B00F018810B2B40F0B3
:10983000458109F4DC73B3F5847F40F03F8104F186
:109840003C032022184606F11F010493FAF35AF54F
:10985000BA68049B12F4806F09D12A68126892F8E2
:109860006221C2B1D4F8D020B2F5802F13D108F113
:1098700048020092B8F806206968019204F18C024F
:109880000292A28A07F114000392E23104F11C0251
:10989000FCF346F522E0696807F1140C6046E231FA
:1098A00006220493CDF814C0FAF318F5049BDDF8F2
:1098B00014C0002800F0028108F148020092B8F8B4
:1098C00006206968019204F18C020292A28A604625
:1098D0000392E23104F11C02FCF322F719F4807FB9
:1098E00010D0338A1A0A42EA03239BB25C2B40F25F
:1098F000BF803046069904F18C02FCF377F700280C
:1099000000F0DC80338A1A0A42EA03239BB25E2B02
:1099100040F2AE8096F86F1096F8702042EA01226D
:1099200002F15F018B42C0F0A380C2B1E188B4F8BC
:10993000DC30CB189A4212D106F17100E16806F1D1
:109940001209FAF3CBF488B1E388D4F8E010994413
:1099500009F15F00B4F8DC20FAF3C0F430B16868B4
:1099600007F1140111227DF025D9A7E0002384F826
:10997000CD302B68D8F8C01098680CF075D85846D0
:109980000821FDF35DF02846079902223B46FFF7C8
:10999000FDFB93E009F4D873B3F5807F40F08E802F
:1099A00019F4807F08D03046069904F18C02FCF34C
:1099B0001DF7002800F08280002384F8CD302B684A
:1099C000D8F8C01098680CF04FD8228A07F1140616
:1099D000238B50468DE84400696804F1AC027DF0A9
:1099E00089D8D4F8D030802B02D0B3F5802F02D1A3
:1099F0001023236018E0042B16D10D2323602B8A3B
:109A0000D90707D428463FF0DFD928463FF000DACF
:109A1000013053D058460821FDF312F0284607992B
:109A200004223B46FFF7B2FBD4F8D030802B04D0A1
:109A3000B3F5802F01D0042B08D16B685046DB684A
:109A40007921009332460623FAF7D4FAD4F8D030BD
:109A5000802B27D0B3F5802F30D123E019F4807FFD
:109A600015D0338A1A0A42EA03239BB25C2B07D82B
:109A7000DAF80030D3F888305A6E01325A661DE0A9
:109A80003046069904F18C02FCF3B0F6B0B1002325
:109A900084F8CD302B68D8F8C01098680BF0E4DF5C
:109AA0001023236028463EF0F3DF07E0184606E067
:109AB000E92004E0404602E0002000E0012009B077
:109AC000BDE8F08F2DE9FF470D9C064617469A46E4
:109AD0008946002952D0002C52D0836800685B6808
:109AE000E3585D68D3F80880294606F01DFF092376
:109AF0002B60484639463022FBF382F0736848B148
:109B0000626BDB6DB2F5802F0CBF03F4802303F092
:109B1000800302E0DB6D03F00403C5F8D0300C9B3A
:109B20003068029321462A464B468DE8800406F0B1
:109B300018FF30B37369012B02D1B8F8060000B3E7
:109B4000002385F8CD303368D8F8C01098680BF042
:109B50008BDF0A232B60A3685B0507D4A16B01F0A0
:109B60000201002914BF0121022100E00321304637
:109B700000222346FFF70AFB012002E0084600E02E
:109B8000204604B0BDE8F0872DE9F04390E860007E
:109B9000D6F808318E465B8E174603F44043724672
:109BA000A3F5404EDEF1000389B004463146284655
:109BB00043EB0E0375F000D8804600287CD047B1F7
:109BC000E368002B78D120464146FFF763FA00286E
:109BD00072D1A3685B6858F803309F68238AD9075D
:109BE00002D420463FF04CD82B68C4F80C8093F880
:109BF0006231ABB198F8D630032B0BD1D8F83430A2
:109C0000B3F5802F0CD12846414607F1480270F089
:109C10001BDC0FE023B9D8F83430B3F5802F09D01E
:109C2000238A9A0708D507F1480004F11A01202277
:109C3000FAF368F32023FB80FB88202B35D12B68B7
:109C40004FF00009D3F8E800CDF81890CDF81C903B
:109C50000590FFF3F1F3074600282DD005AB8DE802
:109C6000080228465021D8F810203B46F9F742FE5A
:109C7000D5F81805314606AA07ABFEF737FC07F101
:109C80000C030093059B20460C3B0193E3680121E4
:109C90000293069A079B40F0D9D92B683846D3F82F
:109CA000E8300593FFF3DAF306E0706906F1190175
:109CB000327E43463FF054DA09B0BDE8F0834FF0FE
:109CC000FF30704770B50446D0F8880000220A21A2
:109CD000D4F8D8300D0A33F81230CEB2CB189BB27C
:109CE000013B46EA032605F0030503F440731D43D8
:109CF0006FEA42636FEA5343A0F84035A0F820654D
:109D0000A0F82C55A0F84035D4F8D83033F81250CC
:109D100001324919062A89B2DAD1204698215A8897
:109D200043F04CDBD4F8D83020469A219A8843F08F
:109D300045DBD4F8D8302046DA881B889C2143EADA
:109D4000022292B243F03ADBD4F8D83020465A8946
:109D50001B899E2143EA022292B243F02FDB204668
:109D6000BDE8704040F0EE9CF8B503688E210446D3
:109D7000D3F8845442F0E0DC236840001B6886B2CC
:109D800093F8643106F1500106F1940789B2BFB22D
:109D900013B1002385F86D31D5F82031012B1CD08B
:109DA00002D3022B30D122E095F8E820012010FAEE
:109DB00002F295F8583192B2FF2B03D010FA03F358
:109DC0001A4392B2204643F0F9DA95F8E8300122BE
:109DD0009A402046394692B214E02046B5F82A212E
:109DE00043F0ECDA20463946B5F82C210AE095F824
:109DF000E83001229A40204692B243F0DFDA204652
:109E00003946002243F0DADA95F81C2142B94C3683
:109E10004FF6FE7120463140BDE8F84043F0CE9A3F
:109E2000F8BD0000D0F8941010B50831044641F098
:109E3000F3D803492046BDE8104041F0D59800BF53
:109E40006C4F010038B5437C04468B420D4606D06A
:109E500039B142F005DB38B94FF0FF3038BD002092
:109E600038BD4FF0FF3038BD002084F876006574AF
:109E700038BD00002DE9F0438BB0129F98460023B7
:109E8000032F04460D46139EDDF850900893099366
:109E90000CD9042208A84146FAF334F2072F05D959
:109EA00009A808F104010422FAF32CF25A2D0899AA
:109EB00000F0B38032D8212D00F0D08016D80E2DBE
:109EC00000F0A78008D8052D5BD00C2D00F09D80F8
:109ED000042D40F09B817CE0142DC0F09781172D5C
:109EE00040F2A081202D40F09181C5E03F2D00F08F
:109EF000F88009D8272D00F0CE803E2D00F0EC80B0
:109F0000262D40F08381D4E0522D00F02A81542D7B
:109F100000F02A81442D40F07981E7E06A2D00F0BD
:109F2000618116D8642D00F0408109D85D2D00F0C4
:109F30008680632D00F01B815C2D40F067817BE003
:109F4000682D00F0398100F23A81662D40F05E8183
:109F50002FE1792D00F0528109D8712D00F0468152
:109F6000782D00F04E81702D40F050815AE17C2D0B
:109F7000C0F04C817D2D40F255818C2D40F0468102
:109F800063E0E06F98E8A000C66916F004060ED002
:109F9000002335FA03F2D607D9B203D401330F2BCD
:109FA000F7D119462A463B4604F0DADC2CE1294673
:109FB0003246022304F0CADE29462A460223E06F15
:109FC00004F000DFE06F29463A46022304F0E0DEA9
:109FD0002DE1B9F10B0F40F31C8100210A46022349
:109FE000E06F04F0B3DE00210A4607460223E06F6B
:109FF00004F0CEDE002105460A46E06F022304F09D
:10A00000E1DE37607560B060FEE0E06F04F0B8DE5E
:10A010003FE0D4F88000884902E0D4F88000874906
:10A02000FBF390F020B100210A46FAF327F630E066
:10A030004FF0FF333360E9E094F81C31E3E0003186
:10A0400018BF012184F81C11DEE0099A4A4500F38B
:10A05000E0802046334640F069D845E0072F40F2C3
:10A06000D8800029C0F2D88002230093E06F01223B
:10A07000099B04F01DDFC7E0032F40F2CA800029CE
:10A08000C0F2CA80022300930022E06F134604F05E
:10A090000FDF3060B8E00B2F40F2BB800029C0F228
:10A0A000BB80099B002BACBF6FF016066FF001065A
:10A0B000BDE0072F40F2AD800029C0F2AD80099AC3
:10A0C000002AC0F2A98000250095E06F2B4604F01D
:10A0D000FBDE30602E46AAE0E06F314604F034DE4D
:10A0E00002E0E06F05F006D80646A0E02368986815
:10A0F0000BF046DD0746E06F04F09ADE10B3E06F28
:10A1000004F0B2DE054618B9E06F012105F004D86D
:10A110003368E06F0093736808360193002302965A
:10A1200003934168D4F88820A368FAF3A1F00028CB
:10A1300014BF4FF0FF3600266DB9E06F294604F0DA
:10A14000EBDF08E0E06F04F067DE002814BF6FF07B
:10A150001D066FF016062368394698680BF018DD67
:10A1600065E0D4F860314EE0D4F864314BE031461C
:10A17000102204A8FAF3C6F0059D0C352846FFF31B
:10A180005BF1044600284AD031462A46FAF3BAF079
:10A19000238820461B0B012B04D0FFF35FF14FF007
:10A1A000FF3644E0FFF35AF13CE0236893F8183699
:10A1B00029E04FF4B06326E0B4F81E3123E089B201
:10A1C00001292FD80323A4F81E112046009319B1AA
:10A1D00020220221134602E002212022002342F025
:10A1E00083D811E0204640F08BD952E74B1C022B5C
:10A1F0001BD8204649B242F0DDDB75E7C4F83811C0
:10A2000002E0D4F838313360002610E06FF01D060C
:10A210000DE06FF00D060AE06FF0010607E06FF049
:10A220001A0604E06FF0160601E06FF01C063046D7
:10A230000BB0BDE8F08300BFFA6C8900026D8900A5
:10A24000F0B587B004460668D0F8885000210C228B
:10A2500002A8FAF3DBF0002320464FF0FF31704AEA
:10A26000059342F031D823681B6893F8693113B124
:10A27000204640F08BD8204643F014D84FF40037E6
:10A28000204640F039DC009704233069242105AAD8
:10A2900041F0AADA00210A46E06F04F081D9614951
:10A2A000204640F0A1DE2046FFF70CFD02A9204623
:10A2B00040F05EDB20468021082243F07FD80A224E
:10A2C00020465C2143F07AD82046D4F8201140F093
:10A2D000EDD9554A2046554941F0F6DF4FF000438D
:10A2E000C5F888314FF00073C5F88C314FF48043C6
:10A2F000C5F828314FF480336B620121204641F0CC
:10A30000D9DFE06F04F0F0D8A4F81201A5F8A80690
:10A3100016212046B4F8482043F050D82046C021EA
:10A32000B4F86C2043F04AD82046C221B4F86E201D
:10A3300043F044D82046182104F1A40202230097D8
:10A3400041F09EDA022320461C2104F1A602009768
:10A3500041F096DA96F858361BB1002386F8583645
:10A3600006E000973069242105AA042341F088DA29
:10A3700020464421B4F8A82043F020D820464621A6
:10A38000B4F8AA2043F01AD8B5F888361B051B0D7F
:10A39000A5F888360123A5F89C360025B563631916
:10A3A000586910B1224B5B6898470435182DF6D1D7
:10A3B0001F4D6069AB6D98476B6F60699847204689
:10A3C000002142F0BDDC23681B6893F8693113B1AA
:10A3D000204640F00DD8A36F2046598B4FF4807271
:10A3E000CC3142F0EBDF637C032200921022002B81
:10A3F00014BF134600232046042141F075DF204698
:10A40000AE2142F099D94FF4D8634000C4F824013A
:10A41000C4F82831304640F091DC07B0F0BD00BFF1
:10A4200004040004943E01000000024000000640C5
:10A4300010A7880070B5036804461B6893F869315B
:10A44000002B00F08180836F598B363142F074D934
:10A45000236D0646D80777D5636D190674D4E36F6C
:10A460009A69920002D5DA69D00704D5DB69D90769
:10A4700001D45A0768D5E36E9B0065D5D4F88830BF
:10A480004FF49675B3F8B42692B242F00302A3F8E3
:10A49000B426D4F88820B2F8B83623F0C0031B04E1
:10A4A0001B0CA2F8B836236DD80719D5636D1906B1
:10A4B00016D4E36FDB695A0712D5E36E9B000FD504
:10A4C000D4F888300121A3F8F016D4F88830B3F816
:10A4D000F22692B2130A03F00F0302F03F0213E0D8
:10A4E000D4F888300022A3F8F026D4F8883001216F
:10A4F000B3F8F226A3F8F016D4F88830C2F30512A8
:10A50000B3F8F236C3F30313042A02D10BB1042EBD
:10A5100002D04FF4FB750AE06420FEF37BF4013DAA
:10A52000C1D1F6E7013D08D00A20FEF373F4D4F858
:10A530008830B3F8B626D007F4D4B3F8B82692B270
:10A5400042F0C002A3F8B82670BD38B58B79054635
:10A550000C463BB190F88E22002A21D190F88F2230
:10A56000002A20D10122627193B12B6893F86231E5
:10A5700073B1E36D58030BD5D5F8600803F0B8FC50
:10A5800030B1637923B1D5F86008214603F076FB3A
:10A59000A07950B128462146BDE8384044F0A29F3A
:10A5A0004FF0FF3038BD4FF0FF3038BD43690BB975
:10A5B0000223436183690BB914238361C36913B90F
:10A5C0004FF41673C361836813B94FF47A738360D1
:10A5D00003690BB9034B0361C3680BB9024BC3603A
:10A5E000704700BF00350C00804F12002DE9FF4777
:10A5F00003680446D3F80090D9F810309B6FB3F885
:10A600001AA099F81930002B5AD040F2A4760025F0
:10A610003146D9F8100042F08FD8B11C0746D9F85E
:10A62000100042F089D86B08023504AAEDB202EBA3
:10A63000830347EA00400436062D43F80C0CE7D1AB
:10A640000AF1A40A5146D9F81000019F039E029D09
:10A6500042F072D851468046D9F8100042F06CD8CA
:10A660004BF6FF7202405146D9F8100042F0A6DEC8
:10A67000236A9F4202D2DB43D81900E0F81A636ACA
:10A680009E4202D2DB43991900E0F11AA36A9D426F
:10A6900002D2DB435A1900E0EA1AA3682762984203
:10A6A0006662A56203D3032384F838300AE0236985
:10A6B000994207D2E3689A4204D2C8F3803002E09C
:10A6C000F52000E0012004B0BDE8F087F7B5099D52
:10A6D0000023032D06461746089C009301930BD9CF
:10A6E000042268462146F9F30DF6072D04D901A886
:10A6F000211D0422F9F306F61C2F07D1D6F880306D
:10A70000002093F838200A9B1A6001E06FF01600D1
:10A71000FEBD2DE9F041044616461F460D460029B0
:10A7200000F09D8030F0C4D8D4F8A031804693F872
:10A73000661093F86C20002940F08880002A40F0D1
:10A740008580998842F20E72013989B291422DD8E2
:10A75000206940F2EA3140F0D3DD90B120694FF436
:10A760007B7140F0CDDDD4F8A0319A8841F64B538F
:10A770009A4204D9206940F2ED3140F0C1DDC5B202
:10A7800000E00546206940F2EB3140F0B9DD0123DD
:10A7900030B13B70D4F8A031002283F86E2033E052
:10A7A0003870D4F8A02182F86E302DE05A8D9107D0
:10A7B00006D5206940F2EE3140F0A2DDC5B223E0BB
:10A7C00012F0010214D0B3F87B10002973D0B3F853
:10A7D0007920002A6FD00A20414391FBF2F2062A29
:10A7E00069DDB3F87130012B67D0022B0DD166E023
:10A7F00032703A70D4F8A021012382F86C30D4F87A
:10A80000A02182F86E3000E03DB900233370D4F807
:10A81000A031012283F86C201BE0D4F8A03193F81A
:10A820006D20022A07D9012283F86620D4F8A031CE
:10A8300083F8675002E0002333703B70D4F8A031F6
:10A8400093F86D20013283F86D2002E00AB10023F5
:10A850003370D4F8A031C3F86880BDE8F081D0F837
:10A86000A03193F866202AB9DB6E13F0FF1F13D1D5
:10A87000BDE8F081022213462FF03EDC0123204682
:10A88000294602222FF038DCD4F8A03183F8665034
:10A89000D4F8A03183F86750D4F8A021002382F8BF
:10A8A0006C30D4F8A02182F86E30D4F8A02182F860
:10A8B0006D30BDE8F0810625AFE70225ADE708253C
:10A8C000ABE770B5036886B00C460546002103A8C7
:10A8D0000A221E68F9F39AF5BDF80C3043F0100314
:10A8E000ADF80C3094F8AC30A3B1D4F88830D3F87C
:10A8F0002031D8070ED5204642F0B8D90222009266
:10A900002046BDF80C300021102241F0EDDC20463D
:10A9100041F064D9012185F83910336A186901F0D2
:10A92000C4FA06B070BDF0B5036887B00C460746A0
:10A93000002103A80A221D68F9F368F5BDF80C3060
:10A9400023F01003ADF80C302B699B6F5E8B94F8ED
:10A95000AC30002B3CD0D4F88830D3F82031DB0762
:10A9600036D5204642F082D90222BDF80C30009242
:10A9700020460021102241F0B7DC236DD80724D5F2
:10A98000636D190621D4E36F9A69920002D5DA69E2
:10A99000D00704D5DB69D90701D45A0715D5E36E72
:10A9A0009B0012D5D4F88830B3F8B82692B242F0A2
:10A9B0004002A3F8B826D4F88820B2F8B83623F0BD
:10A9C00080031B041B0CA2F8B836204641F006D9C0
:10A9D000002487F8394006F136012869224642F002
:10A9E000EDDC06F108012869224642F0E7DC06F1B9
:10A9F000F80122462869A43642F0E0DC3146286995
:10AA000041F09ADE4BF6FF7202403146286942F06F
:10AA1000D5DC2B6A97F83910186901F046FA6B7E7D
:10AA200043B1286940F2A47122460C2342F0DAD8DF
:10AA3000204601E06FF00A0007B0F0BD7FB551F885
:10AA4000383B00221868D0F86832009201920292D6
:10AA500001220391049219469822DC3317F0CCDED0
:10AA600007B000BD38B50446FFF7A0FD94F83830B4
:10AA7000032B04D02046FFF7B9FD054600E0002572
:10AA800094F83830013B032B73D8DFE803F002134E
:10AA9000304C01202146FFF7D1FF012D08D1E36A98
:10AAA000626901339342E36263D3022384F838304E
:10AAB000002351E002202146FFF7C0FF012D4FF097
:10AAC00000030BD1226BA16901328A422263E36247
:10AAD0004FD3032284F83820236338BDE26A6169CA
:10AAE00001328A42E262236343D3012232E003202F
:10AAF0002146FFF7A3FF94F83930012B07D12046F8
:10AB00006168FFF710FF002323626362A362636B37
:10AB1000E2690133934263632BD30023636304230D
:10AB200084F8383038BD04202146FFF787FF94F8B9
:10AB300039301BB920466168FFF7C3FE012D4FF085
:10AB400000030BD1E26A616901328A422363E26247
:10AB50000FD3032284F83820E36238BD226BA16949
:10AB600001328A42E362226303D3012284F838204F
:10AB7000236338BDF7B50368044693F83C20002AE8
:10AB800040F0AC8093F86931002B00F0A78044F0CE
:10AB90006BDF022840F3A280204644F003DF002848
:10ABA00000F09C80206940F059DA23680646DA6E8E
:10ABB000D4F86872002A40F091801B7E002B00F0D0
:10ABC0008D8094F8D4312BB120461FF067DA00282D
:10ABD00040F08480D4F8A0315A6B5278D1070CD45D
:10ABE000DD795DB1D4F86832D3F814311B695B426A
:10ABF000AB42CCBF0825002500E0002506F0040389
:10AC0000002B18BF0825BB7916F0100618BF4FF4AB
:10AC1000007623BBD7F8083193F93430FBB13B7A87
:10AC2000EBB13B7C23B107F1DC00FAF35BF2B0B986
:10AC300094F88D32012B12D194F88E3223B1D4F8CE
:10AC4000180535F019D850B9FB6DA3B13A6D40F233
:10AC5000371313407BB197F86030D3B10BE094F811
:10AC60008D325BB1D4F88C221D4B1340B3F5807F3D
:10AC700010D13B7C73B13543ADB20BE094F88E320A
:10AC80003BB1D4F8180534F0F7DF002808BF0025E1
:10AC900000E01D46022120464FF402722B4600912F
:10ACA0001FF060DC354219D00023D4F86422D1585B
:10ACB00089B18A797AB90A7A6AB10A7C5AB1D4F828
:10ACC000440158F0E9DE0146D4F8440103B0BDE880
:10ACD000F04059F0A9990433202BE6D103B0F0BD20
:10ACE00000FFFF002DE9F84305680446D5F8A031C0
:10ACF000D0F83480D3F810902B699B6F5E8BFDF3F6
:10AD000015F7A36CA064C31AB3F5617F01D2BDE847
:10AD1000F883204645F0BAD984F83000204644F044
:10AD200033DF84F83100204645F088D894F8453068
:10AD300084F85A005BB194F8403084F8303094F8CD
:10AD4000413084F8313094F8423084F85A3098F821
:10AD500001305B0721D5E76B284694F9311094F94F
:10AD6000302094F95A30B8475FFA89F948450746C8
:10AD700013D02846394645F0A7D82869026D12F449
:10AD800080020AD14EB1012F06F1A40101D1602346
:10AD900001E06022134642F013DA28460122D5F87A
:10ADA0006812FFF7E7FE98F80130980715D5A66BF3
:10ADB00094F95A30284694F9311094F93020B0476C
:10ADC00094F832300646834207D02846044932467A
:10ADD0001FF0F8D808B984F83260BDE8F88300BFE6
:10ADE0006FB0890073B504680546204644F0DADD8B
:10ADF000D4F8A031064693F85E20013283F85E2035
:10AE0000236893F86931002B4AD0002848D0236A80
:10AE10001B68022B44D1012803D12046294645F066
:10AE2000B5DB6B6B5B78DB0703D52846FFF75AFF72
:10AE300036E0204645F05CD8D4F8A031DA7A72B119
:10AE4000D4F86812D1F8141109694942914206DD1B
:10AE5000721E012A1ED95E73204601210EE09A7AE5
:10AE60007AB1D4F86812D1F81411096949429142B3
:10AE700007DA042E0ED05E732046042145F024D854
:10AE800008E0597B31B1204645F01ED8D4F8A031F6
:10AE900000225A732046D4F868120122FFF76AFE96
:10AEA000236893F86921002A51D0226A1268022A85
:10AEB0004DD101228DF806208DF807204EB3042EC7
:10AEC00027D093F8412022B393F842200AB3D4F854
:10AED00064210AB19279E2B993F83E30CBB1D4F84B
:10AEE000A03142F20E729988013989B2914203D998
:10AEF000598D11F0030105D0013E012E09D82046DD
:10AF0000012100E020460DF107020DF10603FFF7D5
:10AF100000FC9DF807109DF80630A1F10102514296
:10AF2000A3F1010041EB0201434243EB0003022283
:10AF30008DF80630204613468DF807102FF0DCD828
:10AF400020469DF80610022201232FF0D5D8236851
:10AF500093F8693123B1236A2846196845F00CDF5C
:10AF6000D5F88000FFF77EFD00207CBD2DE9F0477D
:10AF700005689A462B68044693F844008EB00F4645
:10AF80001646002838D00DF10C094FF000080021BA
:10AF900024224846F9F33AF2414608220CA8CDF89B
:10AFA0001080CDF80C80F9F331F242464346D5F8D3
:10AFB000C0063946CDF8349051F0FADCD4F844415B
:10AFC00080460FE08DE8400101330493D5F8C006B8
:10AFD00039464FF6FF720CAB059451F0C9DC50B9FD
:10AFE00024684644049B002CECD1039A01209B1852
:10AFF000CAF8003000E000200EB0BDE8F08702681B
:10B000000146D2F86C31D2F8D80603F5C67203F5C2
:10B01000CE7305F077B8000000487047C4580100AF
:10B02000024B542202FB0030704700BFBC65010098
:10B03000004870476466010038B58B781C1DA24239
:10B0400030D30A78012A30D1142B34BF1A46142287
:10B050004B78022B04D0032B1ED0012B28D101E00A
:10B06000002315E0002307E0CC18257990F8234051
:10B0700001332C4380F8234001309342F4DB0FE08E
:10B08000CC18257990F8234001332C4080F82340D8
:10B0900001309342F4DB03E024300431F9F332F160
:10B0A000002038BD6FF00D0038BD6FF0240038BDB2
:10B0B000002038BD38B5044610468A78151DAB42CD
:10B0C0000FD30B78012B0FD1142A28BF142214237D
:10B0D0008270C37004F124010430F9F313F10020ED
:10B0E00038BD6FF00D0038BD6FF0240038BD9829D1
:10B0F00070B504460D46164611D8243012B1FAF345
:10B100005DF501E0F9F3D6F72C2D0BD10121321CAE
:10B11000A06818BF01221DF071D9002070BD4FF04A
:10B12000FF3070BD002070BD70B505460C464EF076
:10B1300067D8064680B190F861309BB9836923B91E
:10B14000E420FEF37FF1B06130B1F36953B9E82038
:10B15000FEF378F1F06128B928462146BDE8704039
:10B160004DF04E9E70BD00002DE9F04F9A469BB009
:10B170000D46D1F80C31D1F80461002800F031817E
:10B1800089794468002940F02C81297C002900F04D
:10B1900028819AF8011002291FD19B68182B1CD115
:10B1A00002F10A00D5F808110622F9F397F0A0B9C8
:10B1B0000AF1080031460622F9F390F068B92046FA
:10B1C0002946D5F8082173F0F3DC30B12046294632
:10B1D000324673F0EDDC074620B900230093284681
:10B1E000062138E0BAF80E308BBB00210C2217A8DC
:10B1F000F9F30CF17C4B0DF1140917937B4B0021F3
:10B2000028220DF13C08484618931994F9F3FEF0F2
:10B210000023002120224046ADF82430F9F3F6F057
:10B220000AF110030193249BCDF80080103B029398
:10B23000D4F8BC062946D02217ABCDF8589051F06F
:10B24000D3DB002840F0CD80BDF824302BB10222A2
:10B250000092284601213246C1E0D5F8103193F81A
:10B26000F430F3B9D5F818311B7AD3B994F8903289
:10B270002846590744BF23F0040384F89032012183
:10B2800024F0B0DCD5F81031012283F8F4204FF41B
:10B29000FA70FDF3BFF594F8903243F0040384F89C
:10B2A0009032B6F83280236AD3F804B008F44043F1
:10B2B000A3F54042D2F1000A4AEB020A003318BF5C
:10B2C00001230A3354F8239008F46053B3F5005F68
:10B2D00003D14046FAF3A2F5804608F46053B3F573
:10B2E000C05F27D1236893F84F309B0714D0D4F860
:10B2F0005801D9F8041049F00FDB00070CD499F875
:10B30000E530990708D5D9F80030022B12D1D5F8CD
:10B3100068339B789A070DD54046FAF3FFF440F462
:10B3200080539BB20E288CBF4FF440484FF000086A
:10B3300048EA0308236A18695EF040DA40451CD0E9
:10B340004146D4F8580149F0E7DC204625F0A4DD59
:10B350002046414624F0D2D8236893F83B304BB1C5
:10B36000D5F83C335968D4F8C035994202D020460C
:10B3700020F03CDA20461DF03DD8204606F1380189
:10B3800020F016DDD34524D0236A204639465A687A
:10B390002B4673F03DDA2368206A93F84F30503023
:10B3A00013F0030307F13C0108D03B69D3F8EC30FC
:10B3B00003F48053D3F1010338BF00237F228DE8CB
:10B3C0000C00002213466CF0EBDA2046394673F08D
:10B3D00053DF022300210093284632460B463AF001
:10B3E00075DE1BB0BDE8F08FA9B885000DBA8500E9
:10B3F0000B89F0B5C48F03F0F0060419360934F850
:10B400001650428FB0F83CE0013634F81670CC6824
:10B410008218864487B052190EEBC50E2CB14E69C6
:10B42000C4EB060C8E69664400E026467D1BADB277
:10B43000CDF800E00195C06802900868049403907C
:10B4400005964868194600234FF084DF07B0F0BD29
:10B45000F0B50C460989C58E01F0F006878E4519B6
:10B46000360935F81630C7194FF00C0E0EFB03776E
:10B4700087B0428E0136009735F816508218ED1AC3
:10B48000ADB201958068D218029020680023039025
:10B49000A0690490E069059060684FF041DE07B054
:10B4A000F0BDF0B50C460989C58E01F0F006878E17
:10B4B0004519360935F81630C7194FF00C0E0EFB3A
:10B4C000037785B0428E0136009735F81650821802
:10B4D000ED1AADB201958068D21802902068002361
:10B4E000039060684FF0F6DE05B0F0BD2DE9F34142
:10B4F000B0F81280878AC68A84798044C719861971
:10B50000F4B9254605F00F0336F81310013336F869
:10B5100013208A420ED00C4B521A181980884FF013
:10B520000C0E009092B208EB0100E3580EFB017183
:10B530004FF0CEDF013508340D2DE3D1002001E0BE
:10B540006FF01600BDE8FC81685901000378FF2BFD
:10B5500001D018467047437813B18078FF307047A8
:10B560004FF6FF70704791E80C0009895268B029C6
:10B5700002D11268032A08D090F8420630B1D3F8FD
:10B580006433587810B102307047002070470620AD
:10B590007047036873B50446D0F82454D4F81C14DB
:10B5A00098680AF061DA26E0EE690BBBD4F824341F
:10B5B00005F10E029D4208BFC4F8246420682146AC
:10B5C00073F0F6DA024640B1012102238DE80A0049
:10B5D00020682146002372F053DF2368294658680B
:10B5E00051F088DC94F82034013B84F8203401E0E9
:10B5F000013BAB6135461DB1AB695A1CD4D116E095
:10B600002368D4F824249868D4F81C143AB90AF0B2
:10B6100097DAC4F81C5484F8205402B070BD42F28A
:10B6200010722B4602B0BDE870400AF0F799FEE7B1
:10B630007FB5D0F824040E4615461C4698B104ABDD
:10B6400043F8040D00200093014632462B4651F08A
:10B650009FDC40B94EF660235C4342F21073B4FBAA
:10B66000F3F4039B9C6104B070BD00002DE9F04130
:10B670000546D0F80080D0F81441FDF357F2D8F811
:10B680002030064618695EF099D8D5F808315B8EEF
:10B69000834259D113F4404F09D1D8F8003093F8C0
:10B6A000693123B1404640F00FD800284CD0A36C3C
:10B6B000002B53D0E16C721A9A424FDB94F8503051
:10B6C0001BB122695BB2934248DB94F84430FBB172
:10B6D0002769EFB1FF1AD8F8C4366FF0C702974256
:10B6E000B8BF174613B19F42B8BF1F46B4F90E301A
:10B6F000002B03DA1A483246F8F3AEF6002213465E
:10B700002846394654F026D8D5F80831228A5A8579
:10B7100094F8453013B3676907B3FF1AB4F93A30A8
:10B7200027EAE777002B04DA0E48E16C3246F8F39B
:10B7300093F628463946002254F05AD8D5F80831F5
:10B74000A48A9C85BDE8F081D5F80831DA8DE36CD8
:10B75000D318E3649B1B002BC8BFE664BDE8F081EF
:10B76000AEC58900DFC5890010B5002012F0400485
:10B77000187002D012F0800F15D011F4007005D0AF
:10B7800012F0800F02D00120187010BD490501D5BC
:10B79000130605D530B9D4F1010038BF002010BD23
:10B7A000002010BD012010BD2DE9F04F836B0D4628
:10B7B000596C044640F2395087B0924600228142CB
:10B7C0008DF8172003D040F28B50814208D1B4F895
:10B7D000522002F44042A2F540414A4242EB0102AB
:10B7E0001869039268F072D828B3D4F8E4235AB1E8
:10B7F000D4F8F803012169F07FDE28B9A36BD4F8EF
:10B80000E413986869F0A8DC94F8943083B9D4F80C
:10B81000F803B4F85210012269F038DEC4F8E403EA
:10B8200030B1BAF1000F03D120465EF04FDD46E1A2
:10B830000023C4F8E433B4F85210A36B01F4605150
:10B84000B1F5005F986805D0A1F5C052514241EBB7
:10B85000020100E0022169F071DC0646002800F0D8
:10B860002E8135B120462946B4F8522033465EF089
:10B8700007DDB4F852904846FAF350F209F46057E5
:10B88000A36BB7F5005F986805D0A7F5C053594280
:10B8900041EB030100E0022169F050DCA36B054697
:10B8A00010B99868314617E0B7F5005F986806D080
:10B8B000A7F5C058D8F1000141EB080100E00221D2
:10B8C00069F03CDC804650B9A36B3146986869F05A
:10B8D00043DCA36B2946986869F03EDCEFE0D4F8BE
:10B8E000E403B8B169F044DCB7F5005F06D0A7F512
:10B8F000C05CDCF1000343EB0C0300E00223984240
:10B9000008D0A36BD4F8E413986869F025DC002311
:10B91000C4F8E433D4F8E433FBB9A36BB7F5005FA4
:10B92000986806D0A7F5C05EDEF1000141EB0E017C
:10B9300000E0022169F002DCC4F8E40368B9A36BFB
:10B940003146986869F008DCA36B2946986869F06D
:10B9500003DCA36B41469868BEE7D4F8E40369F0C2
:10B960002DDB20465EF04CD8284694F97B1069F018
:10B9700017DD00230DF11702009320464346494688
:10B980005FF09CDC4046314669F054DB404694F958
:10B99000651369F0ADDC4146284669F04BDB94F84D
:10B9A0005810632902D8284669F0B6DC284669F0A9
:10B9B000DDDB284669F014DC94F8673307469B000A
:10B9C00098426FF07F012846B8BFDFB269F01EDCF5
:10B9D000FFB25FFA80F9A36B84F87E7084F87F90E1
:10B9E0008346186967F072DFB8B1D4F8F803B4F889
:10B9F000521069F02DDE01280FD1B4F85210002248
:10BA00004B46D4F8F80369F0D5DDD4F8F803B4F860
:10BA1000521000223B4669F0BDDD002384F891B04E
:10BA200084F8963084F88030BAF1000F03D02846AD
:10BA3000514669F019DB94F8823028460BB1039B1C
:10BA400023B194F97E1069F0C7DA03E094F97F100E
:10BA500069F04EDCD4F8E403294669F0D1DAA36B2F
:10BA6000186967F033DF98B1D4F8F803B4F85210CE
:10BA700069F0EEDD012803460AD1D4F8E403A16B96
:10BA800000908868B4F85220D4F8F81369F054DDB7
:10BA9000A36B3146986869F05FDBA36B2946986811
:10BAA00069F05ADBA36B4146986869F055DBBAF13F
:10BAB000000F04D1D4F8543A0BB12046984707B090
:10BAC000BDE8F08F10B590F86330002B3CD0DB0759
:10BAD000C9B22CD5836E8B4223D190F8253A3BB165
:10BAE0000023846BE4180133082B84F82021F8D15B
:10BAF000836BD3F828411B1983F82021836BD3F87B
:10BB00002841072C01D0013400E00024C3F828416B
:10BB100090F8253A2BB190F8263A13B1002380F81B
:10BB2000253A90F8633023F0010380F8633090F8F1
:10BB3000633013F0020F07D023F0020380F8633064
:10BB4000836B186967F0BADE002010BDF8B590F875
:10BB500063300446002B3AD1012902D0022939D1A1
:10BB600000E08266A36B80F863101A6A94F8D9002B
:10BB7000626618BB94F86C20002A2DD118698E21BA
:10BB800067F072DE400087B2062502E00A20FDF36E
:10BB900041F1A36B07F174061869314667F064DE62
:10BBA00008B1013DF2D1A36B01221869314667F05B
:10BBB00067DE204601F012F8024600E0A122B4F848
:10BBC0005210204652B2BDE8F840FFF77BBF6FF03D
:10BBD0001800F8BD6FF00200F8BD10B504465DF026
:10BBE000EDDD0221C2B22046BDE81040FFF7AEBF36
:10BBF00030B5026CCB8892F829463CB9846B6469F5
:10BC00000A2C03D94C8A14F4807F14D0846B6569A4
:10BC1000272D03D10C8A14F4006F0CD18C88DBB271
:10BC200014F0030F01D09D2B05D0232D07D14D8A91
:10BC300015F0200F03D001238B7700230AE090F941
:10BC40002C031B18E00444BF92F91E269B18002207
:10BC5000CB778A770B7700234B7730BDC369043BE2
:10BC6000082B06D8DFE803F01805090709050B05BE
:10BC70000D000020704717207047042070470720F0
:10BC8000704790F83E03012808D0032814BF4FF4F2
:10BC900083704FF48B707047012070474FF48B70A6
:10BCA0007047836B13B51A6A044601321A6290F822
:10BCB0006020002A00F0AC80B0F8C8222AB1D0F889
:10BCC000F013A1F83622A1F83A22B4F8CC222AB116
:10BCD000D4F8F013A1F82822A1F82422B4F8CA223B
:10BCE0002AB1D4F8F013A1F82222A1F82622216F5C
:10BCF00040F606220A402AB993F82C3113B12046A7
:10BD00005DF0F8DDA36B1A6A1B6EB2FBF3F103FB67
:10BD10001123A3B920465FF085DC236F40F60202B1
:10BD2000A16B1A400032086918BF0122B4F8521002
:10BD3000C3F3800367F0D2DD20465FF081DC226F21
:10BD400040F60E231340B3B9A36BD4F88C21196AC3
:10BD5000D2F89020D3F818318A1A9A420BD394F86B
:10BD6000522020460121FFF7F1FEA26BD4F88C315E
:10BD7000126AC3F8902094F8633043B1A36B1A6A37
:10BD8000636ED31A052B02D9002384F86330D4F8EC
:10BD9000F4202AB1A36B196A1B6E8A1A9A420CD33B
:10BDA000226F40F6020313403BB920465DF016DED9
:10BDB00018B1A36B1B6AC4F8F430226F40F60F234E
:10BDC00013402BBB20465EF0B5DA20465EF054DA15
:10BDD000D4F88C31D3F8882012B1013AC3F8882006
:10BDE000D4F8B43A0BB120469847A36B186967F0B2
:10BDF00023DD68B1A36B01A918690DF1070267F093
:10BE00001FDD20469DF80710BDF804205DF0D4DD4D
:10BE100000201CBD03460021986B40180131082901
:10BE200080F82021F8D19A6B0021C2F82811D16E38
:10BE3000032907D1D3F8C410C90703D5126A083201
:10BE4000C3F8B8200022991802324FF6A470202AB5
:10BE5000A1F8040AF7D10020012283F8240A83F80C
:10BE6000EC2A7047836B10B59A69044692001BD583
:10BE700090F8ED2A012A17D1B0F8522012F4404F61
:10BE800012D1186967F004DD636CB3F8B42692B27E
:10BE900042F00302A3F8B426636CB3F8B82692B25A
:10BEA00042F0C002A3F8B82610BD80F8ED1A704722
:10BEB00030B5056C044687B028464FF4007141F256
:10BEC0001C1260F047DB002800F09D8007230393DD
:10BED000202305938023029300230190049340F8CC
:10BEE000043B0133802BFAD1204601A965F0E8DE3E
:10BEF0004FF43073204601A9049365F0E1DE206C15
:10BF000041F22F1160F04CDB2046012164F086DC09
:10BF100020463E4936225DF0F7D9D5F8C434204694
:10BF200040F6F4114FF480426BB113465DF0B4D982
:10BF3000B5F85824B5F856342046D31840F20C51C1
:10BF400040F2FF129BB25DF0A7D91E223049204675
:10BF50005DF0DAD9204661F011D8204663F014DA9A
:10BF600099210122002320465DF068D99621022202
:10BF7000002320465DF062D9A22101220023204641
:10BF80005DF05CD9A5214022002320465DF056D902
:10BF9000A6210122002320465DF050D9A1210122D3
:10BFA000002320465DF04AD930220023204602219A
:10BFB0005DF044D96F2120464FF4005200235DF01C
:10BFC0003DD94FF48052134620466F215DF036D99B
:10BFD00004221346204640F2D7415DF05DD940F27D
:10BFE000D7414FF470624FF4807320465DF054D90E
:10BFF000204662F0DBDB204640F275514FF40072C0
:10C0000000235DF049D907B030BD00BFBE5A010022
:10C010002A5B0100F0B5072387B0066C029320234A
:10C020000493012304460D460193304605AB4FF4BB
:10C03000007141F27332009360F08CDA002849D02D
:10C04000D6F8B865074601460023B3422CBF9E468A
:10C05000B64605EBCE0292F803C015F83EE0013378
:10C060004EEA4C5E92F802C052784EEA4C3E4EEADE
:10C070004212802B059241F8042BE6D18DE809008D
:10C080006946C0232046039365F01ADE0023B342BD
:10C090002CBF1A46324605EBC20210795179400294
:10C0A00040EA4140D179013340EA0102802B0592F8
:10C0B00047F8042BEBD14FF41073204669460393E5
:10C0C00065F0FEDD236C41F29F31C3F8BC55206C56
:10C0D00060F066DA07B0F0BDF0B5076C89B00023F8
:10C0E00004460D4638464FF400714FF496520593BE
:10C0F0000693079360F02EDA0646002834D04DB937
:10C10000204605A906AA07AB5EF028DB0395374653
:10C11000002510E097F83336002BF8D0B4F9283A10
:10C120000693B4F92A3A0793B4F92C3A05934FF4DD
:10C1300030730393EBE705A928460EC964F0B0DE1F
:10C140000135802D47F8040BF5D1072302932046D3
:10C150002023694604930096019565F0B1DD206CBB
:10C1600041F2DF2160F01CDA09B0F0BD2DE9F047A3
:10C17000571A7E1C1FFA86F94FEA89034FF6FC71A5
:10C1800086B004461940006C41F6DE3260F0E2D918
:10C190000546002871D010234FF0600ADFF8E080D8
:10C1A0008DE8080404AA022320460021CDF8088067
:10C1B0005EF0CCD8BDF81020BDF8123092059B057A
:10C1C0009B0D920D43EA8222C246002308E055F8F7
:10C1D000231001F07F61114345F8231001339BB216
:10C1E000BB42F4DD20234FF4A0788DE80801DFF88E
:10C1F00094802A46334620460721CDF808805EF019
:10C20000B3D8206C41F6F23160F0CAD94FEA49093F
:10C210004FF6FE71206C09EA010141F6F53260F03B
:10C2200099D9054648B310234FF0620C8DE80810E9
:10C230002046012300210DF11602CDF808A05EF082
:10C2400085D8002305E0BDF8162025F8132001331A
:10C250009BB2BB42F7DD10234FF4E07E8DE808402F
:10C26000204607212A463346CDF808805EF07CD868
:10C27000206C41F6024160F093D906B0BDE8F0872A
:10C28000CD2187006149870010B5044660F098D938
:10C290002046012200234FF430615CF0FDDF204690
:10C2A000042200234FF430615CF0F6DF20460822C0
:10C2B00000234FF430615CF0EFDFF022204613469C
:10C2C0004FF430615CF0E8DF4FF4706220461346B3
:10C2D0004FF430615CF0E0DF204600234FF4306122
:10C2E0004FF480525CF0D8DF20460622042340F64B
:10C2F00007315CF0D1DF20463822082340F60731B1
:10C300005CF0CADF2046002340F607314FF4E072AC
:10C310005CF0C2DF20463022102340F60B315CF087
:10C32000BBDF40222046134640F60B315CF0B4DF01
:10C33000204640F60B314FF4F0624FF480635CF01E
:10C34000ABDF204640F60B314FF4F0424FF4005380
:10C350005CF0A2DF94F8FC392046012B14BF4FF4A7
:10C3600080534FF4105340F60C314FF6FF725CF0DF
:10C3700093DF204640F60C314FF6FF724FF48053A6
:10C380005CF08ADF204640F60D314FF6FF724FF425
:10C3900050435CF081DF204640F60E314FF6FF72CD
:10C3A0004FF478435CF078DF2046102340F60F31DD
:10C3B0004FF6FF725CF070DF20464FF431614FF6AC
:10C3C000FF724FF478435CF067DF204640F611318E
:10C3D0004FF6FF724FF47D435CF05EDF20460F2284
:10C3E000002340F612315CF057DF2046F022002394
:10C3F00040F612315CF050DF2046002340F6123147
:10C400004FF470625CF048DF20460F22002340F6B4
:10C4100013315CF041DF2046F022002340F6133157
:10C420005CF03ADF2046002340F613314FF470628F
:10C430005CF032DF20460F22002340F614315CF01E
:10C440002BDF2046F022002340F614315CF024DF7D
:10C45000204640F614314FF4706200235CF01CDF7C
:10C4600020460F2240F6153100235CF015DF2046F0
:10C47000F022002340F615315CF00EDF2046002349
:10C4800040F615314FF470625CF006DF204603225F
:10C49000012340F616315CF0FFDE20460C2200231B
:10C4A00040F616315CF0F8DE20463022102340F6CC
:10C4B00016315CF0F1DE2046C022402340F61631F2
:10C4C0005CF0EADE2046002340F616314FF440725D
:10C4D0005CF0E2DE204640F616314FF440624FF445
:10C4E00080635CF0D9DE20460322002340F617313A
:10C4F0005CF0D2DE20460C2240F617314FF6FC737A
:10C500005CF0CADE2046302240F617314FF6F07359
:10C510005CF0C2DE2046C022002340F617315CF0FA
:10C52000BBDE204640F617314FF440724FF47F4394
:10C530005CF0B2DE204640F617314FF440624FF413
:10C540007C435CF0A9DE20460122002340F6063140
:10C550005CF0A2DE1F222046134640F605315CF057
:10C560009BDE4FF6FF722046134640F604315CF026
:10C5700093DE4FF6FF722046134640F608315CF01A
:10C580008BDE204640F609314FF6FF7247F6FF7307
:10C590005CF082DE2046082340F60A314FF6FF7237
:10C5A0005CF07ADE20463F2340F602314FF6FF7200
:10C5B0005CF072DE2046FF2340F603314FF6FF7237
:10C5C0005CF06ADE0F222046134640F601315CF033
:10C5D00063DEF0222046134640F601315CF05CDE5B
:10C5E0000122204613464FF430615CF055DEA36B08
:10C5F0002046D96EBDE810405FF0029A2DE9F04365
:10C60000044689B00F469046006C4FF4806141F2B9
:10C61000366299465FF09EDF064600284ED0012222
:10C620001346204640F29C41C4F8D0705CF034DEE2
:10C6300020469DF840105FF041DB28222046394615
:10C6400061F09CDFB0F5807F054603D9206C41F294
:10C65000526131E0204640F2D661032200235CF0B3
:10C660001BDE08221346204640F2DA615CF014DE3D
:10C67000282342468DE8280020463346394665F097
:10C6800061D915230396059300262023204603A98C
:10C6900007930495069665F013DB9DF84430204619
:10C6A000019329464FF6FF723346CDF8009062F0B1
:10C6B000F1DF206C41F266615FF072DF09B0BDE826
:10C6C000F08300002DE9F04F00218FB0076C90F847
:10C6D0005250ADF83210ADF834100446002109A8CC
:10C6E0000C22F7F393F60023ADF8363097F81536A1
:10C6F00013B197F8161601E097F81416D4F8DC0079
:10C700002A465FF0BDDC8046002800F060812046AC
:10C7100001215FF0D3DAB8F8005045B12DB24FF4E3
:10C720007A726A432046012163F098DE0125B8F849
:10C73000023063B10135EDB21BB24FF47A725A4345
:10C740002046294663F08ADE012D0AD100E0DDB1E2
:10C7500002230093012100230193029320460A46FD
:10C7600008E0022301210093019300230293204655
:10C770000A460B4663F014DF204605214FF486720B
:10C780000DF1320361F01CDE00252E46A94638F873
:10C79000051029B304200B238DE8090009B20DAA66
:10C7A0004FF4FA73204661F07BDBBDF83420BDF80E
:10C7B00032301C3AD21AB7F9181613B299420FDC6C
:10C7C0000EA9062303FB061338F80510013623F8DB
:10C7D000141C23F8122C23F8100CB6B24FF00109E8
:10C7E0000235042DD3D102230693102308930DF1B3
:10C7F0003603049300250123204604A905930795D9
:10C8000062F094DE10238DE82800724B022102931F
:10C81000204601230DF1360201355DF0A5DD402DE6
:10C82000F0D10025204629462A462B460095019541
:10C83000029563F0B5DEB9F1000F40F0B180C2E0BF
:10C840000EAB4FF0060909FB053939F8148C013598
:10C85000EDB20FFA88FA4FF47A7202FB0AF2204620
:10C86000294663F0FBDDB7F91A2639F9123C9A42E2
:10C8700001DD002006E0B7F91C269A4201DD012007
:10C8800000E002205FF0F4DB29460246204663F018
:10C8900039DEBAF1000FB8BFCAF1000A4FEA8A0ABE
:10C8A0004FF0000940F271239A450ADD09F10109B0
:10C8B0005FFA89F9AAF59C6AB9F1200FAAF1020A78
:10C8C000F0D10FFA88F3002BD8BFC9F100095FFA45
:10C8D00089F94FFA89F34FEA48086FF41C7202FB9A
:10C8E0000388002BB8BF5B42022B59DD4FF0000AD2
:10C8F000002150465FF058DC0FFA88FB8BEAEB739F
:10C90000A3EBEB73984244D1012150465FF04CDC1D
:10C910000221804650465FF047DCBBF1000F8246A3
:10C920004FFA89F30ADA002BDBBF5FFA89FB0BF1C0
:10C93000400909F1FF3B0BF13F0B09E0002BDBBF86
:10C940005FFA89FB0BF1400909F1010B0BF1410B77
:10C950004FFA89F3204604A9079362F0E7DDBDF89A
:10C9600036302046984404A9ADF8368065F0A8D941
:10C970004FFA8BF3204604A9079362F0D7DDBDF888
:10C98000363020469A4404A9ADF836A065F098D90F
:10C9900006E00AF1010A5FFA8AFABAF1060FA7D196
:10C9A000B542FFF44DAF4FF00003012E0093019309
:10C9B000029320464FF0050101D1324601E00122E9
:10C9C000134663F0EDDD204600215FF077D90FB00C
:10C9D000BDE8F08F614987002DE9F74390460822B2
:10C9E0000F461E4640F6070113460446056CBDF887
:10C9F00028905CF051DC01221346204640F60701E6
:10CA00005CF04ADC4FF400521346204640F64601E3
:10CA10005CF042DC204640F639013A465CF06EDCC0
:10CA200094F86D33204640F635010BB1802200E0CA
:10CA300020225CF063DC20464FF4046100225CF0AD
:10CA40005DDC204640F634017F2233465CF024DC76
:10CA500020464FF401614FF480434FF440425CF0B4
:10CA60001BDC94F86D33204640F6360113B14FF4C9
:10CA7000807200E040225CF041DC204640F6460136
:10CA80000F2208235CF008DC94F86D63204640F622
:10CA90004601F02256B190235CF0FEDB204640F6C2
:10CAA00046014FF470624FF4106308E033465CF0C7
:10CAB000F3DB204640F646014FF4706233465CF0EB
:10CAC000EBDB204640F633017F2243465CF0E4DB9B
:10CAD0004FEA0923204640F633014FF4FE4203F4A7
:10CAE0007F435CF0D9DB012620463B4964220023CA
:10CAF00000960196FFF782FD4FF4805213462046C0
:10CB000040F6A5115CF0C8DB3246334640F688118A
:10CB100020465CF0C1DB4FF49670FCF37BF13246AB
:10CB2000204640F637015CF0E9DB44F6216602E07E
:10CB30000A20FCF36FF1204640F637015CF0CCDBB5
:10CB400030B1013EF4D103E00A20FCF363F101E0CF
:10CB500044F62166204640F637015CF0BDDB08B1A3
:10CB6000013EF1D140F6370120465CF0B5DBC1074C
:10CB700005D594F8153343F0010384F815330023E9
:10CB8000204640F6A5114FF480525CF085DB20462C
:10CB90005FF09CD92046002340F2A66141F6FF7267
:10CBA0005CF07ADBD4F88C312046B3F98C20B5F9EF
:10CBB000043C40F609019A42B4BFB5F8065CB5F8EA
:10CBC00048554FF68072ED0105EA020303B0BDE857
:10CBD000F0435CF0619B00BFA0252600F0B54F4BF1
:10CBE00091B0044602AA03F1200618685968154658
:10CBF00003C50833B3422A46F7D118689B882860DA
:10CC0000AB80012384F8263AA36B8E21186966F065
:10CC10002BDE400086B2972502E00A20FCF3FAF0F2
:10CC2000A36B06F17401186966F01EDE08B1013DC0
:10CC3000F3D1A36B4FF44271186966F015DEA36B54
:10CC4000074640F20A31186966F00EDEA36B05460E
:10CC50004FF44371186966F007DEA36B064640F295
:10CC60000E31186966F000DEBE1936042D187619EB
:10CC70000AD194F8253A4FF67862ADF83820002BA7
:10CC800031D084F8266A2EE04FF48673ADF83C303C
:10CC900006F580760023760A00930FAB36020193E7
:10CCA0000DAA0EAB20460CA90C965DF0BDDFBDF9B8
:10CCB00038201B4B9B1A002BB8BF5B42702B94F89B
:10CCC000EC2A02D85AB1282B09D94FF67863ADF86F
:10CCD000383094F8253A13B1002384F8263A12B17B
:10CCE000002384F8EC3A236CBDF9381093F83536FC
:10CCF000891008467BB14AB212F1560F0BDA12F1D5
:10CD0000690F08DB6FF056039B1A10AA02EB43036E
:10CD100013F8380C401840B211B0F0BD18390100BA
:10CD200078FEFFFF436C2DE9F041D3F82031044633
:10CD300003F001030D4683F001061BB9836B1869EC
:10CD400066F0B4DD2046276C5EF0C2DF40F27F4122
:10CD5000A7F802042046276C5CF0BEDAC005C00DBF
:10CD60004010A7F80404226F41F6062313402BB9A4
:10CD700044F62062102D08BFFA2200E0FA22A36BCD
:10CD8000B821186966F07CDDA36B41F606271869A7
:10CD900066F098DD2046FFF765F8236F1F407FB9E6
:10CDA000A36B20461B6A0121C4F8D430D4F88C81CF
:10CDB0005FF00CD9D4F88C31A8F88C00C3F88870D7
:10CDC000082D01D0E80606D503210A22204660F08E
:10CDD000B1D9082D01D0A90604D5204664F0D0DCD5
:10CDE000082D01D06A0604D5204662F071DE082DB8
:10CDF00001D0EB0506D5236C93F8173613B1204606
:10CE0000FFF760FC204660F0BBDD2046FFF72AF804
:10CE1000082D01D028060BD5256C95F8643523B173
:10CE2000204666F0F1DBC5F85405204665F074D85D
:10CE300020465CF053DB1EB9A36B186966F036DD43
:10CE400020460021FFF748F9236C93F8333673B17D
:10CE500020460121FFF740F9204640F237614FF4A8
:10CE600040424FF40043BDE8F0415CF0159ABDE844
:10CE7000F081816BD0F8D4300A6A10B59A4204462A
:10CE800001D3D31A01E0DB439B18D4F82823934243
:10CE900000D302BB8A6E93421FD3D4F88C31D3F8EF
:10CEA0008830D3B9012120465FF090D8D4F88C2186
:10CEB000B2F88C3019B28842CCBFC3EB0000C0EB93
:10CEC000030094F8661300B2884208DAA36B9B6EE5
:10CED000C2F8883001E0012010BD002010BD012003
:10CEE00010BD01207047000001290BD1012B09D88A
:10CEF000013B064902EB830251F822305A1C03D051
:10CF0000C01870470020704700207047745B010014
:10CF1000142303FB010070478369DA688A4218BF53
:10CF2000D960704738B504462569006835B105F504
:10CF3000077115F031DC2846FCF390F2E06C002517
:10CF4000256108B1FCF38AF2E56438BDF8B584695F
:10CF500005460668E06A08B1FCF380F2E969B0684A
:10CF6000002708F081DD00212846FFF7D5FF28467D
:10CF700084F83D70FFF7D6FF304623F0F9D82782BA
:10CF80006762A762E7622783F8BD10B550B1D0F899
:10CF9000400238B1072905D83C2404FB0101885818
:10CFA000C3188B5010BD2DE9F0410C4616460546BE
:10CFB000002831D0D0F84032002B2DD03C2202FB8B
:10CFC000013318221F6A3346FFF7DFFF2846214648
:10CFD0001C220123FFF7D9FFBE422846214601D279
:10CFE000242214E0B6EB470F01D228220FE0B6EB63
:10CFF000870F01D22C220AE0B6EBC70F01D23022F4
:10D0000005E0B6EB071F01D2342200E038220123ED
:10D01000BDE8F041FFF7B9BFBDE8F08173B5046822
:10D020000325204601214FF48062002300951DF066
:10D0300099DA002120460A46012300954DF084DB51
:10D040000026D4F864329D599DB1AB798BB9D5F8DF
:10D0500018315A6C22F001025A641A78012A01D15F
:10D060005B7F33B12846002122F0BCDD284667F003
:10D07000B1DA0436202EE4D1204602B0BDE870407B
:10D0800023F07698F8B5D0F8B0550446AE69F36849
:10D09000002B30D0012B30D028460121FFF73CFF78
:10D0A000A068E96908F0E0DC28B128460021FFF714
:10D0B00033FF012700E00746338A83B1236A1869EA
:10D0C0005CF07CDB338A834209D0204623F0E4DE27
:10D0D0002046318A22F012DA20461BF08BD9D4F890
:10D0E000B005FFF79BFF204624F0CED92846FFF776
:10D0F0002DFF3846F8BD0120F8BD0020F8BDFFF730
:10D10000C1BF002070472DE9F843DDF820800446B8
:10D11000D8F800700E46154699460FB91FE01F4615
:10D120003B68A3B1BCB12046F9683246F7F3D6F0AC
:10D1300028B9284679684A46F7F3D0F018B17B69D8
:10D14000002BECD10BE0C8F80070BDE8F8836FF05D
:10D150000100BDE8F8836FF00100BDE8F883C8F86E
:10D1600000706FF01D00BDE8F8831FB50C46416BE1
:10D1700081B104A840F8041D009019461046BDF87E
:10D180001C30069AFFF7BFFF30B92CB1039B1B6818
:10D19000236001E04FF0FF3080B204B010BD10B545
:10D1A0000C4699B10B6863B10846F5F3CFF7E06818
:10D1B000FCF354F16068FCF351F100232360E36059
:10D1C00063602046BDE81040FCF348B110BD2DE976
:10D1D000F84F476B04460D4616469B46DDF828A0DF
:10D1E000BDF82C90002F33D0B1B9AAB930E07DB989
:10D1F00076B1BAF1000F0BD03046F9685A46F7F312
:10D200006DF028B9504679684A46F7F367F050B197
:10D210007B691BB9BDE8F88FB84601E0B8461F46E8
:10D22000AF42E4D1A7B1636B39469F427B6908BF27
:10D230006363C8F8143023685868FFF7B0FF94F8A8
:10D240003030013B84F83030636B0BB984F83030F8
:10D25000BDE8F88F10B5044605E04B6963632368A9
:10D260005868FFF79CFF616B0029F6D184F83010F5
:10D2700010BD2DE9FF471E460023039390F8303080
:10D280000446102B88461746DDF83090BDF8345020
:10D2900009D9416B39B14A680B7C00920A89019225
:10D2A000CA68FFF794FF636B0393B8F1000F65D072
:10D2B000002F63D0B9F1000F60D003AB0093384664
:10D2C00031464A462B46FFF71EFF824628B9039B8C
:10D2D00041461868F5F31EF755E01E3053D118206B
:10D2E000FCF3B0F0824600284BD02069F5F3C0F67D
:10D2F000CAF80000B0B13046FCF3A4F0CAF80C0044
:10D3000018B95046F5F322F70CE02846FCF39AF0E2
:10D31000CAF8040050B95046F5F318F7DAF80C00D3
:10D32000FCF39CF05046FCF399F02AE0636B2BB9B8
:10D33000012384F83030C4F834A007E094F830308A
:10D34000013384F83030039BC3F814A0DAF80C00E2
:10D3500039463246CDF80CA0F6F3D4F7039B494684
:10D360001E7458682A46F6F3CDF7039B41461D818B
:10D370001868F5F3C1F64FF0000A04E06FF0010AF7
:10D3800001E06FF01A0A504604B0BDE8F087F8B526
:10D390001E4614460D460CE0FEF7D8F8B04215D0F4
:10D3A0007A78931C9C420ED9ED186FF001039B1AFA
:10D3B000E41854B128462146FF22F7F321F407462A
:10D3C0000028E9D102E0002700E027463846F8BDF2
:10D3D00008B511461A464FF4AE73FFF7D8FF58B19F
:10D3E0004378A3F12102D2B2202A04D8029A013B49
:10D3F0001370033008BD002008BD2DE9F047046814
:10D40000A0B0D0F80480064602200F688946F4F7E1
:10D4100061FA002501212A4620238246606A1F9571
:10D42000F1F3A2F501212A4620231D90606AF1F351
:10D430009BF501212A4620231E90606AF1F394F5A2
:10D4400001212A4620231A90606AF1F38DF52023EA
:10D4500001212A461B90606AF1F386F514372946AC
:10D460001C9052460FA808F1E205F6F3CFF706220A
:10D4700038462946F6F332F7002817A807DD394663
:10D480000622F6F33FF70DF16200294606E0294631
:10D490000622F6F337F70DF1620039460622F6F35D
:10D4A00031F717AA01920C22002307AD0FA90292AF
:10D4B000202752460220009303950497F4F730FB8F
:10D4C0001B98F2F3ABF22A4601213B461A98F2F37D
:10D4D00079F2A3691C9861691B9AF1F7C8FF1A9841
:10D4E0001C9A0146F1F7F6FF1A981B9A0146A369A8
:10D4F0000836F1F77AFF304698F81850F7F332F013
:10D5000080B201901FA9204608F119022B4600960F
:10D51000FFF72BFE08B91F9BA3B11A99D9F8D420A5
:10D520001F98F5F349F71DA91EAAD9F8D400F5F301
:10D530002BF61AA8F1F356F61BA8F1F353F61CA824
:10D54000F1F350F620B0BDE8F08770B5456892B0B1
:10D5500004460026286801A9202211961BF0CEDB84
:10D560002023012101AAD4F8C000F2F32BF228688D
:10D5700009A920221BF0C2DB686A01213246202360
:10D58000F1F3F2F4119000B3012109AA2023F2F380
:10D5900019F26B69D4F8B800D4F8C010119AF1F7F9
:10D5A00024FFD4F8DC201199D4F8D400F5F304F763
:10D5B000D4F8DC000146F5F3B9F6D4F8DC0004F148
:10D5C000C40104F1C802F5F3DFF511A8F1F30AF67E
:10D5D0000021202209A8F6F319F701A80021202232
:10D5E000F6F314F712B070BDF0B5C1B007AD0C463C
:10D5F0001746114628460222F6F384F601210DF162
:10D600001E022023D4F8BC00F1F302F601210DF133
:10D610003E022023D4F8CC00F1F3FAF501210DF1FC
:10D620005E022023D4F8D000F1F3F2F501210DF1D0
:10D630007E022023D4F8B800F1F3EAF501210DF1C0
:10D640009E022023D4F8C400F1F3E2F501210DF18C
:10D65000BE022023D4F8C800F1F3DAF500238DE8E8
:10D660002800C2222025029238AE04F118012A4671
:10D67000022003960495F4F753FAB81C31462A4663
:10D68000F6F32CF6D0F1010038BF002041B0F0BD18
:10D6900030B590F88C318DB004460D68002B3FD02A
:10D6A000D0F8D40008A909AAF5F36EF520230121CA
:10D6B0006A460998F1F3ACF5D4F87031E31893F8A1
:10D6C00093219DF81F305340D80724D50121002213
:10D6D000EB69686AF1F348F4EB690A9001210022D2
:10D6E000686AF1F341F401210B900A9A2869F5F375
:10D6F000A9F600230B980A99099AF1F7B8FE089940
:10D700000B9AD4F8D400F5F3D9F50AA8F1F36AF529
:10D710000BA8F1F367F52046FFF717FF002501E09E
:10D720004FF0FF35E43404F1A000F1F35BF504F1B0
:10D730009C00F1F357F504F1A400F1F353F504F163
:10D74000AC00F5F303F504F1B00000212022F6F35C
:10D750005DF628460DB030BD2DE9FF410546006855
:10D7600032F8066F0C46D0F80080FFF73DFF002826
:10D7700033D06968A4F864608F7904F138068FB9F2
:10D78000D8F8D0063246202376F0ACDC23686968EE
:10D7900014338DE888003246D8F8D006202376F07E
:10D7A000B5DB17E01023009323684FF48027143370
:10D7B000019308462022314604F10803029750F0F5
:10D7C00095DE48B92168686814313A46D5F88C303E
:10D7D000FDF72EFF012000E0002004B0BDE8F0813D
:10D7E0002DE9FF41D688B1F8643005460068B342A0
:10D7F0000C46D0F800803BD84FF6FF739E4237D0DE
:10D800000632FFF7F1FE002833D06968A4F864609F
:10D810008F7904F138068FB9D8F8D0063246202324
:10D8200076F060DC2368696814338DE8880032463E
:10D83000D8F8D006202376F069DB17E01023009398
:10D8400023684FF480271433019308462022314681
:10D8500004F10803029750F049DE48B9216868686E
:10D8600014313A46D5F88C30FDF7E2FE012000E095
:10D87000002004B0BDE8F08173B5002304460B9985
:10D88000006801931646089D41F01CDB079B032BA3
:10D8900004D901A806990422F6F334F50C3E032EB0
:10D8A0001CD8DFE806F00A0F0204A36A08E0019B17
:10D8B0005A1E272A15D8A3620EE0E36AC3F3400379
:10D8C0002B6009E00198E36A18B923F00203E362D0
:10D8D00009E043F00203E362002004E06FF0160069
:10D8E00001E06FF001007CBDF8B5876805464FF494
:10D8F000E0700E46FBF3A6F50446002878D0002120
:10D900004FF4E072F6F382F5266065600023F4516F
:10D91000686AA4F8AC30012100222023F1F324F33B
:10D92000C4F8BC00002866D0686A012100222023C8
:10D93000F1F31AF3C4F8B80000285CD0686A01213A
:10D9400000222023F1F310F3C4F8CC00002852D0B9
:10D95000686A012100222023F1F306F3C4F8D00005
:10D96000002848D0686A012100222023F1F3FCF24C
:10D97000C4F8C00000283ED02869F5F379F3C4F854
:10D98000D400002837D02869F5F372F3C4F8D80022
:10D99000002830D02869F5F36BF3C4F8DC0050B3ED
:10D9A0001323A4F866302B68174998683246002381
:10D9B00008F0DED82B68A066144998683246002328
:10D9C00008F0D6D82B68C4F8B000114998683246E0
:10D9D000002308F0CDD82B68C4F8B4000D4998682E
:10D9E0003246002308F0C4D8C4F8E000002408E060
:10D9F0006FF01A0401E04FF0FF34284631466DF015
:10DA0000D5DC2046F8BD00BF85D1870079D18700DD
:10DA10000DD187005DDF8700F8B547680646CD5910
:10DA20000C46DDB1436B0BB1FFF714FCD5F89C102D
:10DA300049B13368986808F017D83368D5F89C1056
:10DA4000986808F07DD8D4F8243413B120464FF0FC
:10DA50002FDA2846FBF302F50023E351F8BD00005E
:10DA60002DE9F041D0F89830D0F890100133446897
:10DA70008B4225688EB00246C0F8983009D1D0F8A4
:10DA800094307BB1D2F89C104FF47A72A8685A4354
:10DA900004E007D2D2F89C10A868214A002307F0BE
:10DAA000BDDF39E0D5F8D006214675F037DF237A9F
:10DAB000002B31D0D4F80801F7F314F3074658BB14
:10DAC000227E04F1DC080EAE04F1190106A846F826
:10DAD000242DF6F317F421464246284671F068D803
:10DAE00004F1E203019302230246029321464346D6
:10DAF0002846CDF8008020F0F5DC3946204639F084
:10DB0000C9D92146284640F059DF28461A21324615
:10DB100024230097F6F76EFA0EB0BDE8F08100BF3F
:10DB200080EE36002DE9F04F0D68ADB004460121BE
:10DB3000A86922AA2023D5F800B0F1F369F34FF0C9
:10DB4000080AD4F8683194F86C11E21804F1E4067C
:10DB500082F8E31006F18C020C210DF168090192A4
:10DB600006F190003246CDF80090F9F343F2D4F874
:10DB7000701140480591F6F3F5F422AA03464FF0E0
:10DB80002008009206AF05993A4A4846CDF804802D
:10DB90000297CDF80C80F9F307F201213A4643468B
:10DBA000D4F88801F1F30EF758466EF017DAD4F87E
:10DBB0008801A969F1F39CF2002836DAD4F884319F
:10DBC000CDF808B000932C4BD4F888110193286944
:10DBD000D4F89021D4F88031F5F3E8F228BB94F81A
:10DBE0008C3113BB2869D4F89011F5F3C7F4E0B178
:10DBF000012384F88C314946D4F8702106F1B00035
:10DC0000F6F380F3D4F890012AA92BAAF5F3BCF21D
:10DC10002A992B9AD4F8D400F5F350F3D4F868215C
:10DC200028683146013A1BF069D894F86C31013309
:10DC3000DBB284F86C31AA6A934207D80AF1FF3A42
:10DC40005FFA8AFABAF1000F7FF47BAF002150220D
:10DC500006A8F6F3DBF3002120221AA8F6F3D6F388
:10DC600094F86C01AB6A984234BF002001202DB0BB
:10DC7000BDE8F08F62E6890075EA87002DE9F04F74
:10DC80004368CFB0CB58044603F10809484688469C
:10DC9000F6F368F407460220F3F71CFE00234EA9B2
:10DCA00041F8043DBBB208F1190207930692079AA6
:10DCB0008346019298F818302046069ACDF80090D5
:10DCC000FFF753FA18B94D9B002B40F00A81012150
:10DCD00000222023606AF1F347F101210022202372
:10DCE0004290606AF1F340F1012100222023439029
:10DCF000606AF1F339F10121002220234490606A27
:10DD0000F1F332F10121002220234590606AF1F302
:10DD10002BF10121002220234690606AF1F324F1C7
:10DD200001210022E3694790606AF1F31DF10521AA
:10DD3000024649902069F5F385F3E3690121002249
:10DD4000606AF1F311F10421024648902069F5F36D
:10DD500079F32069F5F38CF14A902069F5F388F1A5
:10DD60004B902069F5F384F108AD002180224C909E
:10DD70002846F6F34BF33A4628464946F6F3C2F2F4
:10DD8000012100223023606AF1F3EEF0012100222C
:10DD900030234090606AF1F3E7F0002633460DF13E
:10DDA000E00A419098F818200195022028AD0699C4
:10DDB00002970096CDF80CA0CDF810B0F3F7B0FEA6
:10DDC000302231462846F6F321F34748F6F3CAF3EA
:10DDD000454B302700930190514602205A46334666
:10DDE00002950397F3F7BCFE01213B462A46409873
:10DDF000F1F3E8F54098A2690146F1F76BFB429B0D
:10DE000048990093439B499A01934098A369F1F77D
:10DE100079FF4299439A4B98F5F350F231463A46CE
:10DE20002846F6F3F3F23148F6F39CF32F4B0190BA
:10DE3000009351465A463346022002950397F3F762
:10DE40008FFE3B4601212A464198F1F3BBF54198EC
:10DE5000A2690146F1F73EFB449B48990093459B1C
:10DE6000499A01934198A369F1F74CFF4499459A67
:10DE70004C98F5F323F24C994A9A4B98F5F3A2F09B
:10DE8000079A98F8183001924A99069A2046CDF8D8
:10DE90000090FFF7EEF946A947AA4A98F5F374F106
:10DEA00042A8F1F39FF143A8F1F39CF144A8F1F3E8
:10DEB00099F145A8F1F396F148A8F1F393F149A837
:10DEC000F1F390F140A8F1F38DF141A8F1F38AF15B
:10DED0004BA8F5F33BF14CA8F5F338F14AA8F5F35C
:10DEE00035F14FB0BDE8F08FB85B0100D25B0100A7
:10DEF000C06A00F00100704721B18368CB5893F8E5
:10DF0000BC017047084670472DE9FF414768044649
:10DF10000023D0F8008038460E46A2F1680503932E
:10DF2000FFF7E6FF90B138464146FFF7E5FF68B1DD
:10DF300003AB009321462B46386806F16002FFF7D9
:10DF400047FA039D014610B99DB100E03146A5F1A5
:10DF50002003202B0DD8B4F8AC309D4209D104F138
:10DF60006C002A46F6F3BAF1002814BF0520002001
:10DF700000E0052004B0BDE8F08100002DE9F0418B
:10DF80009846B8B00023359336937F4B07460C462E
:10DF900030AE03F1100E18685968354603C50833D2
:10DFA00073452E46F7D13D680121202302F1080672
:10DFB000686A0022F0F3D8F735902869F5F358F035
:10DFC000B8F1680F369015D97B689B79002B00F06B
:10DFD000B9802846FFF78CFF20B128462168FFF75B
:10DFE0008BFF48B9A8F168081FFA88F8A4F8AC803C
:10DFF000464401E040F0A880D4F8BC00012132463C
:10E000002023F1F3DFF4D4F8BC00F1F3F9F2002897
:10E0100040F09C80D4F8BC006969F1F369F00028F5
:10E0200080F29480012106F120022023D4F8CC0054
:10E03000F1F3C8F40121D4F8D00006F14002202306
:10E04000F1F3C0F4D4F8BC00D4F8B810F1F350F0F8
:10E0500070B9D4F8CC00D4F8C410F1F349F038B951
:10E06000D4F8D000D4F8C810F1F342F000286FD0F3
:10E07000D4F8D800D4F8CC10D4F8D020F5F31EF1A1
:10E08000002867D0D4F8BC10D4F8D400369AF5F341
:10E0900093F13698D4F8D8100246F4F393F73698F3
:10E0A000D4F8C010024620AEF5F386F1369834A9B4
:10E0B0000022F5F369F03246202301213498F1F370
:10E0C000A7F00021202228A8F6F3A0F1202137ABE9
:10E0D000324618AF019328A80B460097F8F38AF749
:10E0E000D4F8B810D4F8BC206B693598F1F77DF9F5
:10E0F0002023324601213598F1F38AF0314610226F
:10E1000004F10800F6F3FEF030A8F6F32BF2202518
:10E11000402203460096039204AE294630AA3846B0
:10E1200001950296F8F340F704F1180031462A46AB
:10E13000F6F3E8F004F138000CA92A46F6F3E2F011
:10E14000002408E0FF2406E0042404E0032402E0A5
:10E15000012400E0022435A8F1F344F036A8F4F3DA
:10E16000F5F70021202218A8F6F350F100215022E3
:10E1700004A8F6F34BF120A800212022F6F346F183
:10E18000204638B0BDE8F081FEE589002DE9F04F6A
:10E190001D46836889B0EF5843688046CB580E46C9
:10E1A0000793184691463946129A139BFFF7E6FEED
:10E1B0000328044601D1009005E0022801D004287C
:10E1C00016D10323009301230193029300230393A9
:10E1D0000493D6F808313046B3F8623005F11401E3
:10E1E000C3F3401305934A462B46F7F70BFB65E054
:10E1F000012862D0002861D1B7F86230404601336F
:10E20000A7F86230FFF774FE40B140462946FFF799
:10E2100073FE002814BF7E20002000E0204601236A
:10E220004FF0000A4FF0030B0193D6F80831CDF8F8
:10E2300000B00290CDF80CA0CDF810A0B3F8623079
:10E2400005F1140CC3F34013614605934A462B466F
:10E250003046CDF818C0F7F7D5FACDF800B0D6F8AB
:10E2600008314FF0020BCDF804B0CDF808A0CDF87E
:10E270000CA0CDF810A0B3F86230DDF818C0C3F3DD
:10E280004013614605934A462B463046F7F7BAFAE3
:10E29000D9F80030B96EC7F85930B9F80430A7F88A
:10E2A0005D30D8F800309868079BD3F88820534633
:10E2B00007F0B4DB87F858B000E0FF24204609B02F
:10E2C000BDE8F08F2DE9F04FD0F804A087B09AF8A0
:10E2D000063005460C4693460768D1F8009043B3D4
:10E2E00090F8A93013B1013B80F8A930D4F8B431CB
:10E2F00038460093D4F8B831514601935A464B46FC
:10E30000FFF744FF0646D4F8B40168B10021D4F801
:10E31000B821F6F37BF0D4F8B401FBF39FF00023AF
:10E32000C4F8B431C4F8B831002E14BF0220002064
:10E330002DE03846FFF7DCFD38B138464946FFF797
:10E34000DBFD002814BF7E20002003234FF00108CE
:10E350008DE808010026029003960496DAF8083149
:10E3600009F11401B3F862305A46C3F34013059320
:10E3700050464B46F7F746FA3B68A16E9868D5F8C9
:10E380008820334607F04ADB84F85880304607B0CF
:10E39000BDE8F08F052B10B503D1BDE81040FFF7A5
:10E3A00091BF43689B792BB190F8A93013B1013B21
:10E3B00080F8A930022010BD2DE9F041984643684D
:10E3C00005469B790C461646069F8BB190F8A930FE
:10E3D000013380F8A9303846FBF334F0C4F8B401B7
:10E3E000002834D041463A46F5F38CF7C4F8B871AA
:10E3F0000023A4F86030A4F86230A4F864303368D5
:10E40000C4F85930B388A4F85D302868FFF770FD70
:10E4100090B128682168FFF76FFD68B12146284652
:10E42000FEF7EBFF2046FFF790F8284621463246DC
:10E43000BDE8F041FFF746BF204629466CF04EDDAF
:10E4400020B9042384F85830BDE8F0810220BDE8EB
:10E45000F0812DE9F04387B015460F9A0646012A50
:10E460000C461F46DDF83880D0F804C0D1F8009083
:10E4700059D19B88072D8CBFFA88FF220BB17E2BC8
:10E4800059D100217E2B84F8BC1103D1012384F8DB
:10E49000BC3104E01BB96368DB6A98074BD5132ACB
:10E4A00016D0032101224D238DE80E000023039393
:10E4B0000493DCF808316046B3F8623009F11401C6
:10E4C000C3F34013059342464B46F7F79BF932E0FE
:10E4D00096F8A80007F1080196F8A99040B9012321
:10E4E00086F8A830B9F1000F28D1682D0AD904E0C8
:10E4F000B9F1000F12D1682D0AD920462A466DF0D5
:10E500000FDAD8B90E953046214642463B460DE01B
:10E51000304621466DF042D848460FE0304621464D
:10E520006DF03CD809E042B90E95424607B0BDE80F
:10E53000F043FFF741BF022000E0002007B0BDE834
:10E54000F0832DE9FF4105680C46A3F10807D1F8D7
:10E550000080A4F8AC7000212846039102F108065F
:10E56000FFF7C6FCA0B128464146FFF7C5FC78B1CD
:10E5700003AB009332463B4628682146FEF728FF4E
:10E58000BDF80C300646A4F8AC3018B913B90FE04A
:10E59000A4F8AC70B4F8AC20A2F120039BB2202BFD
:10E5A00006D804F16C003146F5F3ACF6002001E02A
:10E5B0004FF0FF3004B0BDE8F0812DE9F04F90E856
:10E5C000C00089B00792139A8046012A0C469A46E9
:10E5D000DDF848B00D6840F0AC803368896E98680B
:10E5E00007F042DA04F16C0300214022184606933A
:10E5F000F5F30CF70021A4F8AC100799BAF8042041
:10E6000007298CBFBAF80610FF214C2A069B3CD183
:10E610004FF00009184649464022A4F86090F5F3EF
:10E62000F5F6A4F8AC90404621465246079BFFF70A
:10E6300088FF3046FFF75CFC78B130462946FFF78B
:10E640005BFC50B1032201234FF07E0C8DE80C10CF
:10E65000CDF80C90CDF8109008E003234FF0010E98
:10E660008DE808400023029303930493D7F8083100
:10E670003846B3F8623005F11401C3F34013059333
:10E680005A462B46F7F7BEF849E04D2A04D1B4F8B4
:10E6900066308B4218D042E00AB17E2A3FD113295E
:10E6A0000ED1079A3046019239465A462B46CDF88C
:10E6B00000A06CF0D5DF002814BF0220002076E017
:10E6C000B4F86030052B01D900233BE0032201237D
:10E6D0004FF04D098DE80C024FF00009CDF80C9079
:10E6E000CDF81090D7F8083105F11401B3F8623075
:10E6F0005A46C3F34013059338462B46F7F782F882
:10E70000B4F86030A16E0133A4F860303368D8F8F3
:10E71000882098684B4607F081D9484647E033681F
:10E72000A16E9868D8F88820002307F077D90020D8
:10E730003DE0931E012B4FF0000337D8B1F8601075
:10E74000052903D984F85830022030E0032A09D182
:10E7500032680131A4F860109068A16ED8F8882062
:10E7600007F05CD93046FFF7C3FB38B13046294685
:10E77000FFF7C2FB002814BF7E20002003230124E2
:10E780008DE818000024029003940494D7F808310F
:10E790003846B3F8623005F11401C3F34013059312
:10E7A0005A462B46F7F72EF8204600E0184609B0E7
:10E7B000BDE8F08F2DE9F3470B6882685B68064679
:10E7C000D3F808A0D3F80490B3F810801B680D4666
:10E7D000032B5AF80240DAF810701DD1FFF788FBBE
:10E7E000D0B130465146FFF787FBA8B1B4F8AC3042
:10E7F00093B1B9F1010F0FD1B8F14C0F01D0BA7933
:10E8000052B9AA69FF2000925D2104F16C02DBB2CB
:10E81000F1F70EFD002001E06FF01600BDE8FC8767
:10E820002DE9F8430B6882685B680446D3F80890CA
:10E830005F681E8A1B6859F80280032BD9F81050B4
:10E8400013D1FFF755FBA0B120464946FFF754FB13
:10E8500078B1B8F8AC0060B1012F06D14C2E01D0D0
:10E86000AB792BB90330BDE8F8830020BDE8F8830D
:10E870000020BDE8F8832DE9F04F0B6882685B68E3
:10E88000B9B0D3F808805E681F8A1B688146032BE5
:10E8900058F80240D8F810A08D69D1F81CB040F0AB
:10E8A0009F80012E48D137B1A7F14C039BB2012BB9
:10E8B00001D97E2F0FD1B4F8663038A9284621F847
:10E8C000043D0222F5F31EF502350FB17E2F02D171
:10E8D0009AF806300BB14C2F13D14846FFF708FBCE
:10E8E00020B148464146FFF707FB50B9B4F8AC20C9
:10E8F0003AB1284604F16C01F5F304F5B4F8AC30F4
:10E90000ED180FB17E2F6ED101212A462023D4F8B5
:10E91000B800F0F37DF4012105F120022023D4F8A2
:10E92000C400F0F375F4D4F8C800012105F14002E9
:10E930002023F0F36DF456E0022E54D1B4F8623087
:10E9400038A921F8023D28463246F5F3DBF4BDF83C
:10E95000DE3038AF27F8C83D01210DF11A0220231F
:10E96000D4F8B800F0F354F401210DF13A02202359
:10E97000D4F8C400F0F34CF401210DF15A02202325
:10E98000D4F8C800F0F344F401210DF17A022023F9
:10E99000D4F8BC00F0F33CF401210DF19A022023DD
:10E9A000D4F8CC00F0F334F401210DF1BA022023A5
:10E9B000D4F8D000F0F32CF44FF00008C2230293F7
:10E9C0000235304604F1180120224346CDF800807C
:10E9D00001970395CDF810B0F3F7A2F8404603E095
:10E9E0006FF0160000E0002039B0BDE8F08FF8B5F8
:10E9F0000B6804465A68836896685168F558138A0C
:10EA000012683769032A2DD1012926D10BB17E2B3B
:10EA100012D1BB796BB92046FFF76AFA20B12046C4
:10EA20003146FFF769FA20B9B5F8AC0008B10230F9
:10EA300000E002206030F8BD4D2B15D04C2B11D1D9
:10EA4000FFF756FA20B120463146FFF755FA58B97C
:10EA5000B5F8AC0050B10230F8BD02290CBF22203D
:10EA60000020F8BD0020F8BD0220F8BD0220F8BD4E
:10EA700019B18368CB5883F8BC21704770B50C6816
:10EA80000D460646102208460021F5F3BFF42C601F
:10EA900020460021F268F5F3B9F404F52473C4F8B4
:10EAA000EC3004F52C732560C4F8243170BD2DE9D9
:10EAB000F0470D4698462B68BDF82060099C076812
:10EAC000896B95F82CC073B193F8009093F801A06E
:10EAD00049EA0A29A5F81C9093F81690DB7D49EACB
:10EAE0000323A5F87E303B68B5F81C9093F8D1302D
:10EAF000002B5AD197F92735B3F1FF3F03D190F896
:10EB0000A43313B151E0012B4FD0C9F38027B5F8DE
:10EB10007E9019F00F0901D127B987E027B94FF08E
:10EB2000010904E0012702E04FF000094F460123EC
:10EB3000002204F5227004F5237176F017DAD4F878
:10EB40008832984505D1D4F88C32F31A18BF0123C6
:10EB500000E001233FB933B1C4F88872C4F88C7265
:10EB6000A4F886725CE0B9F1000F08D00020C4F868
:10EB70008802C4F88C02A4F88602BDE8F087B5F8D4
:10EB80007E50C4F88882C4F88C62A4F88652484645
:10EB9000BDE8F08706D18F88B74294BF00270127D0
:10EBA00000E00127F8B2BDE8F087BCF1000F13D0F8
:10EBB0004B6B03EBC20153F83230984506D307D1B3
:10EBC0008888B04294BF0026012602E0012600E0BA
:10EBD0000026F0B2BDE8F087D1F8E03052019A1873
:10EBE000136998451CD302D1938AB3421BD8936909
:10EBF000984506D307D1908BB04234BF0020012046
:10EC000002E0012000E0002070B106F07F06F3086A
:10EC1000D05C06F00706304100F00100BDE8F08747
:10EC20000120BDE8F0870120BDE8F0874B6B03EBC6
:10EC3000C20153F832309845ACD2B2E72DE9F04F1B
:10EC40001C4693F860B05F68D368ADF5117D064649
:10EC500005919146156933B11B7A0B2B03D13B7893
:10EC600003F0010301E0FB789B09E36394F82C3087
:10EC70004946009330462A46E36B4FF023DB0146BA
:10EC8000A06320B12A6D40F2371313402BB93046F0
:10EC900021464A4671F002DAE2E090F90E2090F93E
:10ECA0000F30D318A2689A42C0F0DA80A269138AA2
:10ECB00013F0080F0DD0007A0B280AD196F8DC0566
:10ECC00038B18879032804D823F008031B041B0CEF
:10ECD00013820B7A042B59D00B2B00F0AE80022B41
:10ECE00040F0C080BB7897F800A097F8068043EA10
:10ECF0000A2A7B794FEA084848EA03283B7948EA20
:10ED00000308FB79A76E48EA036817F0010740F093
:10ED1000AC80284621465A464346CDF800A0CDF89F
:10ED20000490FFF7C4FE002800F09F80AB79002B11
:10ED300040F067823368D3F88830D3F8DC210132A1
:10ED4000C3F8DC2194F82C2022B1D3F8B42201328C
:10ED5000C3F8B422D3F8E8210132C3F8E821D5F88A
:10ED6000183193F834301BB12846002165F0E0DB00
:10ED700094F82C70002F00F044823368D3F8883068
:10ED8000D3F8C0220132C3F8C02269E03B7897F87B
:10ED900001A097F8068043EA0A2AFB794FEA08485F
:10EDA00048EA03683B7948EA03087B7948EA032884
:10EDB0002B7C13B9EB6DDB0757D4A76E17F0010757
:10EDC00053D1284621465A464346CDF800A0CDF8F7
:10EDD0000490FFF76CFE002847D0AB79002B40F081
:10EDE00010823368D3F88830D3F8DC210132C3F8BD
:10EDF000DC2194F82C2022B1D3F8B4220132C3F8DC
:10EE0000B422D3F8F0210132C3F8F021D5F818313B
:10EE100093F834301BB12846002165F089DB94F863
:10EE20002C70002F00F0ED813368D3F88830D3F8D0
:10EE3000C8220132C3F8C82212E00237C8311022BA
:10EE40003846F5F383F500280CDA8D483946102250
:10EE5000F5F3ECF6A16B8B48C8311022F5F3E6F61A
:10EE60000027CEE14FF00008C24696F8B03293B9C1
:10EE70002B6D1F070FD4A06B037A022B02D1F6F380
:10EE800031F140B963699B69980004D4A3691B8A76
:10EE9000190700F1FB8063699B695A06E0D4A369F6
:10EEA0001A8A42F008021A82A16B0B7A013B0A2BE4
:10EEB00000F2CE80DFE813F035000B0035006C0067
:10EEC000CC00CC00CC00CC00CC00CC00AE0008467E
:10EED000F6F308F108B12B7C4BB1A36BD3F8882073
:10EEE000904504D80FD093F88C205A450BD0A16BD5
:10EEF000226804F14007384614310A32434601F0D3
:10EF0000C3D9E76501E06433E365A16B04F14A0707
:10EF100038461431E26D534601F080DA384610214C
:10EF200010E06168032284A8F5F3ECF1A36B84A8D8
:10EF300003F114011A690330F5F3E4F1A36B84A81B
:10EF40001969033107AAFBF38DF1A36B606893F98C
:10EF50000E30A168C018C91A07AAFBF3A5F1A36B6C
:10EF6000606893F90E30A168C018C91A4FF0FF32DB
:10EF7000F6F3F4F0444BA2699842138A04D123F0CB
:10EF800010031B041B0C01E043F0100313827DE00F
:10EF90006368DF7817F020071FD00A6948A814318A
:10EFA000D200FBF303F6002321686269484670F043
:10EFB000A5DC0027A36B01900097196948A8236876
:10EFC000E268EEF3C7F3831C05D1A3691A8A42F005
:10EFD00010021A825AE0013058D13368D3F88830D1
:10EFE000D3F8DC210132C3F8DC21D3F8F42101325B
:10EFF000C3F8F42194F82C20002A00F0FF80D3F805
:10F00000B4220132C3F8B422D3F8CC220132C3F8BF
:10F01000CC22F6E001F11400E2682431236800F00C
:10F02000F9DF00287FF41CAFA26BD2F8D83001338F
:10F03000C2F8D83033F07C4328D1F2220192D6F8BE
:10F040009401294609F11402009376F05DDE1DE07B
:10F05000AF79002F7FF404AF3368D3F88830D3F84A
:10F06000DC210132C3F8DC2194F82C20002A00F0C6
:10F07000C580D3F8B4220132C3F8B422C1E000BF86
:10F08000A2ED8900A8ED8900E320BBDEA36B6168D7
:10F0900093F90E208A18626093F90E1093F90F20ED
:10F0A0008A18A1688A1AA26093F90E1093F90F20AA
:10F0B0008A1821698A1A2261A269128A02F018024A
:10F0C000182A64D1AB79002B7FF4CAAE95F944209D
:10F0D00000930193029330463123D5F8081170F064
:10F0E000A7DA3368D3F88830D3F8DC210132C3F8CB
:10F0F000DC21D3F8EC210132C3F8EC21D3F8F42160
:10F100000132C3F8F42194F82C2072B1D3F8B42260
:10F110000132C3F8B422D3F8C4220132C3F8C422A6
:10F12000D3F8CC220132C3F8CC22A26B127A022A85
:10F1300005D0032A12D0012A7FF492AE0EE0D3F854
:10F1400008220132C3F8082294F82C70002F58D0FE
:10F15000D3F8E0220132C3F8E02281E6D3F800229E
:10F160000132C3F80022D3F8FC210132C3F8FC219C
:10F1700094F82C70002F44D0D3F8D8220132C3F871
:10F18000D822D3F8D4220132C3F8D42268E66169C8
:10F190008A89E26094F82D209AB993F90F20059896
:10F1A00092B2FAF329F16369DA89900402D5B3F8CF
:10F1B00050308BB9A36BE26893F90F30D31AE36038
:10F1C0000AE00598F6F3F4F0A36B014693F90F20DB
:10F1D000059892B2FAF310F1A36BC4F86480A4F816
:10F1E00062A01B7A042B01D0022B09D1A36ED90790
:10F1F00006D43046214670F09DDF01E0174600E05E
:10F20000012738460DF5117DBDE8F08F2DE9F3415A
:10F21000099F00230D9904469046089E0A9D00937D
:10F2200001933FF04FDE032F0BD90422684631468D
:10F23000F5F368F0072F04D901A8311D0422F5F376
:10F2400061F0A8F14C08B8F1050F2AD8DFE808F002
:10F250000A03160F231BD4F88434BDF80020A3F84A
:10F26000922016E0D4F88434B3F8923017E0D4F842
:10F270008434BDF80020A3F896200AE0D4F8843442
:10F28000B3F896300BE0D4F88434BDF80020A3F82E
:10F290009E20002007E0D4F88434B3F89E302B6021
:10F2A000F7E76FF01600BDE8FC81D0F884242DE963
:10F2B000F843B2F8928004464145D4BF00200120B3
:10F2C000B2F84A50B2F89690B2F89460B2F898C08A
:10F2D00010B1C8EB010701E0C1EB0807B2F89030AC
:10F2E000BFB2002B75D0BCF1010FADB2334607D1D0
:10F2F000002851D02BB203FB08F393FBF1F346E057
:10F30000BCF1020F2BD131B2B8B10FFA89F3994297
:10F3100003D10423A2F8983062E0132F02D9A6F19A
:10F32000140339E0092F02D9A6F10A0334E0042FAF
:10F3300001D9731F30E0B31E2EE00FFA85F8414566
:10F340001DD0132F02D906F1140325E0092F02D98D
:10F3500006F10A0320E0052F1CD9731D1CE0BCF147
:10F36000040F39D133B238B10FFA89F18B4237D05B
:10F37000052F38D9731F0AE029B28B4204D101232B
:10F38000A2F89830BDE8F883052F2DD9731D4FF0F2
:10F39000020C01E04FF0040C1BB229B28B4204DCDA
:10F3A0000FFA89F5AB42A8BF1D462368A2F8945016
:10F3B000A2F898C02DB22946012220461B7E72F089
:10F3C000B1DC23682046294600221B7E72F0AADCAD
:10F3D00006E01846BDE8F8834FF0FF30BDE8F8833B
:10F3E0000020BDE8F8830020BDE8F883D0F884341D
:10F3F00013B5B3F8902004466AB1036A0DF1060113
:10F4000018695BF0BFD980B12046BDF90610012212
:10F41000FFF74BFF09E06421012372F083DC012236
:10F4200020466421134672F07DDC1CBD08B5036ADA
:10F43000D3F8D80079B143784A789A4208D102309B
:10F440000231F4F34BF7D0F1010038BF002000E0A7
:10F450000020C0B208BD084608BD2DE9FF47994607
:10F460004369D0F8208082461B680446174602692B
:10F470005AF8180B0E464146D55801F055FA216945
:10F48000206852466FF096DC0123C8F800302B68E4
:10F490000146023B012B03D82369DB6DC8F8D0304D
:10F4A0000C9B20680293424633468DE8800201F0AF
:10F4B00058FA48B12B68022B05D1636AD88800300E
:10F4C00018BF012000E0012004B0BDE8F0872DE95D
:10F4D000F04FC368044600F1180799B01646056A54
:10F4E0008A46006821693A4603936FF063DC013E67
:10F4F0000290062E00F23881DFE816F00700360190
:10F50000BC003601DB003601FF00EE68002E00F083
:10F510002C81D5F8D03013F4804B0CD023682169AE
:10F52000D3F8D4060368CB581B781BB14AF04ADBEA
:10F53000834600E09B46636893F86231A3B1D5F837
:10F54000D000F0F78BFE88B12368D3F86008FEF78F
:10F55000CFFC58B123680299D3F86008FEF7CCFCC1
:10F5600020B1B5F8DC8002E0984600E08046B5F8AE
:10F5700006C02068DC44C4441FFA8CFC0CF1710303
:10F5800021693A469BB2CDF804C077F07BD9DDF80B
:10F5900004C00646002800F0E8800CF15F0CD0F8AB
:10F5A00008901FFA8CFC4FEA1C2343EA0C2C09F14B
:10F5B0001207A9F810C000215F223846F4F326F79D
:10F5C0004AF484731A0A89F8132089F814302B8BB3
:10F5D00005F13C011A0A89F8152089F81630202215
:10F5E00009F11F00F4F38EF6EA8809F171009344E3
:10F5F000D8441FFA88F84FEA182343EA0828A9F8E4
:10F600006F80E968F4F37EF6636893F86231F3B1D2
:10F61000D5F8D000F0F722FEC8B12368D3F860080F
:10F62000FEF766FC98B123680299D3F86008FEF7EC
:10F6300063FC60B1EB68002B00F09B80E888D5F894
:10F64000E01038185F30B5F8DC20F4F35BF6D5F83D
:10F65000D030580440F18D8023682169D3F8D40656
:10F660000368CB581B78002B00F083803A464AF0A1
:10F67000FFD97EE0206821693A46712377F002D9EC
:10F680000646002871D0D0F808905F22002109F1C9
:10F69000120789F8112089F810103846F4F3B6F6ED
:10F6A0004AF480731A0A89F8132089F814302B8BD6
:10F6B0001DE0206821693A46712377F0E3D80646B9
:10F6C000002852D0D0F808905F22002109F11207DB
:10F6D00089F8112089F810103846F4F397F64AF4A7
:10F6E00040731A0A89F8132089F81430EB8A1A0A31
:10F6F00089F8152089F816303BE0206821693A46E0
:10F70000712377F0BFD8064678B3D0F8089000216F
:10F710005F2209F1120789F8101089F81120384684
:10F72000F4F374F64FEA1A2389F8133089F814A019
:10F730001FE0D5F8D000F7F37DF10146484605F10A
:10F740008C0204ABF7F386F1044630B931460398D6
:10F750002246F9F3A7F6264607E007F14D0004A973
:10F760001022F4F3CFF500E00026304619B0BDE8D2
:10F77000F08F032389F80F30D5F8D000F6F354F555
:10F7800005F15C0400280CBFFE2302233846082242
:10F7900000F8053B2146F4F3B5F508212046F7F3C0
:10F7A0004FF11AF00301C9D1C3E72DE9F04F91F8E9
:10F7B00013800B7D8BB043EA082818F00309044638
:10F7C0000E4606924769056ACDF8208005D1D5F826
:10F7D000D000F7F32FF1844600E0CC4605F15C0A37
:10F7E00006F1170B0120082359465246CDF810C0E8
:10F7F000F6F302F68245DDF810C000F0F78318F446
:10F800008071079110D0338A1A0A42EA03239BB20F
:10F810005C2B40F2EB833046614605F18C02F6F337
:10F82000E5F7002800F0E283338A1A0A42EA03234C
:10F830009BB25E2B40F2DA8396F86F1096F8702038
:10F8400042EA01225F329342C0F0D08306F11202F5
:10F850000992594608225046F4F354F505F1640024
:10F8600059460822F4F34EF5D5F8D000F6F3DCF44F
:10F87000002868D018F4805F65D096F86F2096F85D
:10F88000703043EA0223B3F5807F0BDD38462169EF
:10F89000012274F065DC206904F11801012277F07F
:10F8A00089D9E7E24FF48070F9F3C6F5824630B9A2
:10F8B00038462169012274F053DCD14698E32020B8
:10F8C000F9F3BAF5834630B95046F9F3C7F538462F
:10F8D0002169012208E34FF48170F9F3ADF5059039
:10F8E00068B95046F9F3BAF55846F9F3B7F5384612
:10F8F0002169012274F034DCDDF8149078E3B9F169
:10F90000000F04D1D5F8D000F7F394F08146059BA1
:10F91000494605F19C020293099800238DE8000CEA
:10F92000F6F394F781465046F9F398F55846F9F303
:10F9300095F50598F9F392F5B9F1000F03D1384622
:10F940002169012220E396F815A0B37DD5F8D000F7
:10F9500043EA0A2AF6F38AF410B918F0080326D00D
:10F96000BAF10D0F0BD003D8BAF1050F15D10DE088
:10F97000BAF1100F17D0BAF1200F0ED111E018F024
:10F98000080F13D038462169022271E218F0080FDF
:10F990000FD03846216903226AE2384621690422E1
:10F9A00066E2022106E00422059204E003230593A7
:10F9B00001E00121059118F0080900F026822B8A48
:10F9C000059A934203D038462169052250E2079BED
:10F9D000002B40F0C78003232B60D5F8D0305A06A7
:10F9E00006D4626892F86221002A37D0580335D5D0
:10F9F00013F4804932D196F86F1096F870300422D3
:10FA000006F1710043EA0121F6F3F8F702460028F7
:10FA100033D04378132B03D8384621690422B3E24C
:10FA2000636A2169483300934FF02009204606326B
:10FA300001F1DC03CDF8049073F054D88246E0B9AC
:10FA4000636AA3F8069094F80834B3B1A068D4F8B8
:10FA5000041406F009D884F808A40EE019060CD5A1
:10FA6000616AB1F8E42042B101F14800C431F4F315
:10FA700049F4636AB3F8E410D980636ADB882BB970
:10FA800020463146069A72F0DFDFAFE205F11C092D
:10FA900006F11F012022484605F13C06F4F332F43A
:10FAA00020222068314619F029D9D5F8D0305A04DF
:10FAB0000AD522682169D2F8D40602688A581278D9
:10FAC00012B149F0FFDF3BE021690A6D100508D44F
:10FAD00013F4922F05D1D1F8083193F883309A06A8
:10FAE00012D5636A04F1180003F148020092DB8822
:10FAF000E231019305F18C030293AB8A4A460393EA
:10FB00003346F6F30DF41BE004F1180A5046E231D7
:10FB10000622F4F3E3F3002800F06882636A2169A7
:10FB200003F148020092DB885046019305F18C03F3
:10FB30000293AB8AE23103934A463346F6F3F0F57B
:10FB400040F63B623846216908EA0202012374F05C
:10FB50004BDB08B1042356E1384621690D2274F0CD
:10FB6000FFDA43E2069A4AB997F81690B9F1000F06
:10FB70000CBF4FF400794FF0000901E04FF000098D
:10FB8000D5F8D000F6F350F341F2C833002808BF8F
:10FB90004FF4E47303EA080218BF4FF000099A42D9
:10FBA00040F0248219EA080F40F020822B68033BC2
:10FBB000042B00F21B822946052341F81C3B06F169
:10FBC0001F002022F4F38AF3002840F00F8296F8F9
:10FBD0006FA096F87030D5F8D00043EA0A2AF6F301
:10FBE00023F300283FD006F1710B584651463022CE
:10FBF000F5F306F08146C8B1D5F8D03042785B0401
:10FC000040F1FA8123682169D3F8D4361B68CB58B8
:10FC10001B78002B00F0F081123A92B2ECE1A86858
:10FC200009F102010230F4F359F318B138462169A1
:10FC3000072215E00AEB0B0199F80120C9EB01013D
:10FC400089B2901C81421CDD6FF001039B1A48446D
:10FC5000C9183022F4F3D4F798B121693846062246
:10FC600074F07EDA09E0AB88534506D1A86806F146
:10FC700071015246F4F332F318B1206904F118010E
:10FC800042E0D5F8D000F6F3CFF278B106F171007A
:10FC90005146F6F3A7F648B938462169092274F0AF
:10FCA0005FDA206904F1180101222EE02068036860
:10FCB00093F8623163B304F1180921694A466FF081
:10FCC00079D88346D5F8D000F0F7C8FA00B3236896
:10FCD000D3F86008FEF70CF9D0B1BBF1000F17D0D4
:10FCE00023685946D3F86008FEF706F980B15146FB
:10FCF00006F17100F422F4F383F701462046FFF782
:10FD000095FB28B920694946112276F053DF6DE151
:10FD100040F20B223846216908EA0202032374F0FC
:10FD200063DA814628B1062318F040092B6004D11C
:10FD300016E0384621690D2226E12A8A04F1180BC3
:10FD40002B8B20688DE80408216905F1AC0276F060
:10FD5000D1DED5F8D000F6F367F2002834D003E006
:10FD60003846216908220FE1514606F17100F6F389
:10FD700039F642788046063A92B2EA82837905F1F2
:10FD80006C0903F0030385F8CC3008F108014846FC
:10FD9000F4F3B8F295F8CC200599EB8A009206F1BD
:10FDA0004F020191029298F80620216902F00402A4
:10FDB000039220684A4676F021DE23682169D3F851
:10FDC0007C06324654F0ECDED5F8D000F6F32CF287
:10FDD000C0B108232B6038462169002274F0C0D9D5
:10FDE00023695A46DB682068009379210623F4F7DB
:10FDF00001F923682269D3F8D4361B68D35800224E
:10FE00001A70F3E006232B60F0E02B68052B40F21C
:10FE1000ED80236A05995A8A8A4208D0D3F8D00027
:10FE2000F6F324F218B1384621690A22ACE008F44E
:10FE30006073B3F5607F40F0D98007232B60D5F85D
:10FE4000D000F6F3F1F18146002841D018F4805F2C
:10FE50000BD096F86F1096F8703006F1710043EAF7
:10FE60000121F6F3BFF5814638B9216938460B22E6
:10FE700074F076D94FF00009BAE0427805F16C0AC7
:10FE8000063A92B2EA82837909F1080103F003038A
:10FE900085F8CC305046F4F335F295F8CC20EB8A57
:10FEA00000926A8A2169019206F14F02029299F842
:10FEB0000620206802F004020392524676F09EDD8E
:10FEC00023682169D3F87C06324654F069DE70E07D
:10FED000BAF1200F55D84FF48070F9F3ADF2834694
:10FEE00030B9216938460C2274F03AD9D9467FE0FE
:10FEF0002020F9F3A1F2069050B95846F9F3AEF27A
:10FF0000384621690C2274F02BD9DDF818906FE087
:10FF10004FF48170F9F390F2844680B95846CDF8D9
:10FF200010C0F9F39BF20698F9F398F2384621696C
:10FF30000C2274F015D9DDF810C0E14658E0069B9C
:10FF400005F16C020792414605F19C020193029073
:10FF5000079B0998CDF810C0CDF800B0F6F370F407
:10FF600081465846F9F37AF20698F9F377F2DDF80C
:10FF700010C06046F9F372F2A5F816A0B9F1000FAF
:10FF800005D1216938460C2274F0EAD830E0089A8D
:10FF900008F030031B110599009302F04003019112
:10FFA0004F36039320682169079A5346029676F0EC
:10FFB00025DD3846216908F00B02052374F014D9B9
:10FFC00028B108232B6038462169002202E021690C
:10FFD00038460D2274F0C4D823692068DB68792183
:10FFE000009304F118020623F4F704F84FF0010916
:10FFF00048460BB0BDE8F08FA988931C99427FF466
:020000041002E8
:1000000015AE0CE62DE9FF4790E810028E79054603
:100010000F46002E63D140F21440F9F30DF28046F2
:1000200000285FD03851314640F21442F4F3EEF12B
:10003000AB8AD9F8D02608EB030448F803902B6963
:100040004FF0010AE360EB686261A360AB6827616F
:100050006360E420C8F8006088F804A0C4F8FC637A
:10006000F9F3EAF12062002841D03146E422F4F3AA
:10007000CDF1E820F9F3E0F16062002837D0314695
:10008000E822F4F3C3F1D4F82480E868C8F80090BB
:1000900019492246334605F06BDDC8F86800002890
:1000A00025D0E86815492246334605F061DD6063D6
:1000B000E8B1E86812492246334605F059DDC4F834
:1000C0000404A0B1236A286A0193636A6946009711
:1000D00002938DF80CA0F3F313F4304604E06FF0B4
:1000E000060001E04FF0FF3004B0BDE8F08728467D
:1000F000394672F099DBF5E7E1578800E958880046
:10010000C958880038B51D4690B10368848ACB5819
:1001100073B11C19114604F130001022F4F3F2F00F
:1001200004F1400029462022BDE83840F4F3EAB04B
:1001300038BDD0F88404F0B503F15605A83300EBC0
:10014000430300EB8505B3F90A60AF6890F8E94016
:10015000BE1B7618AE6026415E81B0F95E31D0F8E4
:100160006811CB1A9B18C0F868312341A0F85E31A2
:10017000F0BD10B50A7AD0F884342AB390F8292259
:10018000D1F808012AB190F86000904228BF0246D9
:1001900001E090F86020D1F81801047864B1007A89
:1001A000D1F8081118B1C98D4A43002101E0CA8D68
:1001B000012183F8291105E0012283F82921D1F8D2
:1001C0000821D28D0A3203E083F829214FF49B7273
:1001D000C3F8242110BD2DE9F04F8BB0D0F8844432
:1001E0009A469DF85C30904608939DF85420B4F8E8
:1001F000C63007920393189A94F8E9300F46099293
:100200000593B4F8F020D4F8D81094F81C310646C1
:100210009DF950B09DF8585004920691002B00F0C3
:10022000AB81036893F8693123B13BF04DDA0028C4
:1002300000F0A281336893F864312BB194F86D31EA
:1002400013B1002384F86D3194F828313BB1B068C4
:10025000D4F8301105F008DC002384F828318E2111
:1002600030693CF069DA43004E334FF6FE711940B5
:1002700030693CF061DA94F858318146FF2B08D0A0
:1002800094F8E830012212FA03F300EA03091FFA96
:1002900089F994F8AF30AB4213D0002305F1320254
:1002A00004EB8202E91A93604A4242EB01023232C5
:1002B00004EB820284F8AF50C4F8CC30C4F8C830E4
:1002C0009360BAF1000F00F05781079AC2B9022F6C
:1002D00040F35281C7EB0A01B4F9F22009B204EBF2
:1002E00045039142A8BF0A46A3F8EA20D6F8843411
:1002F0005B79012B2AD9C8EB0B03A4F8EE3025E07B
:10030000049F04EB45023BB2B2F9EA70C7EB0A075F
:10031000FF1A022F03DD1C2FA8BF1C2700E00327B4
:10032000D6F884245279012A10D9B4F9EE80C8EBAA
:100330000B08C3EB0808B8F1020F05DDB8F11C0F7C
:10034000A8BF4FF01C0801E04FF00308D6F8683250
:100350009B792BB9089A1AB130460999FFF709FF22
:1003600005F1320204EB8202936830460133936058
:10037000C4F8CC30D4F8383151460133C4F83831A0
:1003800005F14E0304EB83035A6801325A605A4662
:100390002B46FFF7CEFED4F8E030D4F8E4209342A9
:1003A00003D9039B1BB2049307E0D4F8DC000133AC
:1003B00001210690C4F8E03004910598012212FA58
:1003C00000F3D4F8CC1099422DD3D5F1010B38BFEE
:1003D0004FF0000B0BF1A80C04EB4C0C04EB4500A8
:1003E000B0F85A01BCF80AC0C0EB0C0C0FFA8CFC38
:1003F00094F86C018CEAEC7AAAEBEC7A8245ACBFFB
:1004000000210121844503910EDB94F8E8000BFAEA
:1004100000F1894509D005F13C0104EB81014868F0
:100420008018486001E00392002205F1540B05F1A9
:100430002C0004EB800004EB4B01B1F90AC0D0F8AA
:1004400008A0CCEB0A0C67448760059807414F81F0
:10045000D4F8C000B4F9B610059F411A4144C4F85D
:10046000C0103941A4F8B61004EB8501D1F8D010C2
:10047000B4F9C400994204EB4B01B1F90A1028BF4A
:1004800084F8B150884244DBD4F8CC00069FB842CF
:100490000CD9D5F1010194F8E82038BF002111FAF8
:1004A00002F291452FD005F13C0225E0039F4FB3A6
:1004B00094F844713DB1B4F9B2C07FB2C1EB0C0104
:1004C00007EBC10106E0B4F9B4C07FB2C1EB0C0187
:1004D000C900C91B049FB1EBC70F13DB984211D3AE
:1004E000D5F1010194F8E82038BF002111FA02F299
:1004F000914508D005F13E0204EB820251680131BA
:10050000516000E02AB10120002D14BF0321022117
:1005100006E0002D0CBF2846002014BF0221032155
:1005200094F8AF2084F8492194F81D215AB1D6F8E7
:10053000682292793AB938B130690B46009201923B
:100540003DF0C6D804E018B9D4F8CC209A4213D2B2
:1005500094F81D3183B1D6F868329B7963B90122D2
:1005600084F82821B068D4F83011D4F824210BB0D5
:10057000BDE8F04F05F0529A0BB0BDE8F08F2DE9C1
:10058000FF41D0F88454064695F81C310C4695F886
:10059000E970002B00F08180036993F80A31002B89
:1005A0007BD0036893F8693153B13BF08DD8034693
:1005B00030B9B068D5F83411142205F02FDA6CE0A8
:1005C000336893F8643133B195F86D311BB1002372
:1005D00085F86D3161E0D6F83C33022B0AD0D5F8AE
:1005E000E020D5F8E4309A4294BF4FF000084FF075
:1005F000010801E04FF0000895F81D31002B4CD0A8
:10060000D6F868329B79002B47D1336A0DF10F0180
:1006100018695AF00BDD9DF80F3085F8AF30002BCC
:1006200014BF03210221B8F1000F25D003F1020EFF
:1006300005EB8E0E05EB4302DEF8B0C0B2F9B20056
:10064000C0EB0C00CEF8B000384103F12C0EA2F83C
:10065000B20003F1540205EB8E0E05EB4202B2F933
:10066000B200DEF8B0C0C0EB0C00783850FA07F7E3
:10067000CEF8B000A2F8B27085F84931002201230B
:100680008DE80C0030690B463DF022D89DF80F3004
:1006900054F82320013244F82320BDE8FF8110B52F
:1006A000D0F8844494F81C3123B104F58671FFF727
:1006B00066FF002384F8283110BD70B5D0F884445B
:1006C000054694F81C3103B3D4F8CC20D4F8C830D4
:1006D0009A4203D104F58A71FFF751FFD4F8CC3068
:1006E000C4F8C83094F81D317BB1D5F868329B79D5
:1006F0005BB994F8292142B1A868D4F834114FF4B9
:10070000FA72BDE8704005F0899970BD38B5D0F82F
:1007100084440546D4F83411806805F0A5D9D4F88E
:10072000CC20D4F8C8309A4204D1284604F58A7106
:10073000FFF725FFD4F8CC30C4F8C83038BDD0F866
:10074000843400224FF6A271C3F8B820C3F8BC204D
:10075000C3F8C020A3F8B220A3F8B420A3F8B620B1
:10076000C3F86021C3F86421C3F86821A3F85A21B3
:10077000A3F85C21A3F85E21A3F8EA10A3F8EC101B
:10078000A3F8EE10C3F8CC20C3F8D020C3F8D420CF
:10079000C3F83821C3F83C21C3F84021C3F8E02056
:1007A000C3F8F420C3F8F820C3F8FC20C3F80021F4
:1007B000C3F80421C3F80821C3F80C21C3F81021A1
:1007C000C3F81421C3F8182183F829217047D0F801
:1007D0008434D3F8CC208A60D3F838218A6493F823
:1007E0001D2112B193F8AF2001E093F8AC204A60CC
:1007F00093F81D210A6093F848214A654A688A6582
:10080000D3F8D0200A64D3F8D4204A64D3F83C212A
:10081000CA64D3F840210A65B3F9B220CA60B3F9BB
:10082000B4200A61B3F9B6204A61D3F8F4208A6192
:10083000D3F8F820CA61D3F8FC200A62D3F800216B
:100840004A62D3F804218A62D3F80821CA62D3F835
:100850000C210A63D3F810214A63D3F814218A6368
:10086000D3F81821CA63D3F84C21CA65D3F85021B4
:10087000D3F854310A664B667047F7B5D0F8844414
:10088000D4F84C518D4207D1D4F85051954203D140
:10089000D4F854219A423CD001F00F05042D3AD8E7
:1008A000022D38D003F00302022A34D01F0907F0CA
:1008B0000307022F2FD00A0902F00F02042A2AD8B8
:1008C000022A28D09E0806F00306022E23D09E0995
:1008D00006F00306022E1ED0C4F85431036AC4F891
:1008E0004C111B68C4F85011022B04BF3E462A4627
:1008F000042A14BF1146314684F8AD10D0F8843470
:10090000012283F846110092019200690B463CF0E7
:10091000DFDE002001E06FF01C00FEBD704700002C
:10092000004870479466010010B50C46C1B1886854
:1009300008B1F8F393F5E06808B1F8F38FF5D4F84F
:10094000D80008B1F8F38AF5D4F8E00008B1F8F35C
:1009500085F520460021E422BDE81040F3F356B5AA
:1009600010BD2DE9F74F0546D2F8D000019114468D
:100970009846DDF830B0DDF83490DDF838A0F5F3B6
:1009800053F428B1404659463022F4F339F103E0DC
:1009900040465946F5F3E0F20646002800F0D880BC
:1009A000D4F8D000F5F340F428B14846514630223F
:1009B000F4F326F103E048465146F5F3CDF207463D
:1009C000002800F0C6802B6893F86231002B4FD0CE
:1009D000D4F8D000EFF742FC002849D0D5F86008E1
:1009E000FDF786FA10B3D5F868329B792BB9D5F8A4
:1009F00060080199FDF780FAC0B148465146F422DB
:100A0000F4F3FEF08146002800F0A2804078023026
:100A1000A4F8D400F8F310F5C4F8D800002800F0CA
:100A200097804946B4F8D420F3F36CF4D5F8600805
:100A3000FDF75EFAE0B1D5F860080199FDF75CFAC0
:100A4000B0B140465946F422F4F3DAF005460028E6
:100A50007ED040780230A4F8DC00F8F3EDF4C4F85E
:100A6000E000002874D02946B4F8DC20F3F34AF4FF
:100A7000022323826382D4F8D000F5F3D5F310B1BA
:100A8000042323826382D4F8D000F5F3CDF350B170
:100A900006F10A0004F110010022F5F3A7F4002882
:100AA00056D0002513E073780A2B0FDDD4F8D05010
:100AB00006F10E00A5F10802554245EB020504F1CE
:100AC00010012A46F5F3B6F608B941E0054620467E
:100AD000218A2A4676F088D8002839D0D4F8D00068
:100AE000F5F3A2F330B1301D04F112010122F5F348
:100AF0007DF413E07378092B11DD06F1080045B988
:100B0000F27A012A06D0A2F105035A4242EB03020F
:100B100000E0012204F11201F5F38CF6C0B17878FF
:100B20000230A080F8F388F4A06088B13946A2882A
:100B3000F3F3E8F370780230E080F8F37DF40746D1
:100B4000E06030B13146E288F3F3DCF3012700E0E6
:100B500007463846BDE8FE8F01320103323D009062
:100B60004C3300AAAA0300000088B4000100000072
:100B700001010000010050F201000050F2000040AD
:100B80009600000FAC00000FAC0600AAAA030000FC
:100B900000AAAA030000F8000FAC00050400C9BFBA
:100BA00005F000CEBF0000000101000001011C7033
:100BB00040002D02F0000A012800280138014801F8
:100BC00058015501500150036666E2016666E30173
:100BD0006666E4016666E5016666E6016666E7014B
:100BE0006666E8016666E9016666EA016666EB012B
:100BF0006666EC016666ED016666EE01CDCCF0013D
:100C00000A0005000800400608000500080008006A
:100C1000770008008A0008000100050001000A00B2
:100C200001000500400610091E091F0924092509B5
:100C30002609200921092709280929092209230948
:100C400030093109320912090F09000901090609A1
:100C5000070908090209030909090A090B09040916
:100C600005090C090D090E091109650234028400F9
:100C700074005600650234020400040004000300FE
:100C80000300030003000200010001000000000057
:100C9000FFFFFFFFFFFFFFFFFFFFFFFFFFFF000062
:100CA000372E39352E3439202832323731626236C8
:100CB00020435929007265636C61696D2073656317
:100CC00074696F6E2025733A2052657475726E6573
:100CD0006420256420627974657320746F207468C1
:100CE0006520686561700A004D656D6F72792075C9
:100CF000736167653A0A0009546578743A20256C77
:100D00006428256C644B292C20446174613A2025A9
:100D10006C6428256C644B292C204273733A20257F
:100D20006C6428256C644B292C20537461636B3AE6
:100D30002025644B0A00094172656E6120746F744E
:100D4000616C3A2025642825644B292C2046726565
:100D5000653A2025642825644B292C20496E20758E
:100D600073653A2025642825644B292C2048574D6B
:100D70003A2025642825644B290A0009496E20750C
:100D80007365202B206F766572686561643A202553
:100D9000642825644B292C204D6178206D656D6F8A
:100DA000727920696E207573653A20256C64282558
:100DB0006C644B290A00094D616C6C6F632066619D
:100DC000696C75726520636F756E743A2025640ACC
:100DD0000009537461636B20626F74746F6D2068D7
:100DE0006173206265656E206F76657277726974D3
:100DF00074656E0A0009537461636B20626F7474CA
:100E00006F6D3A20307825702C206C776D3A203049
:100E10007825702C20637572723A20307825702CFA
:100E200020746F703A20307825700A000946726588
:100E30006520737461636B3A2030782578282564C7
:100E400029206C776D3A2030782578282564290A86
:100E50000009496E75736520737461636B3A2030C5
:100E6000782578282564292068776D3A2030782500
:100E700078282564290A0009496E20757365207059
:100E80006F6F6C202564282564293A202564282565
:100E9000644B292C20772F6F683A2025642825641D
:100EA0004B290A0009496E20757365202D20706F4B
:100EB0006F6C3A2025642825644B292C20772F6FEE
:100EC000683A2025642825644B290A0009506B7470
:100ED000496420546F74616C3A2025642C2046725A
:100EE00065653A2025642C204661696C65643A206A
:100EF00025640A006D77006D6400554E494D504CD5
:100F00003A2072613D25700A005443414D3A202534
:100F10006420757365643A2025642065786365658F
:100F2000643A25640A000A465749442030312D2589
:100F3000780A666C6167732025780A000A5452416A
:100F400050202578282578293A2070632025782C90
:100F5000206C722025782C2073702025782C20633B
:100F60007073722025782C20737073722025780A94
:100F700000202072302025782C2072312025782CFA
:100F80002072322025782C2072332025782C207274
:100F9000342025782C2072352025782C207236209C
:100FA00025780A00202072372025782C20723820DE
:100FB00025782C2072392025782C2072313020257C
:100FC000782C207231312025782C20723132202566
:100FD000780A000A20202073702B302025303878C2
:100FE0002025303878202530387820253038780A88
:100FF00000202073702B31302025303878202530A8
:101000003878202530387820253038780A0A00735F
:10101000702B257820253038780A00686E6461725C
:101020006D5F61726D7220616464723A2030782560
:10103000782C206372345F6964783A2025640A0052
:10104000627573737461747300535357553A20700B
:1010500072696D6520646F6573206E6F74206861BE
:1010600076652070203D2033206D6F6420340000B1
:10107000010000000001000020010000A1418000EB
:10108000B9538000212C8000795780006D3D80008D
:10109000609D8800A09E8800549F88008C9B8800DB
:1010A000409C8800FDFFFFFFD89A880002000000E6
:1010B0008001000030010000DD418000E553800028
:1010C000492C8000AD578000993D8000749D8800B8
:1010D000C09E8800749F8800AC9B8800609C88003C
:1010E000FDFFFFFFF89A880004000000FF000000E9
:1010F00020080000253E8000B1518000ED2B8000CB
:1011000035578000253D8000549D8800809E8800D2
:10111000349F88006C9B8800209C8800066D070027
:10112000B89A880003000000090200004401000092
:10113000F941800001548000892C8000F55780001F
:10114000ED3D8000889D8800F09E8800A49F880067
:10115000DC9B8800909C8800FDFFFFFF289B880097
:10116000706125643D307825257800706425643DE4
:1011700030782525780070646825643D3078252511
:10118000780070646C25643D3078252578006763AD
:101190007225643D30782525780025303258253079
:1011A000325825303258253032582D2530325825C6
:1011B0003032582D25303258253032582D253032D6
:1011C00058253032582D25303258253032582530A8
:1011D0003258253032582530325825303258005593
:1011E0006E646566696E6564206572726F72202533
:1011F00064000000600104000500010364010400B4
:10120000000027002401040004000000280104005D
:10121000000000002C010400000000003001040068
:1012200000000000340104000A04700034010400CE
:10123000EFBED40034010400050000FF34010400B7
:1012400001FF02FF30010400180000003401040017
:101250000A04E00034010400EFBE48003401040039
:10126000050000FF3401040001FF02FF3401040007
:1012700000101801340104000203001034010400BE
:1012800018F1F2F334010400BBCC0000300104007B
:1012900038000000340104000000000030010400A8
:1012A0005800000034010400000000003001040078
:1012B00038000000340104000F200007340104004E
:1012C0000000940034010400000000903401040088
:1012D00074757677340104000000000034010400C6
:1012E0000000050034010400FFFFFFFF300104008F
:1012F00068030000340104006E84330034010400EC
:10130000DCBA500034010400D40000AB3401040006
:10131000BADABADA34010400001018F1340104001A
:10132000F2F300103401040018F1F2F33401040068
:10133000100000003401040000000000340104002B
:1013400000000A00340104000100000E3401040012
:101350004252434D340104005F54455334010400AC
:10136000545F535334010400494401043401040020
:1013700082848B96340104000301010634010400C9
:101380000200000030010400680000003401040085
:101390000A04280234010400DCBA8000340104008D
:1013A0000000FFFF34010400FFFFFFFF34010400D1
:1013B000001018F134010400F2F3001034010400AD
:1013C00018F1F2F334010400D0AF0000340104003E
:1013D000000000003401040000000001340104009A
:1013E0000200000E340104004252434D3401040057
:1013F0005F54455334010400545F535334010400D7
:10140000494401043401040082848B9634010400B1
:101410000301010634010400020100003001040050
:1014200068060000340104000A04280234010400A4
:10143000DCBA8000340104000000FFFF3401040026
:10144000FFFFFFFF34010400001018F13401040015
:10145000F2F300103401040018F1F2F33401040037
:10146000D0AF00003401040000000000340104008B
:1014700000000001340104000200000E34010400E9
:101480004252434D340104005F544553340104007B
:10149000545F5353340104004944010434010400EF
:1014A00082848B9634010400030101063401040098
:1014B000020100000001040000000001900402008D
:1014C00000000000A0040200F1F30000B0040200DC
:1014D000EFFD0000A8040200FFFF0000A8040200C6
:1014E00000000000A204020001000000B20402009B
:1014F000FBFF0000AA040200FFFF0000AA04020094
:1015000000000000A4040200CF1A0000AC04020096
:1015100000000000BC04020000000000A60402005D
:10152000D7020000B6040200FFFD0000AE04020076
:10153000FFFF000006040200010000000604020094
:10154000000000000C040200180000000604020065
:101550000000000048040200000C00000204020029
:101560002006000002050200000000000005020045
:101570000040000002050200040000000005020017
:101580000040000002050200080000000005020003
:1015900000400000020502000C00000000050200EF
:1015A0000040000002050200C000000080050200AB
:1015B000FFFF000082050200FFFF0000840502001B
:1015C000FFFF000086050200FFFF00008805020003
:1015D000FFFF00008A050200FFFF00008C050200EB
:1015E000FFFF00008E050200FFFF000090050200D3
:1015F000FFFF000092050200FFFF000094050200BB
:10160000FFFF000096050200FFFF000098050200A2
:10161000FFFF00009A050200FFFF00009E05020088
:10162000FFFF0000A0050200FFFF00009C05020074
:10163000F0FF0000400502000080000020050200CD
:10164000060F000040050200008000004005020077
:10165000008100002005020000FF00002C050200B0
:101660000101000040050200008100004005020069
:1016700000820000200502001E2800002C05020048
:10168000000000004005020000820000400502004A
:1016900000830000200502002931000040050200FF
:1016A00000830000400502000084000020050200C5
:1016B000323F0000400502000084000040050200A7
:1016C00000850000200502004041000040050200A6
:1016D0000085000012060200010000002E06020034
:1016E000CDCC0000300602000C0000000006020015
:1016F0000480000096060200080000009A0602001E
:10170000E400000088060200000000009C060200C1
:101710000200000088060200001000009C06020083
:101720000200000088060200002000009C06020063
:101730000200000088060200003000009C06020043
:1017400002000000880602000B0F00009E06020047
:1017500007000000100502000B000000500402000A
:10176000014E0000520402005B010000E40402008C
:101770009000000004040200B400000054050200C0
:10178000FFAF0000FE040200000000005E05020042
:101790000010000060010400040001036401040063
:1017A0000000000064010400B400000064010400B3
:1017B0004700470064010400000064006401040065
:1017C00030094000600104000D00010364010400C1
:1017D00002000200640104000100C0006401040072
:1017E00005000000640104000000C0006401040062
:1017F00064006400640104000E00470064010400FA
:1018000000050000600104001500010364010400EC
:1018100040003C086401040000000700640104006B
:101820000A000000600104001A00010364010400C2
:1018300000C00000600104001D00010364010400F9
:1018400010270000600104001F0001036401040070
:1018500000001C0C64010400060010276001040055
:10186000250001036401040000003200600104004F
:10187000280001036401040000004C0A6401040014
:1018800000003F0164010400FFFF00046401040044
:1018900046041E07640104000200EC096001040014
:1018A0002E000103640104000000008060010400B8
:1018B0009201010364010400640400006401040057
:1018C000000040006401040096070000600104006D
:1018D00097010103640104001A080000600104007C
:1018E000BF01010364010400000005006001040061
:1018F0000804010364010400070200006001040001
:1019000010040103640104000000010060010400F0
:101910001C0C010064010200FFFF000060010400D4
:101920001D0C010064010200FFFF000060010400C3
:101930001A000103640104000000200C600104008F
:1019400023000103640104000000A60764010400F1
:101950000000A20A600104002600010364010400E3
:101960000A0E0B09640104000E020000600104006D
:1019700032000103640104000000900B64010400C4
:101980000000A0046401040000007C066001040063
:1019900058000103640104004252434D64010400F5
:1019A0005F54455364010400545F535364010400C1
:1019B0004944000060010400600001036401040068
:1019C00039000000640104005000000064010400BC
:1019D000C000000060010400700001036401040005
:1019E000BE03BE0364010400BE03BE036401040021
:1019F000BE03BE0364010400BE03BE036401040011
:101A00000004EA0364010400D403BE03640104007B
:101A10000B04F50364010400DF03C903640104003F
:101A2000BE03BE0364010400BE03BE0364010400E0
:101A3000BE03BE0364010400BE03BE0364010400D0
:101A40000004EA0364010400D403BE03640104003B
:101A50000B04F50364010400DF03C90364010400FF
:101A6000160416046401040016041604640104003C
:101A7000220416046401040016042E046401040008
:101A8000160416046401040016041604640104001C
:101A900016041604640104003A04160464010400E8
:101AA00016041604640104001604160464010400FC
:101AB000220416046401040016042E0464010400C8
:101AC00016041604640104001604160464010400DC
:101AD00016041604640104003A04160464010400A8
:101AE00000001F0064010400FF031F0064010400E4
:101AF0000200000064010400020000006001040014
:101B0000980001036401040000001F006401040048
:101B1000FF031F00640104000100000064010400D1
:101B20000100000060010400A00001036401040042
:101B300000001F0064010400FF031F006401040093
:101B400001000000640104000100000060010400C5
:101B5000A80001036401040000001F0064010400E8
:101B6000FF031F0064010400010000006401040081
:101B70000100000060010400C000010364010400D2
:101B8000372437246401040037243724600104001B
:101B9000BA010103640104000100070264010400AA
:101BA000070207036401040007000000600104004D
:101BB000DF010103640104002000CB016401040083
:101BC00000005400640104000000AB08640104003C
:101BD0000000100464010400840002006401040099
:101BE0000000140064010400CF010200640104003D
:101BF0004400000064010400AF0802006401040016
:101C00001004640064010400020200006401040086
:101C10001000CA016401040002003C0064010400D9
:101C20000000AA086401040002001004640104001A
:101C3000540002086401040000000800640104006C
:101C4000CE010000640104003400000064010400BF
:101C5000AE080000640104001004440064010400A4
:101C6000020A0000640104000800C90164010400C4
:101C700002003000640104000000A90864010400AF
:101C800002001004640104003C000210640104001E
:101C90000000040064010400CD01000064010400A0
:101CA0002C00000064010400AD0800006401040081
:101CB00010043400640104000212000064010400F6
:101CC0000400C8016401040000002C006401040049
:101CD0000000A8086401040000001004640104006E
:101CE00030000219640104000000000064010400D7
:101CF000CC010200640104002C0000006401040017
:101D0000AC08020064010400100430006401040007
:101D1000021A000064010400C0000A046401040007
:101D200070000000640104003A010A046401040028
:101D300028022CC064010400F2020A0464010400B9
:101D40000000000164010400600014046401040048
:101D5000380000006401040002011404640104005E
:101D600014012CC064010400DE01140464010400A9
:101D700000008000640104002200370464010400B4
:101D80001500000064010400DF0037046401040052
:101D900065002CC0640104002E01370464010400B6
:101DA00000002F006401040011006E84640104002F
:101DB0000B00000064010400D4006E846401040080
:101DC00033002CC064010400FC006E846401040034
:101DD000000018006401040002008A9D64010400F0
:101DE000FB00020864010400C54EFA00640104000F
:101DF000020A833464010400FE000210640104003E
:101E00006227F900640104000212421A640104000E
:101E1000FD00021964010400B113F800640104001C
:101E2000021A811164010400FC00021C6401040018
:101E3000C10FFC00640104000000C10F6401040034
:101E4000FC00000064010400C10FFC0060010400FC
:101E5000500201036401040000000000640104005A
:101E60000100711464010400040200006001040018
:101E70005402010364010400010000006401040035
:101E800001007114640104000402000060010400F8
:101E90005802010364010400020000006401040010
:101EA00001007114640104000402000060010400D8
:101EB0005C020103640104000300000064010400EB
:101EC00001007114640104000402000060010400B8
:101ED00060020103640104000000010060010400CD
:101EE0006C02010364010400200000006001040092
:101EF000120401036401040000000C0060010400EE
:101F0000500501036401040018000000640104008E
:101F1000983A983A64010400A60E64006401040033
:101F20000000F401640104000400000064010400E6
:101F3000C8AFA86164010400204E1E0064010400C3
:101F400000000300640104000300000064010400B9
:101F500050C30000600104005B050103640104003C
:101F60000000140564010400E204000060010400A4
:101F70005F05010364010400204E000064010400B9
:101F800000000F0064010400F4010300600104007C
:101F900065050103640104000000130064010400EE
:101FA0000000030064010400010007006401040054
:101FB000C8AF00006401040088130000640104003D
:101FC0002C17DF40600104006C050103640104006C
:101FD00000002C01640104000000A00F6001040057
:101FE0006F050103640104000000020064010400A5
:101FF00000002C0164010400C00000006401040022
:10200000C044000064010400640000006401040096
:10201000DC05401F64010400000046006401040068
:10202000500050006401040002000000640104003C
:10203000F50A0000600104007A0501036401040050
:102040002010409C64010400204E00006401040044
:10205000B80B0000600104007E0501036401040068
:102060000000204E6401040000000500640104002B
:10207000DC053F00640104007102000064010400FB
:10208000307500006001040086050103640104004E
:10209000C409A00F60010400890501036401040064
:1020A0000000D007600104008B05010364010400F7
:1020B000204E204E600104008E05010364010400DF
:1020C000200080406401040000000A006401040054
:1020D000E803E81C64010400384A000060010400C1
:1020E0009305010364010400000064006001040022
:1020F0009F050103640104000200940260010400D2
:10210000A105010364010400E10000006001040076
:10211000A40501036401040030750000600104009F
:10212000A705010364010400DC050000640104004C
:10213000581B000060010400AF05010364010400A6
:1021400000000F0064010400C800000060010400EA
:10215000B2050103640104000000020064010400F0
:102160000000640060010400BB0501036401040079
:10217000A861701760010400C40501036401040034
:10218000BE00000060010400380C01006401020080
:10219000000000006001040003000200640104006C
:1021A0001F0000006001040004000200640104003C
:1021B000FF03000060010400050002006401040048
:1021C0001F0000006001040006000200640104001A
:1021D0000700000060010400070002006401040021
:1021E0000400000060010400080002006401040013
:1021F000FFFF000060010400090002006401040008
:1022000000000000600104000A00020064010400F4
:1022100000000000600104000B00020064010400E3
:1022200000000000600104000C00020064010400D2
:1022300000000000600104000D00020064010400C1
:1022400000000000600104000E00020064010400B0
:1022500000000000600104000F000200640104009F
:10226000000000006001040010000200640104008E
:102270001F0000006001040011000200640104005E
:10228000000000006001040012000200640104006C
:10229000000000006001040013000200640104005B
:1022A0000000000060010400150002006401040049
:1022B0000000000060010400160002006401040038
:1022C00000000000FFFF0000000000008606020082
:1022D000D0090000800602003E3E00008206020097
:1022E0003E020000000702003C00000084060200DD
:1022F00012020000600104000300010064010200FA
:10230000C00000006001040003000100660102003B
:102310000A000000600104000400010064010200E2
:1023200014000000600104000700010064010200C5
:102330008301000060010400250001006401020027
:10234000F401000060010400C505010066010200FF
:102350002B04000060010400C605010064010200B6
:102360000001000060010400E101010064010200BD
:102370003C00000060010400E6010100660102006B
:102380003400000060010400EC010100640102005F
:102390003000000060010400F1010100660102004C
:1023A0002C00000060010400F7010100640102003C
:1023B0002C00000060010400FC0101006601020025
:1023C0002800000060010400020201006401020014
:1023D00028000000600104000702010066010200FD
:1023E00028000000FFFF000000000000ED9F8000BB
:1023F000C1AD8000DDAE8000F9AB8000B5B08000DB
:1024000065AF8000C9B08000DDB0800071AD800094
:1024100085AD800009AC800005B18000FDAA800078
:10242000A1B0800065AE800035AA800081A1800047
:10243000C5A1800031A880008DA8800019A8800067
:1024400079AF8000B1A68000ADAB80008DAB80007D
:10245000E5AB80008DA380007DAB800079A2800079
:10246000F5A3800045A7800045A0800039A1800029
:1024700065A3800039A0800055A080002D9F8000BA
:10248000399F8000000000000000000000000000F4
:1024900075A3800061A8800039A8800071A2800027
:1024A00095A78000219F8000199F8000B9A080001F
:1024B00085A08000E59E8000280000000F0000003D
:1024C00004010000080700000007070000070400DF
:1024D00000000404000004000000000101000000EE
:1024E00000000000030300000000000000000000E6
:1024F00000000000B1080000000000000404040413
:1025000004010400E20400080A0000006A10000050
:10251000000000000000000031060000DDC88D0052
:102520000404040404010400E20400080A0000009A
:102530006A100000000000000000000031040000EC
:102540008C2EBA000404040404010400E204000810
:102550000A0000006A1000000000000018180000C7
:10256000000000000006060000000000000000005F
:1025700000000000311900000000A0000C0C0C0C41
:102580000A030400E20400080A0000006A100000C8
:102590000000000000000000B11200002776620079
:1025A0000C0C0C0C0A030400E20400080A000000F2
:1025B0006A1000000000000000000000B10C0000E4
:1025C0001443FD000C0C0C0C0A030400E204000888
:1025D0000A0000006A100000E02E01010150000016
:1025E00000000000C832020101490000899DD800A6
:1025F0004038030101420000AAAAAA00003C0401DD
:10260000013E000000008000483F0501013B000042
:10261000D05E4200A0410601013900004992240029
:10262000004B07010132000000000000584D080176
:1026300001300000071F7C00204E0901013000001E
:1026400000000000C05D0A01012800000000000039
:10265000A8610B01012600006666660090650C010A
:1026600001240000C44EEC0030750D010120000073
:102670000000000040830E01011C0000244992006C
:1026800018920F0201330000F93E56000096100226
:102690000132000000000000409C110201300000E7
:1026A0000000000080BB12020128000000000000B2
:1026B00020CB130201240000C44EEC0000000000F7
:1026C0000000000000000000626F617264666C61CF
:1026D0006773330073707572636F6E6669670000AD
:1026E0000000000000000000B1190000ABAA0A00C1
:1026F0000B0C0C0C0A030400E20400080A000000A2
:102700006A1000000000000000000000B11200008C
:10271000143BB1000B0C0C0C0A030400E20400088B
:102720000A0000006A100000000000000000000025
:10273000310D00007A0534000B0C0C0C0A03040068
:10274000E20400080A0000006A1000000000000017
:102750001210000000000000000000000000000057
:10276000B1190000000040000C0C0C0C0A0304001E
:10277000E20400080A0000006A10000000000000E7
:1027800000000000B1120000FF88D8000C0C0C0CF7
:102790000A030400E20400080A0000006A100000B6
:1027A0000000000000000000B10D0000F0FF4E002E
:1027B0000C0C0C0C0A030400E20400080A000000E0
:1027C0006A10000006000000BC010000C5420000C5
:1027D000314200008945000078000000010000003F
:1027E000394000003F4000004140000080000000F0
:1027F00068000000FB440000F7440000D1440000E2
:1028000067E6096A85AE67BB72F36E3C3AF54FA581
:102810007F520E518C68059BABD9831F19CDE05BAD
:10282000982F8A4291443771CFFBC0B5A5DBB5E93B
:102830005BC25639F111F159A4823F92D55E1CABAF
:1028400098AA07D8015B8312BE853124C37D0C553D
:10285000745DBE72FEB1DE80A706DC9B74F19BC185
:10286000C1699BE48647BEEFC69DC10FCCA10C2475
:102870006F2CE92DAA84744ADCA9B05CDA88F97659
:1028800052513E986DC631A8C82703B0C77F59BFC3
:10289000F30BE0C64791A7D55163CA0667292914EF
:1028A000850AB72738211B2EFC6D2C4D130D38538C
:1028B00054730A65BB0A6A762EC9C281852C72924E
:1028C000A1E8BFA24B661AA8708B4BC2A3516CC77C
:1028D00019E892D1240699D685350EF470A06A10B5
:1028E00016C1A419086C371E4C774827B5BCB03404
:1028F000B30C1C394AAAD84E4FCA9C5BF36F2E68A2
:10290000EE828F746F63A5781478C8840802C78C30
:10291000FAFFBE90EB6C50A4F7A3F9BEF27871C633
:102920000123456789ABCDEFFEDCBA9876543210AF
:10293000F0E1D2C3142030401C2010776C256400D5
:102940002530347800776C25643A20257320257370
:102950002076657273696F6E20257320465749444F
:102960002030312D25780A004E6F76203239203202
:102970003032310032323A34393A30390061702025
:10298000007374612000776D6520003830322E317D
:10299000316420003830322E3131682000726D20D1
:1029A000006361632000616D7064752000616D706B
:1029B00064755F74782000616D7064755F72782053
:1029C00000616D73647572782000616D7364757455
:1029D000782000726164696F5F70777273617665E9
:1029E000200070327020006D6368616E20006466A4
:1029F0007274732000747870777263616368652005
:102A000000737462632D74782000737462632D7296
:102A1000782D3173732000776E6D200062737374AC
:102A200072616E7320006D66702000736165200016
:102A30006964617574682000746B6F2000776C6343
:102A4000006770696F6F757400000000E156010047
:102A500002000080080000003D6F8900E2000000D5
:102A60000100000000000000000000000000000065
:102A70000200000000003131640031316800313162
:102A800075005458204D435320203A0020202564DF
:102A9000282564252529000A202020202020202008
:102AA0003A000000A18789000700800001000000B3
:102AB0000000000000000000000000005258204DFF
:102AC000435320203A006170707300615F7770613A
:102AD00000615F777061690025733A20686F7374D5
:102AE0005F656E61622025640A00627373636667C6
:102AF00000627463006274635F646F735F73746118
:102B000074757300955701000E0000000700000067
:102B1000000000000000000000000000636D005F86
:102B20005F004B5200000000BC580100E0ED88003F
:102B30000000000000000000B0580100000000008C
:102B4000AA580100A4580100000000000000000085
:102B5000805801002C590100885801007FB2000004
:102B60000000000000000000000000000000000065
:102B70000000000000000000000000000000000055
:102B8000000000000000000090580100000000005C
:102B90000000000000000000000000000000000035
:102BA0000000000000000000000000000000000025
:102BB0000000000000000000000000000000000015
:102BC0000000000000000000000000000000000005
:102BD00000000000000000000000000000000000F5
:102BE00001000000B15801000000000000000000DA
:102BF000323032312D31312D32392032323A3432C5
:102C00003A3434000000FF0000000000FF00000024
:102C100000236E000000FFFFF00000000000000035
:102C200000000000434C4D204441544100000C0082
:102C30000200392E31302E33390000000000000030
:102C4000000000000000312E32392E340000000058
:102C5000C4580100C8570100436C6D496D706F7214
:102C6000743A20312E33362E33000000000000006D
:102C700000000000000042726F6164636F6D2D30D0
:102C80002E300000000000000000000000000000E6
:102C900000000000636E7472790064756D705F6986
:102CA0006E666F0013858900000000400800000078
:102CB0000000000000000000000000006576656E66
:102CC0007471006662740000115A01001600000061
:102CD000775A0100180000008F5A01001B00000005
:102CE000275A01001C0000009CEF88000E00000025
:102CF000DA59010033000000DA5901003300000006
:102D0000435A010034000000435A0100340000001F
:102D1000435A0100340000009BEF880001000000CE
:102D2000D05901000A0000009AEF8800010000005D
:102D300003103036373839F4FFDD00010203040692
:102D400007080920252829232A32300B0C42474640
:102D5000333F4043363A3C3B2D3D484A7F5961451D
:102D6000626B6C6F70BFC0C3C4C744F4DD69656D2E
:102D7000000001322124302E46363B2D487F595E1B
:102D80006BBFC74485F4DD01320C35414630363720
:102D9000393A382D3D484A7F5A5F58646EBFC0C7E4
:102DA00044F4DD0001020304060507080920252874
:102DB00029232A32300B0C2E333F404342474636FC
:102DC0003A3C3B2D3D484A7F5659456B6C6F70BF6E
:102DD000C0C3C4C744F4DD01320C35414636373A2E
:102DE000382D3D484A7F5A5F6EBFC0C744F4DD00AE
:102DF00001322124302E463637393B2D487F595E2B
:102E000057636BBFC744859CF4DD696572006C71C4
:102E1000004449524543542D007068790000A404D1
:102E200000400000A40400800080D00420000000C6
:102E3000A404FF010000A40400040004A504FF038F
:102E40002C01A50400E000A0A504001C00000D0456
:102E5000FF0340000D0400700040A204FF03400087
:102E6000A20400700040A804FF000100D004C07F4D
:102E700000000C05FF010000A60400800080A604ED
:102E8000FF01FF009A04FF01FF00F40900800080A9
:102E9000F40900380020F409FF0337009904FF0308
:102EA00078009F0400C000409F04FF039001D704F6
:102EB00008000800D70400700020AC093C00140092
:102EC000F80904000400706B745F66696C746572C5
:102ED000000000000C000000FFFFFFFFFFFFFFFFEE
:102EE000FFFFFFFF70726F745F670070726F745F37
:102EF0006E000000EC5B010007000000070000000E
:102F0000FD5B010006000000010000000000000061
:102F10000000000000000000534145204861736834
:102F200020746F20456C656D656E7420753120507E
:102F30003100534145204861736820746F20456C0F
:102F4000656D656E74207532205032007361655F67
:102F50006D61785F7077655F6C6F6F70007361652E
:102F60005F7077655F686E705F656E61626C65004B
:102F7000405C01002700000007000000585C0100D1
:102F800028000000070000006E5C01002600000021
:102F9000070000000000000000000000000000002A
:102FA0007374665F74656D705F6D696E5F64757470
:102FB000795F6379636C65007374665F74656D70C7
:102FC0005F6D6F6E69746F725F74696D65007374A5
:102FD000665F74656D705F746872657368006964BC
:102FE0007375700074706300747863007761706942
:102FF00000000000000000000000000000000000D1
:10300000600A000080380100736470636D64657647
:103010000000000000000000005D01000000000052
:1030200000000000000000000000000000000000A0
:1030300000000000C5DF800045F6800059F68000E2
:10304000C9DF8000BDDF800089DF800051DD8000A6
:103050000000000055F680000000000000000000A5
:10306000C57C0100A17C01008B7C0100E1F68000A1
:1030700000000000A5F68000F9F68000C1F680008F
:10308000EDF68000000000000000000000000000DD
:103090001588010069880100000000001188010006
:1030A000258C0100F589010059890100000000000C
:1030B0000000000000000000000000000000000010
:1030C000C5890100000000001D1E1C0B80BA8C0188
:1030D00000C20100F20000008100000010000000AA
:1030E000C0AD3A0200C20100EC0000008100000007
:1030F00022000000776C00000000000000000000CB
:1031000000000000C05D01000000000000000000A1
:1031100000000000000000000000000000000000AF
:1031200035E201001D8E8100E9898100298F81002F
:1031300000000000B58C810000000000FD8D8100C2
:10314000000000000000000000000000000000007F
:103150000100030003000600000003000300030059
:103160000E000D000E000E000E00020009000C0003
:103170000A0008000D00010009000C000A00080008
:103180000D00010009000C000A0008000D000100FC
:1031900009000C000A0008000D0001000A000D00E3
:1031A0000B0009000E0002000A000D000B000900D0
:1031B0000E0002000900390016000E000E00050086
:1031C0000900390016000E000E0005000A000D006F
:1031D0000B0009000E0004000A000D000B0009009E
:1031E0000E0002000A000D000B0009000E00020094
:1031F0001400BF00C0001500110005001400BF003E
:10320000C0001500110005001400BF00C00015002B
:10321000110005001400BF00C000150011000500DA
:103220001400BF00C000150011000500090039009E
:1032300016000E000E0005000900390016000E00F1
:103240000E0005001400BF00C000150011000500AD
:103250000900390016000E000E00050009003900B3
:1032600016000E000E0005009600DE00DF001500BF
:10327000110005001400BF00C0001500110005007A
:103280000900390016000E000E0005000900390083
:1032900016000E000E0005000900610016000E0069
:1032A0000E0005000900390016000E000E00050092
:1032B0000C00B600190011001100080009003900C7
:1032C00016000E000E0005000900B60019001100DE
:1032D000110008000900B6001900110011000800D3
:1032E0000900B6001900110011000800090039009A
:1032F00016000E000E0005000900B60019001100AE
:10330000110008000800370016000E000E0005002E
:103310000900B600190011001100080000000000AB
:10332000000000000000000000000000000000009D
:10333000000000000000000000000000000000008D
:10334000000000000000000000000000000000007D
:10335000000000000000000000000000000000006D
:10336000000000000000000000000000000000005D
:10337000000000000000000000000000000000004D
:10338000000000000000000000000000000000003D
:10339000000000000000000000000000000000002D
:1033A000000000000000000000000000000000001D
:1033B000000000000000000000000000000000000D
:1033C00000000000000000000000000000000000FD
:1033D00000000000000000000000000000000000ED
:1033E00000000000000000000000000000000000DD
:1033F00000000000000000000000000000000000CD
:1034000000000000000000000000000000000000BC
:1034100000000000000000000000000000000000AC
:10342000000000000000000000000000000000009C
:10343000000000000000000000000000000000008C
:10344000000000000000000000000000000000007C
:10345000000000000000000000000000000000006C
:10346000000000000000000000000000000000005C
:10347000000000000000000000000000000000004C
:10348000000000000000000000000000000000003C
:10349000000000000000000000000000000000002C
:1034A000000000000000000000000000000000001C
:1034B000000000000000000000000000000000000C
:1034C00000000000000000000000000000000000FC
:1034D00000000000000000000000000000000000EC
:1034E00000000000000000000000000000000000DC
:1034F00000000000000000000000000000000000CC
:1035000000000000000000000000000000000000BB
:1035100000000000000000000000000000000000AB
:10352000000000000000000000000000000000009B
:10353000000000000000000000000000000000008B
:10354000000000000000000000000000000000007B
:10355000000000000000000000000000000000006B
:10356000000000000000000000000000000000005B
:10357000000000000000000000000000000000004B
:10358000000000000000000000000000000000003B
:10359000000000000000000000000000000000002B
:1035A000000000000000000000000000000000001B
:1035B000000000000000000000000000000000000B
:1035C00000000000000000000000000000000000FB
:1035D00000000000000000000000000000000000EB
:1035E00000000000000000000000000000000000DB
:1035F00000000000000000000000000000000000CB
:1036000000000000000000000000000000000000BA
:1036100000000000000000000000000000000000AA
:10362000000000000000000000000000000000009A
:10363000000000000000000000000000000000008A
:10364000000000000000000000000000000000007A
:10365000000000000000000000000000000000006A
:10366000000000000000000000000000000000005A
:10367000000000000000000000000000000000004A
:10368000000000000000000000000000000000003A
:10369000000000000000000000000000000000002A
:1036A000000000000000000000000000000000001A
:1036B000000000000000000000000000000000000A
:1036C00000000000000000000000000000000000FA
:1036D00000000000000000000000000000000000EA
:1036E00000000000000000000000000000000000DA
:1036F00000000000000000000000000000000000CA
:1037000000000000000000000000000000000000B9
:1037100000000000000000000000000000000000A9
:103720000000000000000000000000000000000099
:103730000000000000000000000000000000000089
:103740000000000000000000000000000000000079
:103750000000000000000000000000000000000069
:103760000000000000000000000000000000000059
:103770000000000000000000000000000000000049
:103780000000000000000000000000000000000039
:103790000000000000000000000000000000000029
:1037A0000000000000000000000000000000000019
:1037B0000000000000000000000000000000000009
:1037C00000000000000000000000000000000000F9
:1037D00000000000000000000000000000000000E9
:1037E00000000000000000000000000000000000D9
:1037F00000000000000000000000000000000000C9
:1038000000000000000000000000000000000000B8
:1038100000000000000000000000000000000000A8
:103820000000000000000000000000000000000098
:103830000000000000000000000000000000000088
:103840000000000000000000000000000000000078
:103850000000000000000000000000000000000068
:103860000000000000000000000000000000000058
:103870000000000000000000000000000000000048
:103880000000000000000000000000000000000038
:103890000000000000000000000000000000000028
:1038A0000000000000000000000000000000000018
:1038B0000000000000000000000000000000000008
:1038C00000000000000000000000000000000000F8
:1038D00000000000000000000000000000000000E8
:1038E00000000000000000000000000000000000D8
:1038F00000000000000000000000000000000000C8
:1039000000000000000000000000000000000000B7
:1039100000000000000000000000000000000000A7
:103920000000000000000000000000000000000097
:103930000000000000000000000000000000000087
:103940000000000000000000000000000000000077
:103950000000000000000000000000000000000067
:103960000000000000000000000000000000000057
:103970000000000000000000000000000000000047
:103980000000000000000000000000000000000037
:103990000000000000000000000000000000000027
:1039A0000000000000000000000000000000000017
:1039B0000000000000000000000000000000000007
:1039C00000000000000000000000000000000000F7
:1039D00000000000000000000000000000000000E7
:1039E00000000000000000000000000000000000D7
:1039F0000000000000000000000000002DE9F84376
:103A000005468846FBF33EF200212846FBF382F38D
:103A1000044628466E69AF69F3F3F0F30A2E814637
:103A200016D90F2E16D02846FAF31EF5142E054689
:103A300003D9A36823F00803A360A368142E43F0FE
:103A40000103A36014D9A36843F00803A3600FE047
:103A5000022E0FD92846FAF375F5D4F8A43005469E
:103A600023F0FF0343F00203C4F8A430022303E071
:103A7000012301E0104D3023A268D20707D407F0DC
:103A80001802082A0CBFB5FBF3F54FF4E11507F057
:103A9000030700260BE004F54073B8F1000F05D0D2
:103AA0003002181849462A460023C0470136BE4254
:103AB000F1DBBDE8F88300BF00C63E052DE9F84301
:103AC0001646984604460D46FAF374F5002107465B
:103AD0002046FBF31FF30022814613461349881842
:103AE0004068B0B90C225343CA18CE505560C2F892
:103AF00008802046FBF3C6F1D9F824300C4D1E4354
:103B00002E602046FBF3BEF12B680125C9F8243056
:103B100004E001330C32052BE0D100252046394664
:103B2000FBF3F8F22846BDE8F88300BFBC5F010054
:103B3000E403000038B5124C002148222046F0F37F
:103B400065F4104A012384E80C0000250E491F2269
:103B500004F10C00F0F332F584F82B50F5F31CF36C
:103B60004FF40023A3634FF40003E363074B206388
:103B70002364074B6563DB696564A36038BD00BFE0
:103B80001860010044454247403901001C2B0900E0
:103B9000706001004369142B01DDFAF317B570471B
:103BA000436910B50A2B04460ADD06490122034683
:103BB000FFF784FF20460121BDE8104007F096BAC8
:103BC00010BD00BF89160000C36910B5590704462F
:103BD0000CD5074B00221968FBF3B4F005492046C9
:103BE00010222346BDE81040FFF768BF10BD00BF9C
:103BF0002C040000FDB18000134B13B51360134675
:103C000001E0114C1C600433ADF17C04A342F8D3F5
:103C1000C41C24F003040D4B091B0D48196000233C
:103C200003600C48083903600B4884E80A0003600D
:103C30000A4802600A4802F500520260094A13600D
:103C4000EAF7C6FE44601CBD4B415453F403000028
:103C500014040000480400000460010068600100D2
:103C600010600100F003000008B500211420EAF7FD
:103C7000BDFE054B002118601422F0F3C7F3BDE828
:103C80000840F5F301B100BF300400002DE9F04712
:103C90004D1C2946824605F0A1FB134C206000B361
:103CA0004FEA850948460021EAF7A0FE0F4F8046FB
:103CB00038600F4E68B14A460021F0F3A7F3206840
:103CC0000021F0F33FF73B6800221A603560BDE841
:103CD000F0875046216805F0D5FBC6F80080C4F88F
:103CE0000080BDE8F08700BFF8030000E803000093
:103CF00004040000F0B5184F85B00F21386805F0B6
:103D0000C3FA0F2803903E4624D184200021EAF70D
:103D10006DFE124C2060D0B100218422F0F376F3C6
:103D20000025012304AA42F8043D00950195386856
:103D300021684FF4F06305F0D5FA0130206803D014
:103D40003221ECF751FA05E0EAF7D8FE2560306839
:103D500005F0B8FA05B0F0BD2C04000044040000E2
:103D6000B1F5E06F73B504460E46154606D10369FA
:103D70000091002101911E680A460CE00D4B0022C3
:103D80001868FBF3B9F1014680B12369002200965F
:103D900001921E6820462B46B04738B1064BA06101
:103DA0001A68656122621C60002001E04FF0FF305C
:103DB0007CBD00BF00040000F85F01002DE9F8435E
:103DC00010200C46002191469846EAF70FFE054662
:103DD00020B3144E3068FAF3EDF3099B074623B97C
:103DE000306821464A46FBF387F13068FAF35CF508
:103DF00001238340089AEB60AA600B4AC5F804804F
:103E000011681560094A2960116830680B43136016
:103E10003946FBF37FF10020BDE8F8836FF01A000C
:103E2000BDE8F883000400003C040000100400001A
:103E300013B500210446FBF36DF1174B1860174BC7
:103E400000F5706018606369222B12DDE369580683
:103E50000FD540F6270100222046FAF311F501465E
:103E60002046FBF357F10E4B002118602046FBF370
:103E700051F100204FF4006102460A4B009001907E
:103E8000FFF79CFF28B1012002B0BDE81040F4F319
:103E900077B602B010BD00BF24040000946001009A
:103EA00034040000E9B1800073B5374B374C0193FF
:103EB000374B0021202220461D682669F0F3A6F228
:103EC00001232360334B26611B68E36145F8044CF2
:103ED00000F048FCADF5FE513C390A462E48FFF78C
:103EE0008BFEF4F33DF3F4F3A5F700F073F8FFF75E
:103EF00021FE002006F0D4FD284D294C286007F053
:103F00000FFA2060FFF794FFFFF7AEFE206800F085
:103F100029FB206806F0E8FD224B20681A6802F5AC
:103F200080321A60204B1A6802F580321A601F4BEB
:103F30001A6802F580321A6000F0C0F800221C48AE
:103F40001C49F5F3E7F002221B481C49F5F3E2F0A7
:103F500000221B481B49F5F3DDF000221A491B48DB
:103F6000F5F3D8F02068FFF715FE2068FFF718FE7C
:103F70002068FFF729FE286840F28F11FFF786FEC0
:103F8000FFF7B8FE20687CBDADDEADDE70600100DD
:103F9000945C0100906001008C6A03002C04000016
:103FA00000040000F4030000140400000460010099
:103FB0008DDA8900891900001385890041B48000D9
:103FC000943B010091B680001DB28000973B010038
:103FD0007047000070B5174D2C682CBBB0202146EF
:103FE000EAF704FD286010B32146B022F0F30EF288
:103FF0004FF4806021462E68EAF7F8FCB06028682C
:1040000086681EB9EAF77AFD2E600DE04FF48062F3
:10401000C26021463046F0F3F9F12B68064A20468B
:104020001360064A536170BD4FF0FF3070BD4FF012
:10403000FF3070BDA86001005004000070600100F6
:1040400070B5184C0546236833B9174E33680BB961
:10405000FFF7C0FF33682360206808B300230360C4
:10406000C0F89C304360012380F8A4306B6C0E3B99
:10407000012B03D928460D49FFF7C0FC0C4B9A6869
:1040800012B12268C2F89C3020680123C0F89C302D
:10409000F5F31EF0074808492268F5F33BF0206865
:1040A00070BD00BF50040000A8600100716C0100E9
:1040B00098600100242B870011BE800010B50023FA
:1040C000044610220A49FFF7F9FC00212046FAF3C2
:1040D00065F7002220464FF4A051EDF76DFF054B28
:1040E000002220469A60BDE81040FFF7A9BF00BF3C
:1040F000E5BC80009860010038B504460D4651B11A
:104100001020F5F39FF1044B186020B180E83000D7
:104110004FF4F063836038BDAC600100134B02467E
:104120001B68006810B500F47041DC1E090B042CFC
:1041300008D800F47060000A0E30012313FA00F072
:10414000484310BD072B0CD8002010BD43F48074E9
:104150001461146C013304F07F040134640300190A
:1041600001E0002318468B42F0D110BD501400002E
:1041700003684068181823F00703083398428CBF7F
:104180000020012070470000044B054A1868904247
:104190001ABF00F108021A6000207047A05C0100FD
:1041A000001000002DE9F34190E8480023F00704D7
:1041B000083413F0070202D19D19AC424AD03546AB
:1041C0008068002203E0875C0DF802700132B24281
:1041D000F9D19E18A64204D900293DD0361B951B63
:1041E00000E0002623F00707C7EB030C002204E0E1
:1041F00012F8078000F8028001326245F8D1821877
:10420000002003E01DF8007017540130A842F9D1D6
:104210005B195219E71A002004E013F800C002F8F5
:1042200000C00130B842F8D1002E18DD00AB5D1996
:104230000023EA5CCA540133B342FAD1C918E41826
:104240000022C3F1080302E0A05C885401329A42C4
:10425000FAD104E0104603E04FF0FF3000E0002008
:10426000BDE8FC812DE9F0471C4B1D4C0026C4EB3A
:1042700003081C4B4FEAA80803FB08F8474629E04F
:104280002368D4F808A023F0070900251AF80520B0
:1042900015F809309A4202D00120F4F371F4013587
:1042A000082DF3D12046FFF763FF88B90E4B054672
:1042B00003EBC70A013705EB09031AF805201B7A3F
:1042C0009A4202D00120F4F35BF40135082DF2D1BB
:1042D00001360C344645D3DBBDE8F087901300006F
:1042E00000100000ABAAAAAA00080000144B2DE998
:1042F000F0471B68134D9B68134F03F00F097F1B9A
:104300000123124A03FA09F9BB1002FB03F8002645
:10431000444606E02846FFF72BFF00B9013401367A
:104320000C354645F6DB2246BB104FF0553404FBF6
:10433000032307484946BDE8F047F0F38DB000BFBE
:104340004C1400000010000090130000ABAAAAAAB1
:10435000A93B010041F4003138B5426304460163D2
:10436000652502E00A20F4F355F5236B002B01DBF1
:10437000013DF7D138BD836A43F000438362704743
:10438000836A23F0004383627047F8B58668054668
:1043900001240F4606F00F06FFF7F2FF14FA06F6A7
:1043A000AC62EF62002405E0A1B228460022FFF7CC
:1043B000D1FF0134B442F7DBF8BD00002DE9F04134
:1043C000FFF7E2FE194E1A4BDFF87080194FF61A0C
:1043D000194BC8EB0707002814BF05461D460446C5
:1043E0005D1BFFF783FF47B1002140463A46F0F3DB
:1043F0000DF040463946F4F383F146B100210C48F4
:104400003246F0F303F00A483146F4F379F155B13E
:10441000002120462A46EFF3F9F720462946BDE859
:10442000F041F4F36DB1BDE8F08100BF90130000DE
:10443000001000000008000000100000C50400008B
:10444000424B2DE9F74F1D6841492846FFF79DFF74
:10445000404A414BA968D31A404A9B105A430192E3
:1044600071D0012001F00F0110FA01F18A4201DD43
:10447000F4F386F32846FFF751FE394BA0F1040B05
:104480001A6899460E2A01D8861000E001264FF0DE
:104490000008314C4CE06368013B072B01D8A3684E
:1044A00013B90120F4F36CF32046FFF761FE38B92D
:1044B000FFF76AFE074620B90120F4F361F300E03C
:1044C000002720463946FFF76DFE10B10120F4F3B6
:1044D00057F3DFF87CA0A1682268D9F80030CAEB56
:1044E000010122F00702C9100E2B96BF02EA0B024F
:1044F000324346EA920289B22846FFF72BFFA7B162
:104500002268D9F8003022F00702CAEB070108320E
:10451000C9100E2B98BF02EA0B0289B28CBF32433E
:1045200046EA92022846FFF715FF08F101080C340D
:10453000019B9845AFDB2846FFF71DFF03B0BDE8A0
:10454000F04FFFF78FBE03B0BDE8F08F4C140000B2
:10455000000800009013000000100000ABAAAAAAF7
:10456000501400002DE9F7430446FAF38BF420467B
:1045700000F008FA6B48EAF71DF92046F2F334F62A
:1045800000F578704FF47A730730674FB0FBF3F0A3
:1045900038602046F2F328F6644B654AC318616917
:1045A000B3FBF2F3634A22291360634E634D04DDCB
:1045B000E369580601D5336800E02B6803F5C26350
:1045C0000433D3F800E030682B68222905DDE26966
:1045D000520602D500F5C26201E003F5C262043260
:1045E00012689645F1D0222905DDE269520602D50E
:1045F00000F5C26301E003F5C2630433D3F8008021
:10460000EAF7B8F83168814660692A6810252228DF
:1046100005DDE3695B0602D501F5C26301E002F541
:10462000C26304331B689845F1D0222805DDE36995
:104630005E0602D501F5C26301E002F5C2630433F0
:10464000013DD3F80080E2D1EAF794F83A68C9EB6B
:104650000006B2FA82F39A40191FB2FBF6F2384B09
:1046600001321A604FF47A73A2FB03233548CA4023
:104670000160C1F1200113FA01F08018ECF742FB50
:10468000396804230FE0B5FA85F2B6FA86F0013AEC
:104690008242A8BF0246964095409B18B6FBF1F2B5
:1046A00001FB1266551915F0404FECD0264A1360F5
:1046B000264B40F2FF321D60236A002B244BC8BFFB
:1046C0006FF07F421A606369222B0CDDE3695806A4
:1046D00009D5002040F6270102461E4B00900190AC
:1046E000FFF76CFB05E020461A4920220023FFF764
:1046F000E5F900201849F0F301F5184D286078B16C
:104700000120F4F36DF220462D68F2F36DF5B5FB50
:10471000F0F04FF47A754543114BA5F5FA651D602D
:10472000BDE8FE83E91E0000A45C01003F420F00CB
:1047300040420F00B40300003404000024040000D1
:10474000A8030000AC030000A4030000A0030000C5
:10475000B003000019B980008C85020084040000B9
:10476000800400000D4B00211A6842F010021A600C
:104770001A6822F400721A60094A136843F08073C1
:1047800043F480331360074B07221A6043F8041C7C
:1047900059685A60044B20221A60704714ED00E0FB
:1047A000FCED00E0241000E000E400E070B50446F9
:1047B0000E46FAF367F32046F9F3FCF60546EAF7EE
:1047C0005BFD40F62A0102462046FAF395F4826921
:1047D000436926B142F0004243F0004303E022F077
:1047E000004223F000438261294643612046BDE830
:1047F0007040FAF38FB42DE9F84304461E46904604
:104800000D46FAF33FF32046F9F3D4F6414632461B
:1048100007462046FAF370F42046FAF345F00646C0
:10482000EAF72AFD40F62A0102462046FAF364F42C
:104830004FF00108814685B108FA06F5836933EA2D
:10484000050502D14046E9F787FF01360120B04057
:10485000E9F774FFC9F818500EE0701C08FA06F664
:1048600008FA00F0E9F778FF4046E9F767FFD9F862
:1048700018301E43C9F8186020463946BDE8F84391
:10488000FAF348B4034630B1002000E01046421C61
:104890005B08FBD1704770470346032B10B51046E9
:1048A0000C461DD8FAB1022B0BD0032B14D0012BD0
:1048B00003D0FFF7E7FF0D4B06E0FFF7E3FF0C4BDC
:1048C00002E0FFF7DFFF0B4B186043F8044C5A6817
:1048D00004225A60002010BDFFF7D4FF064BF3E717
:1048E0006FF0010010BD6FF0010010BD241000E05A
:1048F000341000E0441000E0541000E050B1431EBA
:10490000034207D0002300E013465A1C4008FBD1A5
:10491000012098407047000070B5EAF7E3F90446BB
:10492000EAF7DAF9164E241826F4FE4626F0FF06BA
:1049300006F50046A41B1ED00125B4F5004F0FD389
:10494000284631464FF40042FFF7A6FFB0B90135C3
:10495000EDB2042DA4F5004406F50046EDD170BD7E
:1049600020465CB1FFF7CAFF314602462846BDE843
:104970007040FFF791BF4FF0FF3070BD70BD00BFBA
:104980008C6A03002DE9F8430446FAF37BF22046D3
:1049900040F60E010022FAF3AFF30546002838D0A6
:1049A0002046FAF36BF2014618B920460A46F9F39D
:1049B000F5F520462F68D5F80080F9F303F60428B2
:1049C000064605D825D108F4E028B8F5403F20D1A7
:1049D00000205049F0F392F3D8B907F0F0073F09EF
:1049E0000FE0013F072E2F6108D90C2E06D02B6C4B
:1049F00003F44063B3F5406F00D010B1464B012083
:104A00006B61002FEDD1D5F8E83123F01003C5F824
:104A1000E831EAF731FC40F62A0102462046FAF373
:104A20006BF33E4D06462860EAF726FC3146024607
:104A30003B48EFF311F52046F9F3C4F5394B186004
:104A40002B681A6842F080721A601A6842F00202FB
:104A50001A600022C3F8E0216269272A05DDD3F835
:104A6000E02142F04002C3F8E02140F2DD5602E0CE
:104A70000A20F4F3CFF12B68D3F8E0319B0301D483
:104A8000013EF5D100210B4620464FF40062FFF7AE
:104A9000B2FE00210B46204640F61202FFF7ABFEA5
:104AA00000210B46204640F62902FFF7A4FE2046CF
:104AB0000121FFF77BFE00201B49F0F31FF300B339
:104AC0002046F9F377F50646EAF7D6FB40F62A01C9
:104AD00002462046FAF310F3D0F814900746D0F8B7
:104AE00098802046F9F366F50123834043EA0903E1
:104AF0007B6148F00103C7F8983020463146FAF34D
:104B000009F32B681A6A42F003021A62BDE8F843FF
:104B1000FFF702BF97850200FF7F0121B06001000F
:104B2000BB3C0100B8600100A28502000721C0F86B
:104B3000A4114021C0F8A8114FF4F061C0F8C811C9
:104B40001821C0F8CC1108210122C0F8D01106218B
:104B50000A23C0F89C21C0F8B021C0F8DC11C8229B
:104B60001C21C0F89831C0F8B42120231022C0F8CD
:104B7000E0110C21C0F8A031C0F8BC31C0F8C03140
:104B8000C0F8C421C0F8D431C0F8E4110323C0F840
:104B9000E8210421C0F8F0210022C0F8D831C0F883
:104BA000EC11C0F8F421C0F8FC21C0F800327047C5
:104BB00041F2E443984206D144F2F4300B1A5842D1
:104BC00040EB0300704700207047D0F81C1238B546
:104BD000044659B1806804F0D0FB0546D4F81C02A5
:104BE000F4F33CF40023C4F81C3200E00D462846E0
:104BF00038BD7FB50446062384200393F4F31CF4E8
:104C0000C4F81C02B8B100218422EFF3FFF30025A1
:104C10001C23A068D4F81C1203AA0095019504F087
:104C200061FB0646013008D1D4F81C02F4F316F4F7
:104C3000C4F81C5201E04FF0FF36304604B070BD9E
:104C40002DE9F04104460D461646984640F2E937F4
:104C500002E00A20F4F3DEF063691A6D002A04DA38
:104C6000013FF6D13846BDE8F081069A4644360247
:104C7000B2F1807F46F0004603D12A7842F080727C
:104C8000B6181E6540F2E93602E00A20F4F3C2F0DD
:104C900063691B6D002B03DB2B700120BDE8F081E5
:104CA000013EF2D13046BDE8F08100002DE9F0432D
:104CB0008BB01D46DDF848909F4B0846C3F8009026
:104CC00011461746FFF774FF002800F030814FF4BB
:104CD0000B70F4F3B1F30446002800F029810021A1
:104CE0004FF40B72EFF392F3A560C4F814902046D2
:104CF000FFF71CFF914B1E68C4F818621EB136788E
:104D0000003618BF012604F128084046022141223E
:104D1000F0F382F40023009301930293384629466E
:104D20004A46139B06F024FBE060002800F0FA805E
:104D3000F9F338F42060E068F9F344F46769804AD5
:104D40007B68804903F0010383F00103D4F800C0BD
:104D5000002B18BF114684F87A3140F629039C4590
:104D60006060D4F808E0E26807F5007303D110B181
:104D700007F5087701E007F504770097D4F8BC0140
:104D80000190D4F8C0010290D4F8C80103904FF00C
:104D9000FF300490D4F8C40105900820069000204C
:104DA0000790704604F04EFC6062002800F0BA8064
:104DB000D4F81812644FB9B10B78ABB1D7F8B03052
:104DC000984762492246D4F81802F0F32DF3D4F83C
:104DD00018025F49224604F0F1FA2EB12046FFF78F
:104DE00008FF002840F09E8002210A46D7F8B8301C
:104DF000606A984720460021E2682B4600F06EF971
:104E00002061002800F08E8000210B462046514A88
:104E1000F3F336F50023C4F8940184F87D314E484D
:104E2000F5F304F010B3EFF347F5012383404B484B
:104E3000C4F88431F4F3FAF710B1EFF33DF508B19B
:104E4000D4F88401C4F8880145490020F0F356F1F4
:104E5000030CA4F88C31A4F88E013BB1002120464C
:104E6000404A0B46F3F30CF5C4F8900100203E498C
:104E7000F0F344F1012808BF84F822022046F6F33B
:104E800091F4002835D000200125C4F8A40184F84D
:104E90002A523649F0F332F120B184F805523448F1
:104EA000EFF3DAF200203349F0F328F1C0B28DF8C5
:104EB000260068B100F00F004FF080730AA901F8D6
:104EC000020D4FF44072009320460F23FFF7B8FE07
:104ED0000AA9082301F8013D636900221D6F1A67C2
:104EE0004FF0807300932046F023FFF7A9FE63691B
:104EF0001D67214922462148F4F30CF12048F3F3C1
:104F0000ABF7204B04F58472511C1A600332DA604F
:104F1000D4F8F020596004F585719960C3F81080C9
:104F20005A6105E02046F4F399F2002400E00446BB
:104F300020460BB0BDE8F083880400004404000064
:104F4000B9850200CB85020010A7880051E78000D8
:104F5000CDE7800091F08000E08502000A86020023
:104F600002860200EDE68000D5850200C1850200C0
:104F7000E9850200AD85020095E68000E03C010075
:104F8000F9E28000BC60010038B50025044680F8D5
:104F90007951006900F0DEF82046F6F3F5F5E06897
:104FA0002946F9F3F9F2D4F8940128B1F3F3ECF3BC
:104FB000D4F89401F3F312F4D4F8900128B1F3F388
:104FC000E3F3D4F89001F3F309F4E06805F078FF17
:104FD000D4F81C3223B11B7813B12046FFF7F5FD3E
:104FE0002046BDE83840F4F339B210B58469A068B2
:104FF000FFF7CAFFE06805F061FD002010BD00006A
:1050000010B584690021342204F11C00EFF3FEF195
:10501000034BA06863622462F6F32AF3002010BDFC
:1050200091F680002DE9F347274D99462B680646F7
:10503000072B0F46924640DC05F032FD804650209B
:10504000F4F3FAF1044600283AD000215022EFF39D
:10505000DDF12B68A4F8149084E848002761C4F8B7
:105060000C80204641F2E4414A4643468DE88004E4
:10507000FFF71CFEA06010B300200A990B9A134B97
:105080008DE84004FEF79AFE074618B1A068FFF7C6
:105090007BFF12E0A068F6F367F12B68A0610F2197
:1050A0000B4A3046EFF318F2F7730A483146EFF334
:1050B000D3F12B6801332B6002E0002400E00446AA
:1050C0002046BDE8FC8700BFD4600100C1F6800027
:1050D0003386020013860200F4F3C0B12DE9F041DB
:1050E0001B4F98463B780546072B144626D854207C
:1050F000F4F3A2F1064610B300215422EFF386F137
:105100003B78002286F8443001333B700123B460C1
:1051100086E82001A6F84C20A6F85020A6F84E20DC
:10512000A6F85220B3640420F4F386F104463064F8
:1051300040B100210422EFF369F100E0002630467F
:10514000BDE8F0813046F4F389F12646F7E700BF69
:10515000D8600100C26B1AB100235362826B5362A4
:10516000C068FFF7B9BF0000054A064BD17E197031
:10517000117F5970517F9970927FDA70704700BF2C
:105180008C6A0300906001002DE9F04F8FB0E9F7C1
:10519000A9FD474E474D3368049005932B68B3F53E
:1051A000805F00F28180444F44493868EFF3A6F7EE
:1051B00001287AD02B68DFF81C910393D9F80030CE
:1051C00000240693DFF810812368DFF810A107930D
:1051D000D8F80030DFF808B10893DAF80030384A20
:1051E0000993DBF80030D7F800C00A93354B1268FA
:1051F00019680C920B913449301D0968039A0D917E
:105200006146CDF808C00193EFF37CF021462A688F
:105210003868EFF3FBF02D4A019BCAF800202849BB
:10522000294A04981C6014600C604FF0FF32311A58
:105230003C60C9F800402C60C8F80040CBF8004042
:10524000EFF38CF70599019BCA439042DDF808C043
:1052500029D1039A06992A60C9F8001021681C4ACE
:10526000C7F800C01160079A08992260099AC8F827
:105270000010CAF800200A990B9ACBF800101A60A7
:105280000F490C9B039A0B600D9B0F4960460B6006
:10529000311DEFF337F02A68301D21460FB0BDE80D
:1052A000F04FEFF3B3B0FEE7FEE70FB0BDE8F08FCD
:1052B0008C6A03009C5C0100985C010082860200FD
:1052C0004C1400004814000050140000DDBAADBBBF
:1052D00038140000945C01004414000034140000F1
:1052E0004014000070470000774B2DE9F04F1B6819
:1052F00091B0043B012B03D8744B1868FFF7F2FF01
:10530000FEF7D2FD00210446F9F334F720460021D0
:10531000F9F300F7054658B12046F9F3B3F52B6AC7
:10532000002B05DA2046F9F3ADF54FF000432B6270
:10533000E9F7CBFF2046F9F3CBF00EA90822EFF3F3
:10534000F1F202462046D4F840B00B92F9F38CF00B
:1053500082462046F9F388F081462046F9F384F02E
:1053600080462046F9F3EEF007462046F9F3EAF0CE
:1053700006462046F9F3E6F005462046F1F334F7F9
:10538000014620460C91F1F32FF784462046CDF8D4
:1053900034C0F1F329F70B9A0C99DDF834C002926E
:1053A00008F542484A4A05F5424500F542400AF5EB
:1053B000424A09F5424908F5A87807F5424706F53B
:1053C000424605F5A87501F542410CF5424C00F541
:1053D000A870B8FBF2F8B5FBF2F50CF5A87CB0FBB1
:1053E000F2F00AF5A87A09F5A87907F5A87706F585
:1053F000A87601F5A871B1FBF2F1DFF8F8E0BAFB8D
:10540000F2FA02FB1899B7FBF2F702FB156602FBF2
:1054100010C2CDF804E0DFF8E0E02E4BB2FBFEF264
:10542000B9FBFEF9B6FBFEF6089109922A492B4A10
:105430002B480093CDF80CB0CDF810A0CDF8149007
:1054400006970796EFF308F0264840F60D0144F260
:10545000F432FEF785FC38B1224840F6290144F2C7
:10546000F432FEF77DFC20B91F4A204B1D4D1A6017
:1054700000E00025204605F01BFE44F218334FF6ED
:10548000FF72904214BF02461A4640F612011848B5
:10549000FEF766FC1649002818BF00214DB141B146
:1054A000124B28461B685B6898472B6928465B6847
:1054B00098472046F9F3E6F42946FEF71DFE2046FC
:1054C00011B0BDE8F08F00BF501400004C14000074
:1054D00040420F007D8602003F8602007E86020069
:1054E00044860200A85C0100D45C01008C0400002A
:1054F000945D010040390100A08601000846704714
:105500002DE9F04FD1F8FC3091B00B9303F56063B7
:105510000446099371E10E22002320460BA9E8F30B
:10552000DBF50F280746204602D1E8F373F56CE15E
:1055300000220BA91346E8F3CFF510F00E0F40F050
:1055400061818B4E3A0D3E4040F23B43360A00F4F7
:10555000F8789A4208924FEA181804D140F6FF737F
:105560009E4200F04A8100F478534FEA532B002BFF
:1055700000F0438100F4F82A00F47803DB0C4FEAD2
:105580009A3A13EB0A02079325D140F267339E4201
:1055900014D10CAB01930DAB02930EAB03930FAB85
:1055A000049320460BA913460092E8F335F5002832
:1055B00000F023810C9BC4F858331EE140F2DC5309
:1055C0009E4208D040F20B539E4204D040F627037F
:1055D0009E4240F01281D4F8D050314605F1B60316
:1055E00044F8237005F1C60344F823002046FFF772
:1055F00085FF04EB8503C3F8D40000270BE00122EC
:1056000020460BA91346E8F367F500F00E000228C8
:1056100040F0F88001374745F1D10CAB01930DAB59
:1056200002930EAB002703930FAB049320460BA904
:105630003A463B460097E8F3EFF420B1B94627E03D
:105640004FF0010900E08146402300930CAB019329
:105650000DAB02930EAB039300220FAB04932046D5
:105660000BA91346E8F3D8F40028E9D1B9F1010FEA
:105670000ED00D9B002B40F0C5800F9B002B40F0FF
:10568000C1800E9AB2F5805F40F0BC809946DBE79E
:105690000C9A04EB8503C3F814210E9A0127C3F872
:1056A000D4210CAB01930DAB02930EAB03930FAB64
:1056B0000022049320460BA93B460092E8F3ACF489
:1056C00060B1012F0AD10E9BB3F5805F06D10C9912
:1056D00004EB8502C2F89411C2F814320137002895
:1056E000DFD137464FF001082E4617E00025002392
:1056F00000930CAB01930DAB02930EAB03930FAB76
:10570000049320460BA942462B46E8F385F408B1E2
:105710000135ECE7002D75D008F10108D845E5D139
:1057200035463E4600271FE0C02300930CAB019393
:105730000DAB02930EAB03930FAB049320460BA962
:105740003A460023E8F368F400285BD00F9B002B57
:1057500058D10E9BB3F5805F54D127B90C9A05F14F
:10576000A60344F8232001375745DDD1002739E04F
:1057700000FF0F00802300930CAB01930DAB02934D
:105780000EAB03930FABBBF1010F0CBF3A467A1C73
:105790000493204600230BA9E8F33EF4089A40F254
:1057A0003B439A420DD140F235139E4209D1D4F8C1
:1057B00070330C9904EB83020133C2F87413C4F8FC
:1057C0007033F8B10F9BEBB90E9BB3F5805F19D125
:1057D000BAF1000F05D127B90C9A05F1A60344F8D8
:1057E00023200137079B9F42C4D1B9F1000F04D198
:1057F000D4F8D0300133C4F8D0300B9B099A9342CF
:10580000FFF489AE0023C4F8D03011B0BDE8F08FAA
:1058100010B5D0F87023002306E0D0F870134FF4D1
:105820004C74C1F80049013304309342F5D110BDE6
:105830002DE9F84300270446154699460E46B8461A
:1058400009E0304600210422EEF3E0F50137C6F806
:105850000080B04676194F45F3DBC4F80080BDE800
:10586000F88370B50D460446D8B1D1B10E68C6B103
:10587000B389CBB9738A03F00303012B03D1F06919
:1058800008B1F3F3EBF5738A201D23F00403738250
:105890003146EDF361F723890020013B2381286025
:1058A00070BD6FF0010070BD6FF00F0070BD2DE98D
:1058B000F74F0C9F019116469A46DDF834B0BDF8BB
:1058C00038900546002857D00F9B002B54D0002954
:1058D00052D0002A50D0BBF1000F4DD09BF80030C1
:1058E000002B49D000F104084046EDF341F704468F
:1058F000002844D0B9F1010F0BD157B906FB0AF0CB
:10590000F3F39AF5074638B940462146EDF324F7FC
:1059100035E04FF0000800E08046002124222046B8
:10592000EEF374F5019B0822A360638A204623F0FE
:10593000030349EA030343F0040363825946EEF389
:105940003DF60023B9F1010FE3710CD1A4F814A0C6
:10595000C4F81C80A66104F1200039463246534643
:10596000FFF766FF01E0EB6863612B8900200133DC
:105970002B810F9B1C6004E06FF0010001E06FF0D1
:105980001A00BDE8FE8F2DE9F84307460E4615467E
:10599000002A2DD000282BD0002929DD1020F3F378
:1059A0004BF5044640B300211022EEF32FF5E760DB
:1059B000242707FB06F966814846F3F33DF5804648
:1059C00030B92046F3F34AF56FF01A00BDE8F883CA
:1059D00000214A46EEF31AF5204640F8048B414672
:1059E0003A463346FFF724FF2C600020BDE8F883D9
:1059F0006FF00100BDE8F8836FF01A00BDE8F8838E
:105A000070B5064660B1046854B125895DB9206857
:105A1000F3F324F52046F3F321F53560284670BDF5
:105A20006FF0010070BD6FF00F0070BDFFF719BF80
:105A30001FB50024019203930A4623460094029462
:105A4000FFF735FF04B010BDFFF70BBF51B10329BD
:105A500002D80423136003E0033121F00301116035
:105A6000002070476FF0010070472DE9F04186B0CB
:105A700005460C461E46DDF83080174612B31BB1B2
:105A8000B8F1000F03D11DE0B8F1000F1AD128467C
:105A9000214605AAFFF7DAFFB0B92EB1059B7B437B
:105AA00098450FD3B3070DD10D9B284601930123D1
:105AB00002930E9B21460393059A3B460096FFF7FF
:105AC000F6FE01E06FF0010006B0BDE8F08110B510
:105AD000044690B1C36823B1406804F10C01FFF79C
:105AE000A5FFA36823B1606804F10801FFF79EFFDA
:105AF0002046BDE81040F3F3B1B410BD2DE9FF41DD
:105B0000074610200D4616469846F3F395F40446D2
:105B1000F8B100211022EEF379F4124A2760656093
:105B2000019204F108020023029228460C21324619
:105B30000093FFF79AFF034658B90B4A0090019271
:105B400004F10C02029228460C214246FFF78DFF19
:105B500018B12046FFF7BBFF0024204604B0BDE883
:105B6000F08100BF9086020088860200FFF7AFBF79
:105B700080697047008A400070470000808ACB69C6
:105B8000B2FBF0F300FB1322D2B242F000421B063C
:105B900042EA13438B61002300E001338869094A1C
:105BA000002802DA9342F8D106E0934204D0C30001
:105BB00005D4C0F3407070474FF6FF7070474FF642
:105BC000FF7070478096980010B584680023646960
:105BD0004B61302CC4BFD1F8F43003F47E03C1F81C
:105BE000F430BDE81040FFF7C9BF2DE9F0410024B3
:105BF00080460F461601254640463946AA19FFF74A
:105C0000E3FF4FF6FF73984206D0A84001350443E6
:105C1000102DA4B2F0D100E004462046BDE8F0818A
:105C2000BF230B80FF2313807047013906291DD83D
:105C3000DFE801F0040A1C1C101C1700202343821B
:105C400040238382802310E04023438283824FF4E9
:105C500080730AE060234382402383824FF4C07341
:105C600003E0102343824023838203820020704795
:105C700001390A2919D8DFE801F006080A0C0E18C4
:105C800010181818130040230CE060230AE080234A
:105C900008E0A02306E0C02304E04FF4807301E095
:105CA0004FF4C073438220238382838A428A534302
:105CB0001B110382002070476FF01600704770B50B
:105CC0000446058A8068F8F375F400210646A0684A
:105CD000F9F320F2A2685369222B05DDC36C9B0502
:105CE0009B0D0733DB08A38510463146F9F312F20A
:105CF000A38D6D00E81A023870BD70B50446806847
:105D00000D461646F9F394F030B120462946324646
:105D1000BDE87040FFF769BF06F5806635F81600EC
:105D200080B270BDF8B50446806816460F46F8F399
:105D300041F400210546A068F9F3ECF13A4601462A
:105D40002046FFF7DAFF29463080A068F9F3E2F138
:105D50000020F8BD01392DE9F84F044691461E4652
:105D60000E2971D8DFE801F00818702870707034BF
:105D70007070707070703B0090F82E20838B0AB1A9
:105D8000C58C00E0C58BED1AA369D9052ED5336803
:105D9000AB4233D3A78B36E090F82E20038C0AB1A8
:105DA000C58C00E0458CED1AA3699A051ED53368B1
:105DB000AB4223D3278C26E083694FF0020513F40E
:105DC000806F13D03368012B18D9876A02371AE025
:105DD000878CC58C8369ED1B13F4006F05E0878BFE
:105DE000C58C8369ED1B13F4407F04D135606FF0DF
:105DF0001D00BDE8F88F3368AB4204D235606FF008
:105E00000D00BDE8F88FA068F8F3D4F300218346B5
:105E1000A068F9F37FF14FF00008824609E008EB33
:105E2000070220465146FFF768FF08F1010829F8EC
:105E3000020BA845F3D1A0685946F9F36BF1C6F8F7
:105E400000800020BDE8F88F6FF00100BDE8F88FFA
:105E500073B50023ADF80430ADF80630836804460E
:105E60005B690D46272B05DDCB691B051B0D1B113F
:105E7000043B06E01B2B06D84FF492629A4002D5F1
:105E80000C2383620EE0242B01D0272B04D1238A1C
:105E90007F2B05D80C2304E0172B01D0182B01DD34
:105EA0001423A362EB6903F4E023B3F5803F0ED023
:105EB0004FF00443AB61002300E00133AA69002ADC
:105EC0002E4A02DA9342F8D157E0934255D02B691B
:105ED000A26AA361033220462946FFF70EFF284B32
:105EE000A269000903401343A36103F44073002235
:105EF000B3F5407F84F82E2002D1012384F82E30A0
:105F0000A36A0DF106020433A383238A2046E383A8
:105F1000E38401A9FFF784FEBDF80620BDF8043034
:105F2000D61AB6B216B1E3836384A284A369DB05F3
:105F30000AD520462946A26AFFF7DFFE000980B293
:105F400000B1E083E38B00E0A38B2384AEB920464D
:105F5000FFF7B5FEA36900EBD07040106084980590
:105F600009D5A26A204629460132FFF7C6FE00097C
:105F70006084A08401E0238CA3847CBD809698007B
:105F800000FFFF00F8B543690546152B01D0162B1D
:105F90003CDD2846F8F340F70646002836D128466F
:105FA000F8F33CF7002833D02846F8F303F33146E2
:105FB00007462846F9F3AEF00646EAF7FDF86B69A6
:105FC0000446302B04DDF16901F47041090B03E054
:105FD000A96901F46011C90C91B1F36903F4E023DC
:105FE0001B0C012B03D12046FFF742FE03E013B93F
:105FF0002046FFF71AFE20463146FFF729FF00E052
:106000000C4628463946F9F385F002E0002400E00A
:1060100004462046F8BD08B54368DB68984708BDCC
:1060200008B543681B68984708BD73B50026044649
:106030000196EAF7C1F84C2231460546EEF3E6F147
:106040006369152B2B6001D0162B02D9EAF7B8F83B
:1060500068606B68D3B1AC602046F8F313F7E86072
:106060002046F8F3DBF6064620B92046012101AAB6
:10607000F8F30AF76B6820461B699847054636B95E
:106080002046314601AAF8F3FFF600E01D462846F7
:106090007CBD2DE9F7439946002304460F46904600
:1060A0000193F8F3BBF6054620B92046012101AA69
:1060B000F8F3EAF62046F8F3B1F678B12046F8F3A3
:1060C000ABF658B92046FFF7B0FF50B143683946E8
:1060D0005E6942464B46B047064604E06FF018063C
:1060E00001E04FF0FF3625B92046294601AAF8F312
:1060F000CBF63046BDE8FE838260416001607047A8
:106100002DE9F041541A012C0F461E46069D0EDD66
:106110002046F3F391F1804670B139462246EEF302
:10612000F1F0C6F8008000202C60BDE8F08100206E
:1061300018602860BDE8F0816FF01A00BDE8F081BA
:106140000EB4F3B581680446012945D908AB40680F
:10615000079A0193EEF3A8F2431C064603D0A36806
:10616000023B984202DD0020A06036E060683D21DD
:10617000EEF3CAF140B367682568C71B21E02846E3
:106180003A46EEF3ABF0B0B9EB5D3D2B13D12846A8
:10619000EEF3E8F16268471C731CDB1B521BE91924
:1061A000D2182846EEF30EF16368DB1B6360A36828
:1061B000DF19A76008E02B4613F8012B1D46002AC3
:1061C000FAD161688D42DAD3A368701C1B1AA360F0
:1061D00063681B18636000E00020BDE8FC4003B06A
:1061E000704700002DE9F04FBBB01A9019911B9237
:1061F0001893002B02F01C874FF48050F3F31CF12E
:106200001290002802F0148737A812994FF4805298
:10621000FFF772FF00214FF480521298EEF3F6F070
:10622000189A1168D9B10B78CBB1449A1368022B34
:1062300003D814E0013A026000E0449802688B1829
:1062400013F8014C1CB913F8023C002BF2D0129841
:10625000EEF358F04499389A0B68D318389300231A
:106260008DF89C304FF0FF32159313930123119258
:10627000169302F0A8BE1999012251F8046B00236D
:10628000199117921493179949B1F25C5F1C1092FF
:10629000013AD2B2FD2A0FD8F55D9F1C0DE0F15CEA
:1062A0004A1ED2B2FD2A109103D880220D461092C8
:1062B00000E0179D5F1C00E000257B19B3F5607FAF
:1062C00082F27E86109B202B28D005D8152B0BD070
:1062D0001B2B42F0708664E01099222935D030D310
:1062E000802942F0688667E0F3195A78F35D12025C
:1062F000D318072B12DDBC1C34192246E14937A8FC
:10630000FFF71EFF2046EEF32DF1FA1C1218DE49AE
:1063100037A8B218FFF714FF02F04DBEF4196278E7
:10632000F35D1202D21837A8D849FFF709FFE378C6
:10633000A2781B0237A8D6499A18FFF701FF02F08E
:106340003ABEF25D149202F036BE149B0C2B02F0A2
:106350002D869DF89C30002B42F02D86F35D042B9A
:1063600042F0298607F1020806EB08042046EEF306
:10637000B9F6002842F01F8616F80830DB0702F154
:106380001A8627A92046EEF325F31199013142F030
:106390001286F3199A79DB791202D318119302F05D
:1063A0000ABEF319DA799B7937A8BA4943EA02227F
:1063B000FFF7C6FE02F0FFBDF35DF4198F2B02F26A
:1063C000FA8501A252F823F0399301006B93010082
:1063D0005594010015990100F19A0100D59801002A
:1063E00053980100719801007B940100199B0100F2
:1063F0008D9B0100B59B0100C99B010057BC0100AA
:106400003B9A0100BB980100F7970100619C0100D5
:10641000A19C01004B930100E19C0100EF9C010055
:10642000119D01001F9D010017930100D9920100E9
:1064300057BC0100FD9401002D9D01001195010044
:1064400057BC010057BC010057BC0100439D01002F
:10645000879D01009B9D0100BD9E010081A0010060
:1064600057BC010057BC010025A20100C9920100E0
:10647000B9920100A99201009FA30100B3A30100FA
:10648000C7A30100DBA3010057BC0100E99B010089
:10649000EF94010057BC010057BC0100ED930100CF
:1064A000A7A60100EFA301006B9D0100799D0100EB
:1064B000B5A601001DB4010057BC010057BC010086
:1064C00057BC010057BC01001D95010047A4010005
:1064D00071A40100B3A40100F1A401002FA50100E3
:1064E0006DA50100ABA50100E9A50100FDA5010016
:1064F00057BC0100C595010057BC010057BC010005
:1065000057BC0100D79701003195010057BC01002D
:1065100057BC010057BC010057BC010071B4010019
:1065200057BC01000B9801002BA70100FBA701003D
:1065300051A901003BAA010025AB01005FAB01009E
:10654000E7AB010035AC010043AD0100CDAE010069
:1065500079AF010025B001008FB401007B960100E6
:106560003B97010071B00100ADB10100B9B201006B
:10657000C5B30100D5B40100AFB60100E7B4010016
:1065800005B5010023B5010041B5010053B5010077
:1065900065B5010077B5010089B50100F3B50100CB
:1065A000FFB501000BB601002FBC010057BC010074
:1065B00057BC010057BC010057BC010057BC01008B
:1065C00057BC010057BC010057BC010057BC01007B
:1065D00011A6010085A6010057BC010057BC0100AF
:1065E00001B7010069B70100EFB7010075B80100FC
:1065F000A1B90100B3B90100BFB90100E9B90100B7
:10660000E1BA0100D9BB01004FEA950A5FFA8AFAA4
:106610004FF0000801F03CB84FEA55095FFA89F9DC
:106620004FF0000801F005B84FEA55095FFA89F903
:106630004FF0000800F0EBBF07F1010806EB08047B
:106640002046EEF34FF5002842F0B58416F80830E6
:10665000D80702F1B084204627A9EEF3BBF1119BC5
:10666000013342F0A884F3195A799B791202D318A6
:10667000119302F0A0BCA37862781B029A181192C1
:1066800002F099BCDE93020005890200378F0200F8
:10669000748A020043920200647837A8A549224612
:1066A0001694FFF74DFD02F086BCE37822791B04B7
:1066B00043EA0263627837A81343A2789E4943EA0B
:1066C0000222FFF73DFD02F076BCA2786378120249
:1066D000D2189A4937A8FFF733FD2279E3781202DE
:1066E00037A89749D218FFF72BFD062D42F2638495
:1066F000A2796379120237A89249D218FFF720FDD8
:10670000082D42F25884237AE2791B0237A88E4979
:106710009A18FFF715FD0A2D42F24D8407F10A0879
:1067200007F1090416F80820335D1202D21837A8C1
:106730008649FFF705FD16F80830325D1B0237A8C1
:1067400083499A18FFF7FCFC02F035BC814B062206
:10675000B5FBF2F21A704FF00008994624E0434668
:1067600010217D4A1DA8EDF3B7F6434610217B4A60
:106770002FA8EDF3B1F66378A2781DA943EA0222AF
:1067800037A8FFF7DDFC6379A2791B0443EA0263B3
:10679000E27837A8134322792FA943EA0222FFF7B0
:1067A000CFFC08F10108063499F800309845D6DB93
:1067B00002F001BC022D06D137A869496278FFF7C3
:1067C000BFFC02F0F8BBA37862781B0237A86449CB
:1067D0009A18FFF7B5FC02F0EEBBA27863781202BC
:1067E000042D1A4405D92379E1781B0609045B18A6
:1067F0001A4337A85B49FFF7A3FC062D42F2DB835F
:10680000F3199A7959791202082D0A4405D9197A8F
:10681000DB7909061B04C9180A4337A85249FFF758
:106820008FFC0A2D42F2C783F3199A7A597A120221
:106830000C2D0A4405D9197BDB7A09061B04C918FB
:106840000A4337A84949FFF77BFC02F0B4BB37A8DD
:1068500047496278FFF774FC02F0ADBBA378627819
:106860001B0237A83A499A18FFF76AFC02F0A3BB4B
:1068700001350021EDB2179102F09DBBA37862783B
:1068800037A83C4942EA0322FFF75AFC02F093BBC7
:1068900094F803A023794FEA0A4A4AEA036A637824
:1068A000B5F1050B4AEA030A48BFA5F1020BA3782C
:1068B0004FEAAB0B4AEA032A5FFA8BFB4FF0000862
:1068C00024E043441021244A2FA8EDF305F699F85B
:1068D000003010214344214A1DA8EDF3FDF5524636
:1068E0002FA937A8FFF72CFCE37822791B0443EA91
:1068F0000263627837A81343A2781DA943EA0222F3
:10690000FFF71EFC0AF1040A08F10108DFF84490C1
:106910000434D84599F80030D3DB9B4489F800B0A3
:1069200002F049BB0B4BEA081A704FF00008994679
:106930004DE000BF2C94020034900200628D0200F2
:106940005A9402008E8A02008D870200889002000D
:10695000FF8F020028610100003E01000B3E010094
:106960001F930200D98D0200238A0200348A02009C
:10697000298B0200AF8D020043461021B14A1DA8A9
:10698000EDF3AAF543461021AF4A2FA8EDF3A4F585
:10699000E37822791B0443EA026362781DA913435A
:1069A000A27837A843EA0222FFF7CAFBE379227AEA
:1069B0001B0443EA0263627937A81343A2792FA923
:1069C00043EA0222FFF7BCFB08F10108083499F8FA
:1069D00000309845D0DB02F0EEBA94F803A023799A
:1069E0004FEA0A4A4AEA036A6378B5F1050B4AEAB4
:1069F000030A48BF05F1020BA3784FEAEB0B4AEA02
:106A0000032A5FFA8BFB4FF000083BE04344102160
:106A10008C4A2FA8EDF360F599F80030102143441B
:106A20008A4A1DA8EDF358F599F800301021434427
:106A3000874A33A8EDF350F552462FA937A8FFF740
:106A40007FFBE379227A1B0443EA0263627933A96C
:106A50001343A27937A843EA0222FFF771FBE37AD6
:106A6000227B1B0443EA0263627A37A81343A27AAB
:106A70001DA943EA0222FFF763FB0AF1080A08F1A5
:106A800001080834DFF8CC91D84599F80030BDDB17
:106A90009B4489F800B002F08EBA6E4B0C22B5FB15
:106AA000F2F21A704FF0000899463EE0434610217A
:106AB000644A33A8EDF310F543461021634A1DA83C
:106AC000EDF30AF543461021614A2FA8EDF304F5D2
:106AD000E37822791B0443EA0263627833A9134303
:106AE000A27837A843EA0222FFF72AFBE379227A49
:106AF0001B0443EA026362792FA91343A27937A8E2
:106B000043EA0222FFF71CFBE37A227B1B0443EAE1
:106B10000263627A37A81343A27A1DA943EA0222CC
:106B2000FFF70EFB08F101080C3499F80030984586
:106B3000BCDB02F040BAE37822791B0443EA02632B
:106B4000627837A81343A278434943EA0222FFF749
:106B5000F7FA02F030BAA378627837A83F4942EAE0
:106B60000322FFF7EDFA02F026BA4FF00509B5FB54
:106B7000F9F95FFA89F94FF0000816E063781021FF
:106B8000374A2FA8EDF3A8F4237962791B0443EA6E
:106B90000263A27837A81343E2782FA943EA0222BE
:106BA000FFF7CEFA08F101080534C845E6DB02F02C
:106BB00002BA37A82B496278FFF7C2FA022D42F2D7
:106BC000FA8137A82849A278FFF7BAFA02F0F3B998
:106BD000002237A825496378FFF7B2FA022D42F266
:106BE0002D82012237A82149A378FFF7A9FA032DA6
:106BF00002F02482022237A81C49E378FFF7A0FAAA
:106C0000042D02F0D681032237A818492379FFF713
:106C100097FA0122139202F0CEB9627837A812498E
:106C2000FFF78EFA37A811490122A378FFF788FAF7
:106C300002F0C1B937A80E496278FFF781FA02F075
:106C4000BAB900BF003E01000B3E0100163E010034
:106C5000223E0100286101004587020029900200C0
:106C60002E3E01006A8A0200319102009C870200D8
:106C70005A8B0200AB1E0E2B02F29D8101A151F82E
:106C800023F000BF6199010057BC010057BC01000F
:106C900057BC010057BC0100D9990100A799010018
:106CA000879901006F99010057BC010057BC010092
:106CB000D9990100A7990100879901006F990100F6
:106CC00037A8A9496278FFF73BFA02F074B937A8F0
:106CD000A649627AFFF734FA0C2D8CBF4FF00908F1
:106CE0004FF0000801E04FF00008F31937A89E4963
:106CF0001A7AFFF725FA0C2D07D9B8F1000F08BF53
:106D00004FF0080801E04FF0000807F10709984923
:106D100016F8092037A8FFF713FA002237A895497B
:106D200016F80930FFF70CFA0C2D07D9B8F1000F4F
:106D300008BF4FF0070801E04FF000084FF00009CE
:106D4000A27863788C491202494437A8D21809F115
:106D50000909FFF7F5F90234B9F11B0FF0D10C2D39
:106D600042F22981B8F1000F08BF4FF00608834CAA
:106D7000B844B04404F1240998F8022098F801308E
:106D80001202214637A8D2180C34FFF7D9F94C4526
:106D900008F10208F0D102F00EB9142D19D0172D08
:106DA00003D0132D42F0078119E006EB0708744960
:106DB00098F8162037A8FFF7C3F9724998F81520FC
:106DC00037A8FFF7BDF937A86F4998F81420FFF7E7
:106DD000B7F9F31937A86D49DA7CFFF7B1F9A9467D
:106DE000A2464FF000082546AA786B78684912023F
:106DF000414437A8D21808F10908FFF7A1F9023574
:106E0000B8F11B0FF0D14D464FF00008227AE3791C
:106E100060491202414437A8D21808F10B08FFF765
:106E20008FF90234B8F1210FF0D100249AF80E2026
:106E30009AF80D3058491202091937A8D2180B34A4
:106E4000FFF77EF9212C0AF1020AEFD102F0B3B864
:106E5000E1786278A3780091217937A8019161796E
:106E60000291A1790391E1790491217A05914B492D
:106E7000FFF766F902F09FB8A9464FF000082546D3
:106E800015F8013FFF2B04D037A845494246FFF7CC
:106E900057F908F10108B8F1040FF1D1B9F10C0F5D
:106EA0004D4642F2888004EB08035B78FF2B04D048
:106EB00037A83B494246FFF743F908F10108B8F10A
:106EC0000C0FF0D1102D42F2768004EB08035B78B2
:106ED000FF2B04D037A832494246FFF731F908F1B9
:106EE0000108B8F1100FF0D102F065B8627837A848
:106EF0000AB1A3781BB92B49FFF722F902E02A490E
:106F0000FFF71EF9F31937A82849DA78FFF718F9BF
:106F100002F051B8A378627837A8254942EA0322E3
:106F2000FFF70EF902F047B8E37822791B0443EA31
:106F30000263627837A81343A2781E4943EA02220B
:106F4000FFF7FEF802F037B837A81B496278FFF761
:106F5000F7F8022D42F22F8037A81849A278FFF7E0
:106F6000EFF802F028B800BF368E0200D38E020080
:106F70009B9302004A890200D38B0200B38F020068
:106F8000BD8D0200E6900200E7860200C68B02007B
:106F9000E98D020096900200B7860200A6870200E3
:106FA000458A02003992020084950200A78C0200F3
:106FB0003C8D0200CB870200A7940200E8940200F7
:106FC0007C1C325D37A8764902F00F02FFF7B8F853
:106FD000325D37A81209BC1C7249FFF7B1F8325D67
:106FE00037A8714902F00702FFF7AAF8325D37A807
:106FF000D2086E4902F00302FFF7A2F801F0DBBFEE
:107000007C1C325D37A86A4902F00F02FFF798F83E
:10701000325D37A81209BC1C6649FFF791F8325D52
:1070200037A8654902F00702FFF78AF8325D37A8F2
:10703000D208624902F00302FFF782F801F0BBBFF9
:1070400037A85F496278FFF77BF801F0B4BF627838
:1070500037A85C49FFF774F8A27837A85A49FFF7B8
:107060006FF837A85949E278FFF76AF801F0A3BF33
:1070700037A857496278FFF763F801F09CBF37A83B
:1070800054496278FFF75CF801F095BFA278637805
:10709000120637A8504942EA0322FFF751F801F0DF
:1070A0008ABF627837A84D49FFF74AF8A27837A817
:1070B0004B49FFF745F82379E2781B0237A8494985
:1070C0009A18FFF73DF801F076BF37A84649627875
:1070D000FFF736F801F06FBF37A844496278FFF731
:1070E0002FF801F068BFA37862781B0237A84049E7
:1070F0009A18FFF725F801F05EBF94F802806378D4
:107100004FEA082898441FFA88F83A494FEAD822EB
:1071100037A8FFF715F808F4E062120A364937A8D5
:10712000FFF70EF808F0F802D208344937A8FFF745
:1071300007F808F006025208314937A8FFF700F8AF
:1071400037A8304908F00102FEF7FAFF042D41F29A
:1071500032872379E4781B021C19A4B2E20A37A80B
:107160002949FEF7EDFF04F4E062120A37A8274927
:10717000FEF7E6FF04F0F802D20837A82449FEF72C
:10718000DFFF04F00602520837A82249FEF7D8FFB5
:1071900037A8214904F00102FEF7D2FF01F00BBF2E
:1071A000F487020042880200C68E0200398802007D
:1071B000BF94020038870200558C0200438E020003
:1071C00093920200E6930200478D0200D4930200DE
:1071D000B7930200E78E0200AC8E0200048E02001C
:1071E000CC8D02000E900200438F0200F294020048
:1071F0009B8C0200F5880200CC9402006D8702008F
:10720000E4880200D994020076920200888B020082
:10721000E3890200F18E0200A89302000022637845
:10722000674937A8FEF78CFF4FF000086549A27840
:1072300037A8FEF785FFCDF800802279E3781202A7
:10724000D318019302226049434637A8FEF778FF1E
:10725000CDF80080A27963791202D318019302223B
:107260000123594937A8FEF76BFFCDF80080227A39
:10727000E3791202D3180222019337A85249134628
:10728000FEF75EFF1E2D41F29686627A37A84F49BF
:10729000FEF756FFA27A37A84D49FEF751FFE27A72
:1072A00037A84C49FEF74CFF227B37A84A49FEF726
:1072B00047FFCDF80080A27B637B1202D3180193B5
:1072C0000522434637A84049FEF73AFFCDF8008033
:1072D000227CE37B1202D31801930522012337A8F5
:1072E0003949FEF72DFFCDF80080A27C637C1202A5
:1072F000D31801930522022337A83349FEF720FF54
:10730000CDF80080CDF80480227DE37C1202D318F2
:10731000029305226C234FF0010937A82F49FEF78D
:107320000FFFCDF80090CDF80480A27D637D12029E
:10733000D318029305226C234FF0020A37A827497D
:10734000FEF7FEFECDF800A0CDF80480227EE37D9E
:107350001202D318029305226C2337A81F49FEF7A7
:10736000EFFECDF80080CDF80480A27E637E12028D
:10737000D31802930522682337A81849FEF7E0FEC8
:10738000CDF80090CDF80480227FE37E1202D3185E
:107390000293052237A868231049FEF7D1FECDF8E5
:1073A00000A0CDF80480A37F627F1B029B1802938C
:1073B00037A80A4905226823FEF7C2FE01F0FBBD8B
:1073C0004A8902002C880200A6860200E49102008D
:1073D000C2920200409002007B94020026920200BA
:1073E000012263789C4937A8FEF7AAFE4FF00108F6
:1073F0009A49A27837A8FEF7A3FECDF8008022793B
:10740000E3781202D318019302220023944937A88B
:10741000FEF796FECDF80080A27963791202D318A8
:10742000019302228E49434637A8FEF789FECDF824
:107430000080227AE3791202D3180222019337A83E
:1074400087491346FEF77CFE1E2D41F2B485627A11
:1074500037A88449FEF774FEA27A37A88249FEF75E
:107460006FFEE27A37A88149FEF76AFE227B37A8D1
:107470007F49FEF765FECDF80080A27B637B120298
:10748000D31801930522002337A87549FEF758FE4B
:10749000CDF80080227CE37B1202D31801930522F1
:1074A000434637A86E49FEF74BFECDF80080A27C1C
:1074B000637C1202D3180193052202234FF00009C6
:1074C00037A86749FEF73CFECDF80090CDF8048060
:1074D000227DE37C1202D318029305226C2337A885
:1074E0006449FEF72DFECDF80080CDF80480A27D22
:1074F000637D1202D318029305226C234FF0020A17
:1075000037A85C49FEF71CFECDF800A0CDF804803A
:10751000227EE37D1202D318029305226C2337A842
:107520005449FEF70DFECDF80090CDF80480A27E00
:10753000637E1202D31802930522682337A84D49AF
:10754000FEF7FEFDCDF80080CDF80480227FE37EBB
:107550001202D3180293052237A868234549FEF783
:10756000EFFDCDF800A0CDF80480A37F627F1B0261
:107570009B18029337A83F4905226823FEF7E0FDD8
:1075800001F019BDA27863781202D2183A4937A8DF
:10759000FEF7D6FDA279637912061B04D21823796F
:1075A00037A81B02D218E3783449D218FEF7C8FD79
:1075B000122D41F20085A27A637A12061B04D218BA
:1075C000237A37A81B02D218E3792D49D218FEF787
:1075D000B7FDA27B637B12061B04D218237B37A85E
:1075E0001B02D218E37A2749D218FEF7A9FDA27C24
:1075F000637C12061B04D318227C37A812029B1846
:10760000E27B21499A18FEF79BFD01F0D4BCA278D9
:1076100063781202D31800930222434637A81B490D
:1076200008F10108FEF78CFD0234C845EFDD01F0DA
:10763000C2BCA27863781202D31800930522434695
:1076400037A8124908F10108FEF77AFD0234C8454F
:10765000EFDD01F0B0BC00BF4A890200DA8E020003
:10766000A6860200F2910200CF9202004B94020023
:107670008A940200269202008692020098860200F6
:10768000169102008C930200028F0200138A0200FE
:10769000CDF80080A27863781202D31801930522F6
:1076A0006C2337A8BB4908F10108FEF749FD0234F5
:1076B000D045EDDD4FEA55095FFA89F909F1010B73
:1076C00009F10209B944BB4406EB09044FF0000874
:1076D000CDF800802278C9EB040313F80B301202B6
:1076E000D31801930522682337A8AA4908F1010895
:1076F000FEF726FD0234D045EADD01F05CBCA3783C
:1077000062781B0237A8A4499A18FEF719FD01F008
:1077100052BCA37862781B0237A8A0499A18FEF7DA
:107720000FFD01F048BCA37862781B0237A89C4982
:107730009A18FEF705FD01F03EBCA37862781B02A3
:1077400037A898499A18FEF7FBFC01F034BC22795F
:10775000E37812061B04D218A37837A81B02D218AC
:1077600063789149D218FEF7EBFC227AE37912068E
:107770001B04D218A37937A81B02D21863798B494E
:10778000D218FEF7DDFC227BE37A12061B04D31825
:10779000A27A37A812029B18627A85499A18FEF7D6
:1077A000CFFC01F008BCA2786378120237A88149A7
:1077B000D218FEF7C5FC042D41F2FD832379E2784F
:1077C0001B0237A87C499A18FEF7BAFC01F0F3BBFC
:1077D0002279E37812061B04D218A37837A81B027B
:1077E000D21863787549D218FEF7AAFC062D41F22B
:1077F000E283227AE37912061B04D318A27937A810
:1078000012029B1862796E499A18FEF799FC01F0F2
:10781000D2BBDFF8BC914FF00108A84581F2CB83C1
:107820002279E37812061B04D218A37849461B027A
:10783000D218637837A8D21808F10408FEF780FC44
:107840000434B8F1190F09F11809E6D101F0B3BBFE
:10785000DFF880914FF00108A84581F2AC832279CE
:10786000E37812061B04D218A37849461B02D218EB
:10787000637837A8D21808F10408FEF761FC0434D5
:10788000B8F10D0F09F11309E6D101F094BBDFF84F
:1078900048914FF00108A84581F28D832279E37861
:1078A00012061B04D218A37849461B02D21863782B
:1078B00037A8D21808F10408FEF742FC0434B8F1E6
:1078C0000D0F09F11409E6D101F075BBDFF80C9139
:1078D0004FF00108A84581F26E832279E378120601
:1078E0001B04D218A37849461B02D218637837A824
:1078F000D21808F10408FEF723FC0434B8F10D0F88
:1079000009F11409E6D101F056BBDFF8D4904FF02D
:107910000108A84581F24F832279E37812061B04FF
:10792000D218A37849461B02D218637837A8D21818
:1079300008F10408FEF704FC0434B8F10D0F09F156
:107940001409E6D101F037BBA37862781B0237A88F
:107950001C499A18FEF7F4FB01F02DBBA37862785E
:107960001B0237A818499A18FEF7EAFB01F023BB5F
:107970002279E37812061B04D318A27864781202E5
:107980009B1837A8114901221B19FEF7D9FB01F0FA
:1079900012BB00BF00920200F48F0200B7900200F9
:1079A0008089020059890200169102008C9302001E
:1079B000028F02009C920200AF920200A991020085
:1079C000C0910200B98E0200379402003B91020080
:1079D000998A0200628C0200978802004895020092
:1079E000F09302002279E37812061B04D318A278E0
:1079F000647812029B1837A8974902221B19FEF7D8
:107A00009FFB01F0D8BA37A894496278FEF798FB3B
:107A100001F0D1BA9249627807F1020837A8FEF75F
:107A20008FFB16F808208F49120937A8FEF788FB4C
:107A300016F8082037A88C4902F00F02FEF780FBE9
:107A4000032D41F2B882E27837A88849FEF778FB27
:107A500007F10508227937A88549FEF771FB16F86A
:107A6000082037A892088349FEF76AFB16F8082019
:107A700037A8814902F00302FEF762FB37A87F496D
:107A8000A279FEF75DFB01F096BA94F80280637864
:107A90004FEA082898441FFA88F84FEAD82237A8F6
:107AA0007749FEF74DFB08F4806302229B0A37A852
:107AB0007449FEF745FB08F4007302225B0A37A8FD
:107AC0007149FEF73DFB08F4F87302221B0937A841
:107AD0006E49FEF735FB08F00E0302225B0837A85B
:107AE0006B49FEF72DFB022208F0010337A8694914
:107AF000FEF726FB2379E4781B021C19A4B2E20AE4
:107B000037A86549FEF71CFB04F4806305229B0A35
:107B100037A85C49FEF714FB04F4007305225B0AE6
:107B200037A85949FEF70CFB04F4F87305221B092A
:107B300037A85649FEF704FB04F00E0305225B0844
:107B400037A85349FEF7FCFA37A85249052204F03A
:107B50000103FEF7F5FA01F02EBAA278637812025B
:107B6000D21837A84D49FEF7EBFA94F804E0E37811
:107B70004FEA0E2E0022734437A84949FEF7E0FA77
:107B8000217AE27909028A1894F806E06379009272
:107B9000A17A627A09024FEA0E2E8A187344019282
:107BA00037A800223F49FEF7CBFA227BE37A009206
:107BB000627B37A80192A27B3B4902920022FEF72A
:107BC000BFFAA17C627C09028A1894F810E0E37B7A
:107BD0000092217DE27C09028A180192A17D627DDA
:107BE00009028A180292217EE27D09028A18039214
:107BF000A17E627E09028A180492217FE27E090238
:107C00008A180592A17F627F09028A18069294F869
:107C10002010E27F09028A18079294F8221094F843
:107C2000212009028A18089294F8241094F823203D
:107C300009028A18099294F8262094F82510120255
:107C400052184FEA0E2E0A9237A8184900227344A0
:107C5000FEF776FA01F0AFB93B910200508D0200B9
:107C6000808A0200328B0200FF890200D78702005F
:107C7000958B020009910200879102001292020086
:107C80006E8D02009B910200118F0200D7910200BD
:107C900099940200C1930200D8860200458C02002C
:107CA0004A89020021870200A88B0200EE8B0200A5
:107CB00094F802E063784FEA0E2E0122734437A84D
:107CC000AA49FEF73DFAA179627909028A1894F867
:107CD00004E0E3780092217AE27909024FEA0E2E5D
:107CE0008A187344019237A80122A149FEF728FAA5
:107CF000A27A637A0092E27A37A80192227B9D49A8
:107D000002920122FEF71CFA217CE27B09028A180A
:107D100094F80EE0637B0092A17C627C09028A18D1
:107D20000192217DE27C09028A180292A17D627D86
:107D300009028A180392217EE27D09028A180492C0
:107D4000A17E627E09028A180592217FE27E0902E5
:107D50008A180692A17F627F09028A18079294F816
:107D60002010E27F09028A18089294F8221094F8F1
:107D7000212009028A18099294F8242094F82310EB
:107D8000120252184FEA0E2E0A9237A87A4901229F
:107D90007344FEF7D5F901F00EB994F802E0637868
:107DA0004FEA0E2E0222734437A87049FEF7C8F935
:107DB000A179627909028A1894F804E0E3780092C4
:107DC000217AE27909024FEA0E2E8A187344019251
:107DD00037A802226649FEF7B3F9A27A637A0092C5
:107DE000E27A37A80192227B624902920222FEF7D0
:107DF000A7F9217CE27B09028A1894F80EE0637BE4
:107E00000092A17C627C09028A180192217DE27CA9
:107E100009028A180292A17D627D09028A180392E2
:107E2000217EE27D09028A180492A17E627E090207
:107E30008A180592217FE27E09028A180692A17FA4
:107E4000627F09028A18079294F82010E27F0902E3
:107E50008A18089294F8221094F8212009028A18AE
:107E6000099294F8242094F82310120252184FEA31
:107E70000E2E0A9237A8404902227344FEF760F999
:107E800001F099B8627837A83C49FEF759F9012208
:107E9000A37837A83A49FEF753F90222E37837A8C6
:107EA0003749FEF74DF96379227903F001031B028C
:107EB00037A834499A18FEF743F901F07CB8A27844
:107EC00063781202D31800932822002337A82E4982
:107ED000FEF736F92279E3781202D31800932822AC
:107EE000012337A82849FEF72BF9A27963791202FA
:107EF000D31800932822022337A82349FEF720F93C
:107F0000227AE3791202D31800935022002337A873
:107F10001D49FEF715F9A27A637A1202D31800936D
:107F20005022012337A81849FEF70AF9237BE27A89
:107F30001B029B18009337A8134950220223FEF717
:107F4000FFF801F038B8A27863781202D21837A887
:107F50000E49FEF7F5F82379E2781B0237A80C49A1
:107F60009A18FEF7EDF801F026B800BF4A89020022
:107F700021870200A88B0200EE8B0200E587020039
:107F8000F48602002D930200F59002001188020091
:107F90005292020094F804E0E3784FEA0E6E1B045C
:107FA0009E44A3786C221B029E44637837A87344D6
:107FB0009749FEF7C5F894F808E0E3794FEA0E6EAA
:107FC0001B049E44A3796C221B029E44637937A84C
:107FD00073449049FEF7B4F894F80CE0E37A4FEA62
:107FE0000E6E1B049E44A37A6D221B029E44637A8C
:107FF00037A873448649FEF7A3F894F810E0E37BB2
:108000004FEA0E6E1B049E44A37B6D221B029E440E
:10801000637B37A873447F49FEF792F894F814E025
:10802000E37C4FEA0E6E1B049E44A37C68221B0275
:108030009E44637C37A873447549FEF781F894F831
:1080400018E0E37D4FEA0E6E1B049E44A37D682278
:108050001B029E44637D37A873446E49FEF770F897
:1080600094F81AE0637E4FEA0E2E6C22734437A810
:108070006949FEF765F894F81CE0E37E4FEA0E2E9E
:108080006D22734437A86449FEF75AF8A37F647FD2
:108090001B0237A8604968221B19FEF751F800F04F
:1080A0008ABF94F802E063784FEA0E2E7344682288
:1080B00037A85A49FEF744F82279E3781202D31818
:1080C000009368226C2337A85549FEF739F8A27946
:1080D00063791202D318009368226C2337A85149A0
:1080E000FEF72EF8227AE3791202D3180093682261
:1080F0006D2337A84A49FEF723F8A27A637A120261
:10810000D318009368226D2337A84649FEF718F864
:10811000227BE37A1202D3186822009337A8134611
:108120003F49FEF70DF8A27B637B1202D318682249
:10813000009337A813463B49FEF702F894F810E085
:10814000E37B4FEA0E2E73446C2237A83349FDF7C8
:10815000F7FFA27C637C1202D3186C22009337A82D
:1081600013462F49FDF7ECFF227DE37C1202D31862
:108170006C22009337A813462A49FDF7E1FFA27D40
:10818000637D1202D31800936C2207F118086D2347
:1081900037A82349FDF7D4FF16F80820E37D120223
:1081A000D31800936C226D2307F11A0937A81D49D3
:1081B000FDF7C6FF16F80920637E1202D31800935C
:1081C0006C22682337A81649FDF7BAFF227FE37EA9
:1081D0001202D31800936C22682337A81149FDF7C7
:1081E000AFFFA37F16F808E01B026822734437A88C
:1081F0000D49FDF7A5FF94F8203016F809401B0241
:1082000037A809496C221B19FDF79AFF00F0D3BE6D
:10821000328C02008F950200DC920200248F020053
:10822000D78F0200428B0200688B02006378002225
:1082300037A8AA4903F01F03FDF782FFA3780122A4
:1082400037A8A64903F01F03FDF77AFFE37802225F
:1082500037A8A24903F01F03FDF772FF6279237963
:1082600002F01F020092A27937A802F01F020192C9
:10827000E2799B4902F01F02029203F01F030022E1
:10828000FDF75EFF627A237A02F01F020092A27A63
:1082900037A802F01F020192E27A914902F01F0210
:1082A000029203F01F030122FDF74AFF627B237B4A
:1082B00002F01F020092A27B37A802F01F02019277
:1082C000E27B874902F01F02029203F01F030222A1
:1082D000FDF736FF00F06FBE6378002237A88149B2
:1082E00003F03F03FDF72CFFA378012237A87D4957
:1082F00003F01F03FDF724FFE378022237A8794932
:1083000003F01F03FDF71CFF6279237902F03F029F
:108310000092A27937A802F03F020192E2797249F5
:1083200002F03F02029203F03F030022FDF708FF34
:10833000627A237A02F01F020092A27A37A802F032
:108340001F020192E27A684902F01F02029203F0D2
:108350001F030122FDF7F4FE627B237B02F01F0264
:108360000092A27B37A802F01F020192E27B5E49D5
:1083700002F01F02029203F01F030222FDF7E0FE4B
:1083800000F019BE0022637837A85849FDF7D8FEDF
:108390000122A37837A85549FDF7D2FE0222E378DF
:1083A00037A85249FDF7CCFE0022237937A850495F
:1083B000FDF7C6FE0122637937A84D49FDF7C0FEDF
:1083C00037A84B490222A379FDF7BAFE00F0F3BDAE
:1083D00094F8028063784FEA082898441FFA88F8D6
:1083E0004FEAD83300930522002337A84149FDF70F
:1083F000A7FE08F4F043DB1200930522002337A800
:108400003D49FDF79DFE08F4E0631B120093052231
:10841000002337A83949FDF793FE08F08003DB11EC
:1084200000930222002337A83249FDF789FE08F0A5
:108430007803DB1000930222002337A82E49FDF7B2
:108440007FFE08F0070300930222002337A82B4980
:10845000FDF776FE2379E4781B021C19A4B24FF0D5
:1084600000084FEAD4390522682337A8244904F4C8
:10847000F04A4FEAEA2A8DE8000304F4E064FDF7CD
:108480005FFE0522682337A81E4924128DE80005E7
:10849000FDF756FE682337A81B490522CDF800805A
:1084A0000194FDF74DFE052237A86D2314498DE890
:1084B0000003FDF745FE05226D2337A811498DE81D
:1084C0000005FDF73DFE37A80F4905226D23CDF8C5
:1084D00000800194FDF734FE00F06DBDB18C020008
:1084E0006689020032890200C39002004C8E0200AD
:1084F0007D8B020005930200659402004F900200FC
:1085000005870200528A0200118E020094F8028050
:1085100063784FEA082898441FFA88F84FEAD8335E
:1085200000930522012337A8B549FDF709FE08F499
:10853000F043DB1200930522012337A8B149FDF770
:10854000FFFD08F4E0631B1200930522012337A806
:10855000AD49FDF7F5FD08F08003DB110093022221
:10856000012337A8A649FDF7EBFD08F07803DB10DF
:1085700000930222012337A8A249FDF7E1FD08F08C
:10858000070300930222012337A89F49FDF7D8FD76
:108590002379E4781B021C19A4B24FF001084FEABA
:1085A000D4390522682337A8984904F4F04A4FEAE1
:1085B000EA2A8DE8000304F4E064FDF7C1FD05221A
:1085C000682337A8924924128DE80005FDF7B8FD0D
:1085D000682337A88F490522CDF800800194FDF764
:1085E000AFFD052237A86D2388498DE80003FDF70C
:1085F000A7FD05226D2337A885498DE80005FDF705
:108600009FFD37A8834905226D23CDF80080019492
:10861000FDF796FD00F0CFBC94F8028063784FEA36
:10862000082898441FFA88F84FEAD83300930522A7
:10863000022337A87249FDF783FD08F4F043DB12EB
:1086400000930522022337A86E49FDF779FD08F44F
:10865000E0631B1200930522022337A86A49FDF745
:108660006FFD08F080030222DB11009337A8134648
:108670006349FDF765FD08F078030222DB100093E3
:1086800037A813465F49FDF75BFD022208F0070398
:10869000009337A813465C49FDF752FD2379E4782F
:1086A0001B021C19A4B24FF002084FEAD43905226C
:1086B000682337A8554904F4F04A4FEAEA2A8DE8BE
:1086C000000304F4E064FDF73BFD0522682337A8AE
:1086D0004F4924128DE80005FDF732FD052268237D
:1086E00037A84C49CDF800800194FDF729FD6D2392
:1086F00037A8464905228DE80003FDF721FD052234
:1087000037A86D2342498DE80005FDF719FD37A80C
:10871000404905226D23CDF800800194FDF710FD3E
:1087200000F049BC94F802E063784FEA0E2E28224C
:10873000734437A83849FDF703FD94F804E0E37863
:108740004FEA0E2E2822734437A83449FDF7F8FC6F
:1087500094F806E063794FEA0E2E5022734437A84E
:108760002D49FDF7EDFC237AE4791B0237A82B494C
:1087700050221B19FDF7E4FC00F01DBCA2786378C1
:108780000092E2782521019222791DA80292627955
:108790000392A2790492E2790592227A0692627A91
:1087A0000792A27A0892E27A0992227B0A92627B6D
:1087B0000B92A27B0C92E27B0D92227C0E92184AC5
:1087C000EBF38AF637A817491DAAFDF7B9FCF2E3C7
:1087D0007C1C325D37A8144902F07F02FDF7B0FC23
:1087E000325D37A81149D209FDF7AAFCE3E3A3786B
:1087F000627837A80E4942EA0322FDF7A1FCDAE3CA
:1088000005930200659402004F9002000587020064
:10881000528A0200118E02004C910200148902005B
:108820003A3E010068910200B29402006692020092
:1088300070910200A378627837A8944942EA032233
:10884000FDF77EFCB7E3E37822791B0443EA026379
:10885000627837A81343A2788D4943EA0222FDF7D4
:108860006FFCA8E3E37822791B0443EA0263627891
:1088700037A81343A278874943EA0222FDF760FC38
:1088800099E3E37822791B0443EA0263627837A80C
:108890001343A278804943EA0222FDF751FC8AE3A0
:1088A000A378627837A87D4942EA0322FDF748FCA5
:1088B00081E3A378627837A8794942EA0322FDF779
:1088C0003FFC78E3A378627837A8764942EA03222E
:1088D000FDF736FC6FE3A378627837A8724942EA65
:1088E0000322FDF72DFC66E394F801905FEA9909F5
:1088F00000F061834FF00008A179E279090294F851
:1089000003E041EA0241627923790A434FEA0E2EDD
:108910004EEA034EA3780092617AA27A090241EAF4
:108920000241227A37A80A430192217B627B090225
:1089300041EA0241E27A4EEA03030A4302925B49AA
:10894000424608F10108FDF7FBFB0C34C845D3DBB8
:1089500031E337A856496278FDF7F2FB2BE337A8DD
:1089600054496278FDF7ECFB25E3227AE17923791B
:108970001143A27994F803E0114362794EEA030EA1
:10898000A3780A434EEA030E63780092227BE17AD1
:108990004EEA03031143A27A37A81143627A0A43CD
:1089A0000192227CE17B1143A27B1143627B0A434B
:1089B000029241490022FDF7C3FB227EE17D237D27
:1089C0001143A27D94F813E01143627D4EEA030E39
:1089D000A37C0A434EEA030E637C0092227FE17E71
:1089E00037A81143A27E4EEA03031143627E0A4375
:1089F000019294F82020E17F1143A27F0A43617F16
:108A00000A4302922C490122FDF79AFBD3E2A37894
:108A100064781B021C19A4B204F00F0300932822EF
:108A2000002337A82549FDF78BFB04F0F0031B1149
:108A300000932822012337A82049FDF781FB04F485
:108A400070631B1200932822022337A81B49FDF7ED
:108A500077FB37A81A492822E30BFDF771FBAAE23E
:108A60002179E27809028A1894F802E0637800928A
:108A7000A2796179120252184FEA0E2E019237A89C
:108A8000104900227344FDF75BFB94E2D388020097
:108A90003F930200579302006F930200588E02002A
:108AA0006D8E0200828E0200978E02006890020096
:108AB00024910200D4890200798D0200998D020070
:108AC000ED920200538702002179E27809028A18A8
:108AD00094F802E063780092A179627909028A1819
:108AE0000192217AE27909028A180292A17A627AC5
:108AF00009028A180392217BE27A09028A180492F9
:108B0000A17B627B09028A180592217CE27B090223
:108B10008A180692A17C627C09028A180792217D3C
:108B2000E27C09028A180892A17D627D09028A18F6
:108B30000992227EE17D120252184FEA0E2E0A920D
:108B400037A87B4900227344FDF7FAFA33E2217912
:108B5000E27809028A1894F802E063780092A17919
:108B6000627909028A180192217AE27909028A1847
:108B70000292A17A627A09028A180392217BE27A30
:108B800009028A180492A17B627B09028A18059265
:108B9000217CE27B09028A180692A17C627C090290
:108BA0008A180792217DE27C09028A180892A17D29
:108BB000627D09028A180992227EE17D1202521812
:108BC0004FEA0E2E0A9237A85A4900227344FDF745
:108BD000B7FAF0E12179E27809028A1894F802E004
:108BE00063780092A179627909028A180192217A48
:108BF000E27909028A180292A17A627A09028A1835
:108C00000392217BE27A09028A180492A17B627B9B
:108C100009028A180592217CE27B09028A180692D1
:108C2000A17C627C09028A180792217DE27C0902FC
:108C30008A180892A17D627D09028A180992217E14
:108C4000E27D09024FEA0E2E8A180A92734400222E
:108C500037A83949FDF774FA217FE27E09028A18A4
:108C600094F81AE0637E0092A17F627F09028A185D
:108C7000019294F82010E27F09028A18029294F877
:108C8000221094F8212009028A18039294F82410E3
:108C900094F8232009028A18049294F8261094F874
:108CA000252009028A18059294F8281094F82720A4
:108CB00009028A18069294F82A1094F829200902C9
:108CC0008A18079294F82C1094F82B2009028A181D
:108CD000089294F82E1094F82D2009028A1809920F
:108CE00094F8302094F82F10120252184FEA0E2EEA
:108CF0000A9237A8104901227344FDF721FA5AE17C
:108D0000A37862781B0237A80C499A18FDF718FA65
:108D100051E137A80A496278FDF712FA4BE1A378CE
:108D2000627837A8074942EA0322FDF709FA42E1CF
:108D30004F8802008C890200FE940200458C0200DC
:108D4000018802007E870200E2782379120442EA59
:108D500003626378217A1A43E379207B1B0443EA98
:108D60000163617994F802C00B43E17A94F806E05C
:108D7000090441EA0061607A42EA0C220143A07AC8
:108D800043EA0E2341EA00210091E17B207C0904A3
:108D900041EA0061607B0143A07B41EA002101912F
:108DA000E17C207D090441EA0061607C0143A07CF4
:108DB00041EA00210291E17D207E090441EA00613F
:108DC000607D0143A07D41EA00210391E17E207F87
:108DD000090441EA0061607E0143A07E41EA00216E
:108DE0000491E17F94F82000090441EA0061607F6A
:108DF0000143A07F41EA0021059194F8231094F8E3
:108E00002400090441EA006194F82100014394F828
:108E1000220041EA0021069194F8270094F82810D6
:108E2000000440EA016094F82510014394F82600FC
:108E300041EA0021079137A88249FDF781F9BAE09C
:108E4000E2782379120442EA03626378217A1A43B2
:108E5000E379207B1B0443EA0163617994F802C043
:108E60000B43E17A94F806E0090441EA0061607A74
:108E700042EA0C220143A07A43EA0E2341EA002190
:108E80000091E17B207C090441EA0061607B0143A1
:108E9000A07B41EA00210191E17C207D090441EAA7
:108EA0000061607C0143A07C41EA00210291E17DE8
:108EB000207E090441EA0061607D0143A07D41EA12
:108EC00000210391E17E207F090441EA0061607E78
:108ED0000143A07E41EA00210491E17F94F8200043
:108EE000090441EA0061607F0143A07F41EA00215B
:108EF000059194F8231094F82400090441EA0061D4
:108F000094F82100014394F8220041EA00210691DF
:108F100094F8270094F82810000440EA016094F8BF
:108F20002510014394F8260041EA0021079137A853
:108F30004549FDF705F93EE00B2D3CD1A378627859
:108F40001B02D21837A84149FDF7FAF82379E278D5
:108F50001B02D21837A83E49FDF7F2F8A3796279CF
:108F60001B02D21837A83B49FDF7EAF8237AE279C9
:108F70001B02D21837A83849FDF7E2F8A27A637AC3
:108F8000120237A835499A18FDF7DAF813E0E378AA
:108F900022791B0443EA0263627837A81343A2785C
:108FA0002F4943EA0222FDF7CBF804E00022149295
:108FB00001E00123139310997B19FF297DF463A924
:108FC000159A01321592159B1B998B427DF453A97A
:108FD000119A511C03D037A82249FDF7B1F89DF82A
:108FE0009C3023B137A8204927AAFDF7A9F8169B82
:108FF0000A2B0CD800201D49ECF3A4F038B91399C2
:1090000029B937A81A49139AFF23FDF799F8389A16
:10901000002302F8013B449B1A9800931299189B75
:109020003892FDF76DF804461298F0F317F201E05C
:109030006FF0010420463BB0BDE8F08F0121139191
:10904000B9E700BFC28C0200FF8C02004F8F020004
:10905000638F0200778F02008B8F02009F8F0200C8
:109060002C8E02001D900200F48902004689020045
:109070009C8702002DE9F04F8DB0059205468A4687
:1090800006A80021142298460B91EBF3BFF1594B2F
:109090001C78002C40F0A3806B69232B0CDD1C2274
:1090A0002846214623460094F5F388F2002806DA84
:1090B00001260227B14605E00427012601E00C271E
:1090C0000326A1462846F5F30BF20128834602D079
:1090D000022813D105E028465146EBF3CBF04000BF
:1090E0000BE02846FCF7A1FF044638B1FCF793FFDC
:1090F000C20503D52046FCF793FF0B900B98002880
:109100004ED0F0F399F1044600286ED0BBF1010F68
:1091100003D0BBF1020F1BD10BE00B9B002101938D
:109120000290059A2846534600910391EBF3A0F074
:109130000CE00B9A0CAB520843F8042D2846012191
:109140002246FCF7A6FF0B9B5B000B93002840D147
:1091500022884FF6FD73013A92B29A4203D9204613
:10916000F0F37CF11CE0B9F1000F03D004EB4707EA
:10917000069719E0E31962880693A388A7F580573C
:1091800007EB12221B0602EB1343E3180793E38855
:10919000DB19E31808932389DF19E719099703E01E
:1091A000154B002406930126169A5046009206A9F4
:1091B00032464346FDF716F850B9169B28461A6802
:1091C000D8F8001001F038FDD8F800200B4B1A60D9
:1091D00014B12046F0F342F1064A01231370169BA6
:1091E0000020C8F80000186001E06FF01A000DB010
:1091F000BDE8F08F29610100608B020088930200B6
:1092000030B51946039B049C43B14CB100251D6049
:1092100025600394BDE83040FFF72CBF184630BDF1
:10922000204630BD014B00221A70704729610100B1
:10923000F8B50C4F06463C688CB101250BE028467A
:1092400000212C46E6F7C6FF20B128463146E6F756
:10925000BBFF04E001353B689D42F0D90024204665
:10926000F8BD00BF2C61010010B58478014620468E
:10927000E6F7B0FF28B120460021E6F7A5FF002061
:1092800010BD4FF0FF3010BD70B50C4E0D4630686C
:1092900080B90B49E6F798FF012404E0204600213D
:1092A000E6F792FF013433689C42F7D9034B284616
:1092B0001D6070BD4FF0FF3070BD00BF2C6101001C
:1092C000ADDEADDE064B1A68194632B1012300E06F
:1092D00001339342FCD900230B600020704700BF8C
:1092E0002C6101002DE9F0470C46166882461546B0
:1092F00008468422002198469DF82470EBF386F0FE
:109300002046FFF795FFC0B2002832D0012323701A
:109310009DF82030A070003318BF0123E3703C2378
:109320003C2EB4BFB1464FF03C09A4F80E806770E4
:10933000A381002615E0504641463A46F0F390F0EE
:1093400030B96368002B0CBF6FF01A0000200BE0EF
:10935000A3780136C3706368436123896060013379
:1093600023814E45E7DB0020238963812B60BDE824
:10937000F0874FF0FF30BDE8F087F8B506460C46A1
:1093800000250BE07B693046636000237B61FB7046
:109390003946E278F0F386F00135ADB26768002F08
:1093A000F0D1238920465B1B238163895D1B658186
:1093B000FFF75AFFA77027703846F8BD10B5C37C79
:1093C000032B08D09C1D00EBC40401336160A26034
:1093D000C374002010BD4FF0FF3010BD2DE9F843DD
:1093E00011F01F0618BF012606EB511707F10709F8
:1093F0004FEA890948460D4601F01F08F0F31CF0BA
:10940000044600283BD000214A46BFB2EAF3FEF7EB
:109410006780A580E580A46021462246002303E002
:109420004FF0FF30906101330432BB42F8D356B1A4
:109430004FF0FF3202FA08F87B1D04EB83035A68F1
:1094400082EA08025A6017F01F0318BF012307F0D1
:109450001F0003EB57172780002203E04FF0FF3572
:109460008D6001320431BA42F8D343B14FF0FF337B
:109470008340013704EB87077A6853407B602046BE
:10948000BDE8F8830846EFF3E9B7436B23B14FF427
:109490007F629A60436B05E0836B4BB14FF47F6250
:1094A0009A60836B9868D0F1010038BF0020704744
:1094B000012070470346002001E00130C0B25B0884
:1094C000FBD170470B6843F440330B6008680B68AE
:1094D00000F4403023F440330B60A0F540314842A3
:1094E00040EB0100704708B5416B09B9816B21B1B0
:1094F000806AFFF7E7FF012008BD084608BD2DE997
:10950000F047DDF820801F88099D104689461446E3
:109510001E46394642462B46EFF38EF48246E8B1AA
:10952000012313FA07F72B68013BDB19B3FBF7F3B1
:109530005F43631EDB195F4017EA090F0ED0204618
:10954000FFF7B8FF30805046EFF380F431882046B3
:1095500042462B46BDE8F047EFF36EB45046BDE8F7
:10956000F08770B5002301290CBFB0F84620B0F891
:109570006C2086B00493B0F84430120101290446EF
:10958000ADF816300D46806A41F6FF7329D104AE5E
:10959000D4F8C410009604F15C060196994214BFF9
:1095A0004FF480314FF4005104F150060DF11603D1
:1095B0000296FFF7A4FF002840D0BDF81630E26DF8
:1095C00015FA03F3511EC918B1FBF3F14B43A36520
:1095D0009B1A9BB2C018A4F86030049BE0636366DA
:1095E0002BE004ADD4F8CC10009504F1840501956E
:1095F000994214BF4FF480314FF4005104F17805C3
:109600000DF116030295FFF77AFFB8B1BDF81630D9
:10961000012515FA03F3D4F88420511EC918B1FBB3
:10962000F3F14B43C4F880309B1A9BB2C018A4F8E6
:109630008830049B2064C4F88C30284606B070BD86
:10964000FFF78FBF2DE9F74F8DE803000EAEE02046
:1096500014469A460D9F96E8400ADDF84C80EFF3D9
:10966000EBF60546002800F079810021E022EAF3BC
:10967000CDF69A4B0021B8F1000F08BF98460A4674
:10968000C5F81C802046F4F38BF70C9BC0F3003028
:10969000AB63934B03212B60002285F83000C5F8A3
:1096A00034A02846EDF3F8F5082205F120000199D1
:1096B000EAF384F7002385F82730009BEC62AB6265
:1096C000BBF1FF3F14BF5B46CC23B9F1CC0F88BF81
:1096D000C3EB0909C5F89830BDF84430A5F84670C9
:1096E000C5F89C309DF84830A5F86C60C5F8A030EE
:1096F0000C9BA5F89490002B45D0AA6B1368D80753
:1097000004D523F001031360AA6B1360AB6B4FF019
:10971000FF329A602046F4F345F740F63C03984246
:1097200012D1E86AF4F34EF7052809D0E86AF4F399
:1097300049F7082804D0E86AF4F344F70C2803D169
:10974000AB6B4FF0FF329A60AB6B9A681205120D4B
:109750001AB15A6842F00F0201E041F6FF72C5F8F3
:10976000CC201A6802F4E012920C85F8B5201A6831
:1097700002F46002520D85F8BA201B6803F04073B2
:109780001B0E85F8BB30BAF1000F4DD06A6B136821
:10979000D90704D523F0010313606A6B13606B6B68
:1097A0004FF0FF329A60E86AF4F3FCF640F63C03AF
:1097B000984212D1E86AF4F305F7052809D0E86A5F
:1097C000F4F300F7082804D0E86AF4F3FBF60C2859
:1097D00003D16B6B4FF0FF329A606B6B9A68120586
:1097E000120D1AB15A6842F00F0201E041F6FF7201
:1097F000C5F8C420C5F8C8201A6802F4E012920C1B
:1098000085F8B6201A6802F4E072920985F8B7204C
:109810001A6802F46002520D85F8B8201B6803F044
:1098200040731B0E85F8B93062680023012AC5F821
:10983000A430C5F8AC3018D1A268B2F5026F03D0DD
:1098400040F63C018A4202D14FF0004303E04FF062
:109850008042C5F8A420C5F8A830D5F8A430C5F8D2
:10986000AC30D5F8A830C5F8B0302046F4F39AF6FD
:1098700040F62903984208D12046F4F3A3F620B11C
:109880002046F4F39FF602280FD92046F4F38AF617
:1098900040F6340398420CD12046F4F393F620B1FD
:1098A0002046F4F38FF6012803D1002385F83130E8
:1098B00004E02846FFF717FE85F831002846FFF739
:1098C000E4FD85F8B40068B10D23FF2FA5F84430FE
:1098D0000CD8FF2E09D80C2305E000BF90610100D1
:1098E0008C5001000423A5F844304FB1BC00204641
:1098F000EFF3A2F5E86468B300212246EAF386F5A7
:109900004EB1B4002046EFF397F5686710B300211D
:109910002246EAF37BF527B128460121FFF790FEA6
:10992000C0B126B128460221FFF78AFE90B1D5F8D2
:10993000A4305BB195F8313043B9AB6DB3F1804FD2
:1099400008D8D5F88030B3F1804F03D8012385F8CB
:10995000DD3003E02846EDF3F9F400252846BDE8A4
:10996000FE8F00BF10B50446F5F38CF200212046AF
:109970000A46F4F315F6C30407D5204601F0DBFAD6
:1099800000280CBF2020402010BD202010BD2DE954
:10999000F0470446266A09A9042E666A9DF820004D
:1099A000CCBF06F4781606F4F01691E82202760C85
:1099B0004FF000084BE031F828A01FFA83FCE24585
:1099C00001EB880703D197F802C0844504D008F161
:1099D00001085FFA88F83AE0002A35D006FB08F85B
:1099E00000252EE063692046222B0ADDE3695A0632
:1099F00007D540F627010022F4F342F7014620463E
:109A000000E000214FF4CC62F4F3DAF505606369FD
:109A10002046222B0ADDE3695B0607D540F62701C5
:109A20000022F4F32DF70146204600E0002140F229
:109A30006462F4F3C5F509EB880353F8253001356A
:109A40000360EBB2B342CDD3F878BDE8F087A84508
:109A5000B1D30020BDE8F0872DE9F84304461E4647
:109A6000002B00F0B480436A02EB061503F4F859AA
:109A70004FEA192955F8043C013E0BB900279FE035
:109A800020469847002800F09E80F7E70122BA4060
:109A900055F8103C1A4200F0928063692046222B50
:109AA0000ADDE3695A0607D540F627010022F4F3E0
:109AB000E7F60146204600E000214FF4C462F4F3CB
:109AC0007FF5076015F90C2C22B1012A19D001325B
:109AD00075D144E063692046222B09DDE3695B060A
:109AE00006D540F62701F4F3CBF60146204600E008
:109AF000002140F22462F4F363F555F8083C03605A
:109B00005DE063692046222B0ADDE369590607D52B
:109B100040F627010022F4F3B3F60146204600E0A8
:109B2000002140F22462F4F34BF563698046222B56
:109B300020460ADDE3695A0607D540F627010022D0
:109B4000F4F39EF60146204600E0002140F2246234
:109B5000F4F336F555F8083C026813432DE06369C9
:109B60002046222B0ADDE3695B0607D540F6270174
:109B70000022F4F385F60146204600E0002140F281
:109B80002462F4F31DF563698046222B20460ADD2A
:109B9000E369590607D540F627010022F4F370F671
:109BA0000146204600E0002140F22462F4F308F56B
:109BB00055F8082C036823EA0203C8F8003001377F
:109BC0004F457FF463AF103D002E7FF453AFBDE8E7
:109BD000F883000070B59D4904460020EBF38EF237
:109BE000002800F0318100209849EBF387F2974973
:109BF00005460020EBF382F2944906460020EBF381
:109C00007DF215F0006500F0AC804FF400120021E9
:109C100013462046E6F741FD022206211346204660
:109C2000F4F344F663692046222B0ADDE3695A0601
:109C300007D540F627010022F4F322F6014620461C
:109C400000E000214FF4C162F4F3BAF40668002585
:109C500006F480761BE04FF47A70EFF3DBF0636973
:109C60002046222B0ADDE3695B0607D540F6270173
:109C70003246F4F305F60146204600E000214FF499
:109C8000C162F4F39DF40668013506F480761EB9CE
:109C9000B5F57A7FDFD170BDB5F57A7F00F0D4805D
:109CA0004FF47A70EFF3B6F00822062113462046EF
:109CB000F4F3FCF50023062104222046F4F3F6F524
:109CC0004FF47A70EFF3A6F063692046222B0ADD89
:109CD000E369590607D540F627010022F4F3D0F5D1
:109CE0000146204600E000214FF4C062F4F368F41E
:109CF0000568002605F001051BE04FF47A70EFF3CC
:109D000089F063692046222B0ADDE3695A0607D5EC
:109D100040F627010022F4F3B3F50146204600E0A7
:109D200000214FF4C062F4F34BF40568013605F0EE
:109D300001051DB1B6F57A7FDFD102E0B6F57A7F75
:109D400003D120460621082279E029464FF48012EB
:109D50002B462046E6F7A1FC2046062101222B4691
:109D60006EE0730170D54FF48012134629462046E9
:109D7000E6F793FC0122062113462046F4F396F5FC
:109D80004FF47A70EFF346F0042206211346204682
:109D9000F4F38CF5062108222B462046F4F386F5D1
:109DA0004FF47A70EFF336F063692046222B0ADD18
:109DB000E3695E0607D540F627012A46F4F360F50D
:109DC0000146204600E000214FF4C062F4F3F8F3AE
:109DD0000668002506F001061BE04FF47A70EFF3E9
:109DE00019F063692046222B0ADDE369590607D57D
:109DF00040F627013246F4F343F50146204600E0E1
:109E000000214FF4C062F4F3DBF30668013506F07D
:109E100001061EB9B5F57A7FDFD102E0B5F57A7F8C
:109E200003D120460621042209E000214FF400124C
:109E30000B462046E6F731FC20460621022200238D
:109E4000BDE87040F4F332B570BD00BF6853010047
:109E500046F29053994210B5044609D049F21823AE
:109E6000994207D0B1F5964F0CBF1F23002302E0A3
:109E70002A2300E03C230521FF222046E6F779FC57
:109E80004FF40002062113462046E6F73CFC1E2054
:109E9000EEF3C0F7204606214FF400020023BDE890
:109EA0001040E6F730BC0000F0B5036A466A042BA8
:109EB000CCBF06F4781606F4F01685B00446760C8E
:109EC00000253BE0102168461F4A2B46EAF304F3C5
:109ED00000206946EBF336F100282ED000210A4617
:109EE000EAF3CCF663690746222B20460ADDE369D4
:109EF000590607D540F627010022F4F3C1F40146C4
:109F0000204600E000214FF4CC62F4F359F30560E1
:109F100063692046222B0ADDE3695A0607D540F61D
:109F200027010022F4F3ACF40146204600E00021B2
:109F300040F26462F4F344F307600135EBB2B342DC
:109F4000C0D305B0F0BD00BFD5950200F0B5036ADF
:109F500085B0042B0446466A03DD06F0F866B60DAC
:109F600002E006F0F076760D00253BE01021684611
:109F70001F4A2B46EAF3B0F200206946EBF3E2F009
:109F800000282ED000210A46EAF378F663690746D6
:109F9000222B20460ADDE3695A0607D540F6270141
:109FA0000022F4F36DF40146204600E000214FF456
:109FB000CB62F4F305F3056063692046222B0ADDCA
:109FC000E3695B0607D540F627010022F4F358F455
:109FD0000146204600E0002140F25C62F4F3F0F21A
:109FE00007600135EBB2B342C0D305B0F0BD00BF8E
:109FF0000C990200F0B5036A85B0042B0446466A4A
:10A0000001DDF60E02E006F0F056760E00253BE08C
:10A01000102168461E4A2B46EAF35EF2002069468C
:10A02000EBF390F000282ED000210A46EAF326F642
:10A0300063690746222B20460ADDE3695B0607D5E4
:10A0400040F627010022F4F31BF40146204600E00D
:10A0500000214FF4CA62F4F3B3F20560636920464D
:10A06000222B0ADDE369590607D540F627010022B5
:10A07000F4F306F40146204600E0002140F2546269
:10A08000F4F39EF207600135B542C1D105B0F0BDD1
:10A090001B99020000487047C0AD3A022DE9F04319
:10A0A00004460F4685B00020904915461E46EBF346
:10A0B00025F060B92046394615B1FFF7EBFF07E000
:10A0C000FFF7E8FF4FF47A75B0FBF5F500E00546C1
:10A0D00000208749EBF312F000F00F00012808D0B0
:10A0E000022809D0834B844A032814BF914699461D
:10A0F00004E0DFF8149201E0DFF8109229462046D0
:10A10000FFF7A6FE2046F4F355F2002180462046D4
:10A11000F5F300F0794B0246002E4BD10193032357
:10A1200002933946204632462B460096CDF80C90D5
:10A13000FFF72DFC0746002837D063692046222B05
:10A140000ADDE3695B0607D540F627013246F4F3E2
:10A1500097F30146204600E000214FF4C062F4F37B
:10A160002FF20268BF004FF68373134007F07C02A2
:10A1700005F17F07FF09013F42EA07471F43636973
:10A180002046222B0ADDE369590607D540F6270150
:10A190000022F4F375F30146204600E000214FF45D
:10A1A000C062F4F30DF2076096E029465448EAF3E2
:10A1B00053F192E000218DE80A0003230293204628
:10A1C00039462B46CDF80C90FFF7E1FB002D00F04F
:10A1D00083802046E6F774F8064606E0AB4203D1DA
:10A1E0006369222B07DC12E00C36002E74D0338812
:10A1F000002BF3D170E0E3695A0608D540F6270139
:10A2000020460022F4F33CF30146204601E02046BC
:10A2100000214FF4C062F4F3D3F10268B37802F086
:10A220007C02B3EB920F57D03579F3782D061B05DE
:10A2300005F0706503F4700300214FF07F622B433B
:10A240002046E6F796FA737902211B052D4A43F45E
:10A2500000332046E6F78DFAB3686FF07F420321A2
:10A2600013402046E6F785FA63692046222B0ADD73
:10A27000E3695B0607D540F627010022F4F300F3FB
:10A280000146204600E000214FF4C062F4F398F14B
:10A2900002684FF6837335881340B2787F35ED112D
:10A2A0009200013D02F07C0242EA05451D436369CC
:10A2B0002046222B0ADDE3695E0607D540F627011A
:10A2C0000022F4F3DDF20146204600E000214FF4C5
:10A2D000C062F4F375F10560012620464146F4F3AF
:10A2E00019F7304605B0BDE8F08300BFEC950200D9
:10A2F000745301008C5101000C52010006970200BA
:10A30000A39502000000FE1F80530100F8530100D6
:10A310002DE9F04399468BB00023079308930993E6
:10A32000036A476A042BCCBF07F4781707F4F017C9
:10A3300004460D4690467F0C00260CE0102103A831
:10A34000334A3346EAF3C8F0002003A9EAF3FAF6E9
:10A3500020B90136F6B2BE42F0D34EE008AB00930E
:10A3600009AB019320462946424607ABE6F7C0FBFE
:10A37000012329464A462046FFF790FE20462946FB
:10A38000FFF792FD236A012B2CDD63692046222B07
:10A390000ADDE3695E0607D540F627010022F4F3E3
:10A3A0006FF20146204600E000214FF4C062F4F352
:10A3B00007F163690646222B20460ADDE369590648
:10A3C00007D540F627010022F4F35AF20146204651
:10A3D00000E000214FF4C062F4F3F2F0036843F4AC
:10A3E00080633360089B20460093099B29460193B4
:10A3F0004246079BE6F7D4F807E0204629464A463E
:10A400000023FFF74BFE0028A8D10BB0BDE8F08376
:10A41000D59502002DE9F04F002587B004460E4681
:10A4200004950595F4F3C6F0294683462046F4F3D7
:10A4300071F6A14982462846EAF384F648B1012321
:10A4400084F8603329462A46EAF318F4C4F85C031A
:10A4500001E084F8600300209849EAF373F648B1FC
:10A460000123002184F868330A46EAF307F4C4F8AC
:10A47000640301E084F868032046F3F3F5F7904B9A
:10A48000676A98428F4B94BF20252125A3F10808C5
:10A4900098BF984607F4F8573F0A08EBC508636968
:10A4A0002046222B0ADDE3695A0607D540F627012C
:10A4B0000022F4F3E5F10146204600E000214FF4CC
:10A4C000C462F4F37DF018F8083C013D0360636951
:10A4D0002046222B0ADDE3695B0607D540F62701FB
:10A4E0000022F4F3CDF10146204600E000214FF4B4
:10A4F000C562F4F365F058F8043CA8F1080803605D
:10A50000002DCCD147E0082102A86F4A2B46E9F381
:10A51000E3F7002002A9EAF315F600283AD000215B
:10A520000A46EAF3ABF3236A80460C2B07DDB0F54D
:10A53000803F04D2C3B24FEA102843EA0848636957
:10A540002046222B0ADDE369590607D540F627018C
:10A550000022F4F395F10146204600E000214FF47B
:10A56000C462F4F32DF0056063692046222B0ADDF6
:10A57000E3695A0607D540F627010022F4F380F17B
:10A580000146204600E000214FF4C562F4F318F0C4
:10A59000C0F800800135BD42B5D1204631464B4A56
:10A5A0001F23FFF759FA00253EE00821484A2B46B1
:10A5B00002A8E9F391F7002002A9EAF3C3F5814666
:10A5C000002830D063692046222B0ADDE3695B0650
:10A5D00007D540F627010022F4F352F10146204648
:10A5E00000E000214FF4C462F3F3EAF70560636909
:10A5F0002046222B0ADDE369590607D540F62701DC
:10A600000022F4F33DF10146204600E0002140F233
:10A610002462F3F3D5F7002180460A464846EAF360
:10A620002DF3C8F800000135BD42BED1204604A973
:10A6300005AAE5F70FFF049F52463B463146002529
:10A6400020460095E5F752FE384304902046F4F387
:10A6500047F4059A049B002A3CD01A43636905928B
:10A66000222B20460ADDE3695A0607D540F627016A
:10A670002A46F4F305F10146204600E0002140F2AD
:10A680001C62F3F39DF763690546222B20460ADD21
:10A69000E3695B0607D540F627010022F4F3F0F0EA
:10A6A0000146204600E0002140F21C62F3F388F7E7
:10A6B000059B02683AE000BFC595020000970200C2
:10A6C000BFAD3A0200960200E79502001C97020017
:10A6D000E2950200002B2BD063692046222B09DD76
:10A6E000E369590606D540F62701F4F3C9F001469F
:10A6F000204600E0002140F21C62F3F361F7636939
:10A700000546222B20460ADDE3695A0607D540F6A6
:10A7100027010022F4F3B4F00146204600E00021B6
:10A7200040F21C62F3F34CF7049B026813432B6066
:10A73000049BABB163692046222B0ADDE3695B060B
:10A7400007D540F627010022F4F39AF0014620468F
:10A7500000E000214FF4C362F3F332F7049B03607F
:10A76000059BABB163692046222B0ADDE3695906DC
:10A7700007D540F627010022F4F382F00146204677
:10A7800000E0002140F21C62F3F31AF7059B03601E
:10A79000314652462046E6F77EF94FF4FA60EEF372
:10A7A00039F320465946F4F3B5F407B0BDE8F08F0D
:10A7B000F8B5044615460E46F3F3FCF600210746AD
:10A7C0002046F4F3A7F4314602462B462046FFF715
:10A7D0009FFD204631462A46E5F7D8FD20463946FA
:10A7E000BDE8F840F4F396B438B5036A0446012B8B
:10A7F0002DD14369222B0ADDC3695A0607D540F6DD
:10A8000027010022F4F33CF00146204601E02046F7
:10A8100000214FF4C062F3F3D3F663690546222B9F
:10A8200020460ADDE3695B0607D540F627010022D2
:10A83000F4F326F00146204600E000214FF4C06208
:10A84000F3F3BEF6036823F400732B6038BD2CDDF0
:10A850004369222B0ADDC369590607D540F6270153
:10A860000022F4F30DF00146204601E020460021CD
:10A870004FF4C062F3F3A4F663690546222B204629
:10A880000ADDE3695A0607D540F627010022F3F3F3
:10A89000F7F70146204600E000214FF4C062F3F3D1
:10A8A0008FF6036843F400732B6038BD70470120B6
:10A8B000704738B505460C46FFF79CFB28462146F5
:10A8C0000022FFF7F3FF28462146BDE83840FFF796
:10A8D00081B9000038B504460D4600203149EAF33D
:10A8E00031F440B100210A46EAF3C8F12946C3B267
:10A8F0000122204603E02046294601220523E5F7F0
:10A900008BFF00202849EAF31DF448B100210A46D4
:10A91000EAF3B4F12946C3B209222046E5F77CFFE9
:10A9200000202249EAF30EF448B100210A46EAF376
:10A93000A5F12946C3B205222046E5F76DFF0020A8
:10A940001B49EAF3FFF348B100210A46EAF396F106
:10A950002946C3B206222046E5F75EFF00212046C5
:10A960004FF478624FF43863E5F7CDFE00212046BE
:10A970004FF460424FF42043E5F7C5FE4FF4C02288
:10A98000002113462046E5F7BEFE012200212046A5
:10A990001346E5F7B8FE20462946BDE83840FFF7E4
:10A9A000D5BA00BF12970200DB950200129902008F
:10A9B000CA95020038B5036A0446092B69DD43696C
:10A9C000222B0ADDC3695B0607D540F6270100226A
:10A9D000F3F356F70146204601E0204600214FF4EC
:10A9E000C062F3F3EDF5026812F0010253D163691E
:10A9F0002046222B09DDE3695D0606D540F62701D6
:10AA0000F3F33EF70146204600E0002140F26C627D
:10AA1000F3F3D6F54FF0004303604FF47A70EEF392
:10AA2000F9F163692046222B0ADDE369590607D54F
:10AA300040F627010022F3F323F70146204600E009
:10AA4000002140F26C62F3F3BBF505686369ED0425
:10AA5000ED0C222B20460ADDE3695A0607D540F6A5
:10AA600027010022F3F30CF70146204600E0002105
:10AA700040F26C62F3F3A4F56D030023036005F567
:10AA80004245064805F5A875B5FBF0F56420684316
:10AA900038BD002038BD002038BD00BFA0860100B1
:10AAA00038B5002105461020E3F7A0FF0021044639
:10AAB0001022E9F3ABF46560204638BD08B1E4F735
:10AAC0001DB8704710B50446E4F706F96060E06011
:10AAD0002068E7F716FA6368A0F50060206118188F
:10AAE0000123A060237610BD38B50546F4F3CAF102
:10AAF0001C20EEF3A1F4084C00211C222060E9F395
:10AB000085F420680560FFF7DDFF044922682846C8
:10AB1000BDE83840E6F726BC90040000D93F0000AD
:10AB20002DE9F84F0C46F4F3ADF141F20100E56870
:10AB3000EEF382F400287CD000F1010C064620E000
:10AB400001321970D2B2434639783D460137C1B15E
:10AB50003D2903F10108F3D132702946464600220F
:10AB600003E001323770D2B2664611F8017FC3EBC1
:10AB70000508B04406F1010C002FF2D11A7008F15B
:10AB80000105E768A368FB189D4205D22B781BB12D
:10AB90002F4663460022D7E725460123E268834615
:10ABA000BA1A2A823BE0594611F8012B9A4202D187
:10ABB0004FF0000C0AE0102B2AD10F2AF8DC27E016
:10ABC0001BF8018F07F80C800CF1010C6245F7D1DE
:10ABD00001EB0208895C07EB020C4FF03D0907F816
:10ABE000029008F1010B0CF1010701F101090022AB
:10ABF00003E018F802A00CF802A001324A45F8D18F
:10AC00007A184FF0000C07F801C08B44571C06E07F
:10AC100011F802B001EB020C0BF1010BE344B34558
:10AC2000C1D301330235112BB8D1BDE8F84FEEF393
:10AC300015B4BDE8F88F0000F8B50E461746044677
:10AC4000F4F320F13020EEF3F7F3054668B1C66067
:10AC5000074E3023436033688760036029462046EF
:10AC6000FFF75EFF35600020F8BD6FF01A00F8BDF9
:10AC70009404000008B5064B1B683BB9054B1968E6
:10AC800021B1054B1A680AB1FFF7D6FF002008BDB5
:10AC900094040000985C01009C5C0100F8B5104B26
:10ACA00007461C681E46BCB1E3689BB10D4D2A687F
:10ACB0009A420FD1F4F3E6F0E068EEF3CFF300230D
:10ACC0002B6007E038462568F4F3DCF02046EEF30D
:10ACD000C5F32C46002CF5D100233360F8BD00BF2E
:10ACE000940400008893020073B5856E04466DB12C
:10ACF000D0F8CC3000EB8303D3F8D420036E9A4213
:10AD000003D1406EA847054600E000252046F3F336
:10AD100051F4002302A941F8083D06466946204641
:10AD200001AA0DF0C1FE9DE806004FF4FF20E9F3F3
:10AD3000E9F220463146F4F3EDF1E36E5BB1D4F86D
:10AD4000CC2004EB8202D2F8D410226E914202D1C0
:10AD5000606E294698477CBDF8B50446F0F3BAF01A
:10AD600000284FD0A56E6DB1D4F8CC3004EB83032E
:10AD7000D3F8D420236E9A4203D1606EA8470546CB
:10AD800000E000252046F3F315F400210746204695
:10AD9000F4F3C0F10121064600222046F0F3BAF098
:10ADA0004FF480110A462046F0F396F040210A46FF
:10ADB0002046F0F3A5F04FF080710A462046F0F3EC
:10ADC0008BF02046FFF790FF0F4B0121C6F80435AA
:10ADD0004FF4FC73C6F808350A462046F0F39AF0A3
:10ADE00020463946F4F396F1E36E5BB1D4F8CC20FB
:10ADF00004EB8202D2F8D410226E914202D1606E2E
:10AE000029469847F8BD00BFF2003940012070473D
:10AE1000C36B44F2583293420DD004D844F25632F8
:10AE2000934218D112E04AF62E22934208D04AF6F5
:10AE30002F2293420FD1C0F884334AF6322303E025
:10AE4000C0F884334AF63123C3637047C0F88433B3
:10AE500044F25433C363704738B541F2E4430446C7
:10AE600003630D4629B108460F49EAF347F1A06292
:10AE700040B928460D49EAF341F1A06210B94FF6F6
:10AE8000FF73A3620A492846EAF338F10949E062F0
:10AE90002846EAF333F1084960632846EAF32EF1C5
:10AEA00084F8550038BD00BF2D9902002399020097
:10AEB00064990200439902004E9902007047000015
:10AEC00030B585B00190002404A840F8044D01A9D4
:10AED0000422E9F317F2019DB5B12B46D3F88C207B
:10AEE00012B10022C3F88C2001340433102CF5D1A8
:10AEF0000398FEF797F90398FFF7D0FE034B9D42A6
:10AF000002D02846EEF3AAF205B030BDE46101009C
:10AF10000367D0F8CC3010B500EB8303029CD3F864
:10AF2000D43044668166C266036610BD0023836622
:10AF3000C366036770478069C0F3C06070472DE93E
:10AF4000F84304461E46089D099FFAF761FC00215C
:10AF50002046F4F3DFF080462046F3F333F30A286B
:10AF6000C8BFD8F82C306061C8BFA3642228D8F8C5
:10AF70000430C8BFD8F8AC20A361C8BFE261DA00D2
:10AF80001CD5222814DDE3695B0611D5002220467A
:10AF900040F62701F3F374F401462046F4F3BAF0C7
:10AFA000D0F80436002163622046F4F3B3F002E0E7
:10AFB000D8F80436636294F8243023624FF4E063D7
:10AFC000A3604FF0FF33E36011232361A1464FF0EC
:10AFD000000817E04146F4F39DF02046F3F3E2F257
:10AFE0002046F3F3EFF21EB1D9F814319E4203D09C
:10AFF000D9F88C309F4201D1C5F8008008F10108D2
:10B0000009F10409D4F8D03020469845E2D32968E4
:10B01000F4F380F00120BDE8F883F7B50022134671
:10B020000D4601210446E5F738FB0021282207469A
:10B030000B4620460091F3F3C1F20646280709D0DB
:10B04000204601210622F3F367F62046022106225C
:10B05000F3F362F615F0F00F04D02046002102222F
:10B06000F3F35AF615F4706F0ED02046002101223A
:10B07000F3F352F601210A462046F3F34DF620463B
:10B0800002210122F3F348F601213B4620464FF00E
:10B09000FF32E5F702FB2046002128224FF0FF3364
:10B0A0000096F3F38BF2FEBD0020EAF327B0000018
:10B0B00010B50C490446FFF7F7FF80B288B9D4F801
:10B0C00080000849EAF31AF080B250B9D4F8800041
:10B0D0000549EAF313F04FF6FF7380B2002808BF6A
:10B0E000184610BD6D9902007B990200436907B5AF
:10B0F0000A2B09DD003118BF012100912422002113
:10B100000123F3F35BF201E04FF0FF300EBD07B512
:10B110000021F8220B460091F3F350F200F00F00EB
:10B120000EBD00002DE9FF47DDF830809246DDF8C6
:10B1300034900F464FF46372002104461E460E9D64
:10B14000B8F1010F08BF4FF00008E9F35FF11123D8
:10B150002361C4F88860C4F85C90C4F858A0C4F8AF
:10B160000480B8F1000F40F0C580204641463A46C1
:10B170004B46FFF74BFE002800F0C0804FF0C05355
:10B180001A68130F02F47021236093B202F4700264
:10B19000120D626444F25832090C9342E363216455
:10B1A0000AD004D844F25632934208D104E0A3F501
:10B1B0002A432E3B012B02D82046FFF729FE636C61
:10B1C00020460E3B012B8CBF0023012384F84C301A
:10B1D0004FF0C0513A46FAF793F9D4F8D030002B2B
:10B1E00000F08A80002704AB43F8047D8DE8480016
:10B1F00020464FF0C0513A463B46FFF7A0FE0028DC
:10B200007CD02046FFF736FD0F9B0095019320462A
:10B2100039463246A36DFDF7F3FF002870D105B122
:10B220002D683A4E20462946FFF716FE3278002A4E
:10B2300042D16369132B19DD4FF400612046F3F30B
:10B240005BF7334907462846E9F37CF738B12846CF
:10B250002F49E9F353F7B0F1FF3F08BF0020002367
:10B26000BB650399F8652046F3F354F72046A16DBA
:10B27000FFF7BAFA2046A16DFFF71BFB28462549C8
:10B28000E9F33CF7024620B92046A16DFFF792FB97
:10B290000246C4F88823A16D2046FFF789FA2046AC
:10B2A000FFF75AFD2046A16DFFF7B4F82046A16DC7
:10B2B000FFF710FB012333702046F3F3E1F5284636
:10B2C0001549E9F33FF738B113492846E9F316F772
:10B2D00001462046FFF7A1FE28461049E9F332F760
:10B2E00078B128460D49E9F309F701462046FFF7F2
:10B2F000E5FD06E0002404E01C4602E0044600E010
:10B300003C46204604B0BDE8F08700BFE061010084
:10B310003E9902005B990200739902003499020081
:10B320001FB50F4C02462378BBB910B9034601463E
:10B3300001E00C4B191D0020009001900293039135
:10B34000094844F210714FF0C053FFF7EBFE28B1EB
:10B35000064B20221A6001232370034804B010BD5D
:10B360007065010064620100E4610100A004000056
:10B370002DE9FF4707464FF46370884691469A4689
:10B380000D9E0E9DEEF358F00446C8B10C9B394655
:10B39000019342464B46CDF800A002960395FFF775
:10B3A000C1FE074620B92046EEF358F03C4607E0C0
:10B3B00006B13668C4F8806005B12D68C4F88450C1
:10B3C000204604B0BDE8F08770B5064686B04FF45D
:10B3D000BC70EEF331F00446E8B100214FF4BC72CA
:10B3E000E9F314F00D4B266000930D4B00250193FB
:10B3F00030680C490C4A234602950395049505953F
:10B4000000F0D8FE30B94FF49663C4F8603184F888
:10B41000640100E02C46204606B070BDA5388100CE
:10B420005D3D8100D8D288003CC5890010B5044636
:10B4300050B1036805491868224600F060FE2046B6
:10B44000BDE81040EEF30AB010BD00BF3CC5890056
:10B450002DE9F041054686B08020EDF3EDF7044676
:10B46000002844D000218022E8F3D0F70423636051
:10B47000B4232560A381A046C5F858472746002677
:10B480000EE01C2202FB06423C61A8681B491032F8
:10B490000023FAF36DF338621C3700282BD00136F5
:10B4A00063689E42EDDB164B16490093002301931F
:10B4B00002930393049305932868134A234600F0EC
:10B4C00079FEC0B913E0D8F8201031B1236898682C
:10B4D000FAF336F30023C8F82030013508F11C08D0
:10B4E00063689D42EFDB2046EDF3B8F70024204669
:10B4F00006B0BDE8F0810025F2E700BF49488100B1
:10B50000A94681007CD388007F3F890070B504463E
:10B5100000281ED003680F491868224600F0EFFD8E
:10B52000254600260DE0296A29B123689868FAF3B8
:10B5300007F300232B62E86908B1EDF38FF70136BA
:10B540001C3563689E42EEDB2046BDE87040EDF39B
:10B5500085B770BD7F3F890010B50446C06F08B144
:10B56000FFF764FFD4F8840008B107F0C1FED4F8F7
:10B57000800008B1FFF7CAFFD4F8B00008B100F0AE
:10B5800013F9A06808B101F0E3F92046BDE81040C6
:10B59000EDF364B72DE9F04F07468DB0B8208A4629
:10B5A00090461D46179EEDF347F70446002800F02D
:10B5B000A0804FF0000B0021B822E8F327F72660A7
:10B5C00084F88CB03846FFF76BFA0BABC4F8A8B020
:10B5D0002A4601900693814641F2E44120463346D3
:10B5E000CDF800B0CDF808A0CDF80C800494CDF8CB
:10B5F00014B001F05DFA0546002875D0A06010F087
:10B600006FDA2B691021E3603C4B6060A3643C4A15
:10B610003346276164643846E8F35EF72B69D86FD8
:10B62000F2F356F749F6981398422B69D86F06D86B
:10B63000F2F34EF708210346324A09A805E0F2F377
:10B6400047F7314A0346082109A8E8F345F7314690
:10B6500009AA2E4B2E48E8F3FFF632460020169931
:10B660002C4B8DE88001F8F7A9FB064600283BD15A
:10B670006368012783F8787008210A46286930F04A
:10B68000D5DA36213A46D5F89802EFF730FD28464C
:10B69000FFF7DEFEC4F8800030B3284607F0F6FD61
:10B6A000C4F8840000B32846FFF78EFEE067D8B1E7
:10B6B0006368194983F8E070184B02968DE84800DA
:10B6C0000396049605962868154A234600F072FDF5
:10B6D00050B9284600F032F8C4F8B00020B1114843
:10B6E0002146EDF3A9F120B120464946FFF734FF8A
:10B6F000002420460DB0BDE8F08F00BFBD8881005A
:10B70000DB550100E05501004D4989004039010039
:10B7100081990200FD8D81002CD58800198A810055
:10B7200058FB8900F589810001207047024B0122F6
:10B730001A70E3F763BA00BFFC03000070B5064659
:10B7400086B02020EDF37EF60446F0B100212022E1
:10B75000E8F35CF64FF4E153E3804B2323810A23A3
:10B7600063810E4B26600025009330680C490D4A1A
:10B7700023460195029503950495059500F01AFD61
:10B7800030B93368012283F86321204606B070BDCA
:10B790002046EDF363F62C46F7E700BF7D9A810063
:10B7A0008CD58800C04B890010B5044678B1FBF3F6
:10B7B00009F3236822461868054900F0A0FC2046DA
:10B7C000EDF34CF6236800221B6883F8632110BD5B
:10B7D000C04B89000368D3F8D42041F26B03116B8E
:10B7E00099420BD1936AEF2B28D001D8D62B04E0D5
:10B7F000F52B23D040F20F118B421FD0936A40F2F9
:10B80000C65293421AD040F27452934216D0036A41
:10B810007F2210E0482283F8FD2006E002F0C002FB
:10B82000921102EB810183F8FD10036A93F9FD2068
:10B83000142A0BDC482283F8FD207047036A93F832
:10B84000FD104AB2B2F1FF3FE8D1E3E77047D0F80C
:10B85000E81110B5044629B18068FAF371F10023AC
:10B86000C4F8E831D4F8001229B1A068FAF368F1FD
:10B870000023C4F80032D4F88434D3F8301139B13D
:10B88000A068FAF35DF1D4F884340022C3F83021C3
:10B89000D4F8501329B1A068FAF352F10023C4F888
:10B8A0005033D4F8541529B1A068FAF349F10023B4
:10B8B000C4F85435D4F8F41529B1A068FAF340F16E
:10B8C0000023C4F8F435D4F8C41729B1A068FAF3FA
:10B8D00037F10023C4F8C43710BD10B50446006822
:10B8E00007F0D8F8D4F8800620B106F021F800233C
:10B8F000C4F88036D4F87C0620B106F049FA00235B
:10B90000C4F87C36D4F89C0120B108F089FE0023ED
:10B91000C4F89C31D4F88C0120B101F025FE00233D
:10B92000C4F88C31D4F8400120B102F069FF002343
:10B93000C4F84031D4F8540120B1FEF3FFF30023E2
:10B94000C4F85431D4F8300120B102F019FC0023BE
:10B95000C4F83031D4F8340120B102F0C1F9002329
:10B96000C4F83431D4F8380120B102F01BFB0023B5
:10B97000C4F83831204602F0D5FAD4F84C0120B191
:10B9800006F0BAFA0023C4F84C31D4F8480120B1CB
:10B9900008F078FD0023C4F84831D4F8440120B100
:10B9A00006F032F90023C4F84431D4F85C0120B128
:10B9B00008F016FA0023C4F85C31D4F82C3113B126
:10B9C0000023C4F82C31D4F8600120B104F0B4F99C
:10B9D0000023C4F86031204608F0AAFA204605F09A
:10B9E0009FFFD4F8500120B105F0FAFF0023C4F8FE
:10B9F0005031D4F8700120B101F09EFC0023C4F84E
:10BA00007031D4F8780120B104F0A8FC0023C4F808
:10BA10007831D4F87C0120B107F06CFE0023C4F823
:10BA20007C31D4F8740120B108F072FD0023C4F811
:10BA30007431D4F8840120B101F01CFC0023C4F857
:10BA40008431D4F8880120B104F0E2FB0023C4F86B
:10BA50008831D4F8780420B107F0F4FC0023C4F84E
:10BA60007834D4F87C0420B107F02EFD0023C4F80C
:10BA70007C34D4F8800420B107F0C0FD0023C4F862
:10BA80008034D4F8940120B108F0A2FE0023C4F859
:10BA90009431D4F8640820B108F0F6FE0023C4F80D
:10BAA0006438D4F8F80620B108F040F90023C4F84F
:10BAB000F836D4F89C0620B104F0E2FE0023C4F866
:10BAC0009C36D4F8A00620B101F060FD0023C4F834
:10BAD000A036D4F8CC0620B104F0BAFE0023C4F896
:10BAE000CC36D4F8D40620B104F0F4FC0023C4F81A
:10BAF000D436D4F8D00620B108F084FA0023C4F874
:10BB0000D036D4F8600820B107F0D6FE0023C4F880
:10BB10006038D4F8DC0620B107F0FEFB0023C4F83F
:10BB2000DC36D4F8BC0608B105F081FDD4F8C006B7
:10BB300008B105F07CFDD4F8A00120B103F0F8FEB7
:10BB40000023C4F8A031D4F8F00620B106F0C2F901
:10BB50000023C4F8F036D4F8300720B1EDF37EF4BA
:10BB60000023C4F83037D4F8A40620B105F03AFD1C
:10BB70000023C4F8A436D4F8940620B104F070FF72
:10BB80000023C4F89436D4F8240120B108F06CF8EE
:10BB90000023C4F82431D4F8280120B103F0A6FD15
:10BBA0000023C4F82831D4F8880420B106F0A8FA9C
:10BBB0000023C4F88834D4F8E80520B104F0D2FD9D
:10BBC0000023C4F8E835D4F8380620B1F9F7CEFFE1
:10BBD0000023C4F838362046BDE8104004F0D4BB3A
:10BBE00070B5D0F88434056801220446A3F890208B
:10BBF000D5F8D8003C49E9F3A5F240B1D5F8D80012
:10BC00003949D4F88464E9F379F2A6F89000D4F8BD
:10BC100084346422A3F84A20D5F8D8003349E9F3E4
:10BC200091F240B1D5F8D8003049D4F88464E9F3F2
:10BC300065F2A6F84A00D4F884346422A3F84C20B4
:10BC4000D5F8D8002A49E9F37DF240B1D5F8D800FB
:10BC50002749D4F88464E9F351F2A6F84C00D4F8EB
:10BC600084346422A3F89220D5F8D8002149E9F35E
:10BC700069F240B1D5F8D8001E49D4F88464E9F3DC
:10BC80003DF2A6F89200D4F884340122A3F896205D
:10BC9000D5F8D8001849E9F355F240B1D5F8D800E5
:10BCA0001549D4F88464E9F329F2A6F89600D4F88B
:10BCB00084340422A3F89E20D5F8D8000F49E9F374
:10BCC00041F240B1D5F8D8000C49D4F88464E9F3C6
:10BCD00015F2A6F89E00D4F884346422A3F89420C8
:10BCE0000122A3F8982070BD079A0200239A02004F
:10BCF000E3990200749B0200CD990200B5990200FD
:10BD0000F7B5036A044693F9FC00421C2CD0236863
:10BD100093F87C200A2A02D8FEF308F225E0D3F833
:10BD2000D85014492846E9F3E9F113498DF8040085
:10BD30002846E9F3E3F111498DF805002846E9F3B7
:10BD4000DDF100258DF806002E4601AF7857FEF391
:10BD5000EDF176B2E8550135B042A8BF0646032D95
:10BD6000F6B2F2D1304600E00820236A83F8FC00E6
:10BD7000FEBD00BFF5990200FB990200019A020086
:10BD80000368D0F8842470B5D3F8D8500323D37156
:10BD9000D0F8842404461372D0F88424444982F8ED
:10BDA000AD30D0F88424284682F8AE30E9F3A6F10D
:10BDB00040B220B928463F49E9F3A0F140B2431E02
:10BDC0000E2B0CD80128D4F8842401D1002302E0E2
:10BDD000022804D10123D371D4F884241372D4F837
:10BDE000843493F81C210AB10322DA7132492846BF
:10BDF000266AE9F383F186F8FC002046FFF780FF0E
:10BE00002E492846266AE9F379F186F8FD00204696
:10BE1000FFF7E0FC236A93F8FD2083F8FE202168F9
:10BE200041F26B02D1F8D430186B904229D1226ACA
:10BE300092F9FC00082824DC9B6AD12B12D0E92B54
:10BE400010D0902B0ED08B2B0CD08D2B01D10D232D
:10BE500015E0932B0AD1B1F87A301B051B0DB3F511
:10BE6000826F01DC18230AE01B2308E08E2B01D12E
:10BE7000102304E0D62B01D0E42B02D1172382F843
:10BE8000FC30236840F27452D3F8D4309B6A93425A
:10BE900003D040F2C652934207D1236A93F9FC20A3
:10BEA000082A02DC172283F8FC20012070BD00BFA5
:10BEB000579A02001F9A0200959B0200519A0200B5
:10BEC00010B504461C49806822460023F9F350F659
:10BED000C4F8E80170B3A068184922460023F9F3BA
:10BEE00047F6C4F8000228B3A0681549224600238B
:10BEF000F9F33EF6C4F85003E0B1A06811492246B8
:10BF00000023F9F335F6C4F8540598B1A0680E493A
:10BF100022460023F9F32CF6C4F8F40550B10023AF
:10BF2000A0680A492246F9F323F6C4F8C407003092
:10BF300018BF012010BD00BF713D82005D0182006D
:10BF400075EF81001DFD8100CD378200A5CF8100F6
:10BF500070B5FF220446012384F8732484F8DB22A1
:10BF600041F20101D4F8842400260376A4F8581481
:10BF70006420032184F8400584F8763484F87264E0
:10BF8000D171D4F8842440F62A151172A4F85A54B9
:10BF9000A4F85C54A4F85E54A4F86054A4F8625465
:10BFA000A4F86454A4F86654A4F86E1440F62B1553
:10BFB0000221A4F86854A4F8701407250421A4F8F9
:10BFC0006A54A4F86C14A4F82E06A4F8686384F8E4
:10BFD0002062A4F82C6684F8346284F8236284F822
:10BFE000216284F8F26484F8B06284F827652168DD
:10BFF0004FF0FF3081F8533048632168204681F8C4
:10C000004130216881F84230216881F8D16021688F
:10C0100081F84360216884F80E6284F80F62C4F8E6
:10C02000506681F89430216881F8F530216881F8F4
:10C03000F430216881F89D30216881F8343121681D
:10C0400081F86931216881F82861216881F861618E
:10C05000216881F86A612268966684F8643384F8FE
:10C06000653392F84F10890718BF82F852300323C6
:10C070000125002284F8DC3184F8E4314FF4487360
:10C08000A4F8343584F85065A4F84E2584F8DC55BE
:10C0900005F096DD052384F82036236884F82061B6
:10C0A00084F8585683F8115123684FF0FF31A4F8F3
:10C0B0007017A4F8541884F8736784F8A15784F8AB
:10C0C000B05783F84251236883F84351236883F8BB
:10C0D0005C61236883F86451236883F866512368A0
:10C0E00083F86B51236883F86751236883F868519C
:10C0F000236883F83B612368C3F83C6170BD2DE978
:10C10000F0470F469246002834D00468002C35D002
:10C110004FF00008C14628E0D4F8C4023946404434
:10C12000E8F300F2E8B9D4F8C8324FEA890653F8C8
:10C130002930534515D1D4F8C43243445D6B013DD9
:10C140005D63EDB9184629463822E8F35FF1D4F86B
:10C15000C802294680190422E8F358F12846BDE8B0
:10C16000F08709F1010908F13808236893F8B43021
:10C170009945D1DB6FF01D00BDE8F0876FF01D0021
:10C18000BDE8F087F8B500250F4606682C4608E0A4
:10C19000D6F8C40239464019E8F3C4F1383538B14D
:10C1A0000134336893F8B4309C42F1DB6FF01D0426
:10C1B0002046F8BD2DE9F0478A461146984691463B
:10C1C0000468FFF7DFFF031E05DA2368002693F8F3
:10C1D000B42035463BE0D4F8C822382042F823800A
:10C1E000D4F8C42200FB0320436B013343630020D7
:10C1F000BDE8F087D4F8C43206F138019F5D981984
:10C200001FBB49461F22E8F3D9F1D4F8C4320C9978
:10C210009E19089BC6F820A0B362099B384673623A
:10C220000A9BF3620B9B3363D4F8183743F835103D
:10C2300003EBC5020D9B5360736B01337363D4F83A
:10C24000C83243F82580BDE8F08701350E46954297
:10C25000D0DB6FF01500BDE8F0872DE9F0410768ED
:10C260000C4615469846D7F8CC02002604E0036831
:10C270009C420BD0064600690028F8D111E000234B
:10C2800003610EB1306101E0C7F8CC02069B80E883
:10C290003001C3600020BDE8F0816FF01500BDE8FB
:10C2A000F0811420EDF3C8F00028E8D1F5E7000094
:10C2B00013B500230446009321460068194AFFF78E
:10C2C000CCFF014658BBD4F888040322164B05F076
:10C2D0007FFF014618BBD4F888040222134B05F0F7
:10C2E00077FF0146D8B9D4F888040522104B05F031
:10C2F0006FFF014698B9D4F8880406220D4B05F06B
:10C3000067FF014658B9D4F8880408220A4B05F0A3
:10C310005FFF002814BF4FF0FF30002001E04FF016
:10C32000FF301CBDC9A381002DCC8100B12C82003F
:10C33000F92E8200FD4E000029FD8100026810B533
:10C34000D2F8CC0200230EE00468A14209D10169B1
:10C350000BB1196101E0C2F8CC12EDF37FF00020BF
:10C3600010BD034600690028EED16FF01D0010BD1E
:10C3700041F2E443984208D10023064A9A5A8A427D
:10C3800005D00233B3F58C7FF7D100207047012030
:10C39000704700BF5C9A02002DE9F043D0F8545377
:10C3A0000021C82287B004462846E8F32FF0642312
:10C3B000EB85032385F8603000220123D4F858016F
:10C3C0004FF4805139F042D8FF28074605D1236A3F
:10C3D000186919684DF094D90746236A6F860021C1
:10C3E000A4F85674204607F46057B3F808801E6816
:10C3F0000CF008DBB7F5205F05F1380908D0B7F578
:10C40000C05F07D0B7F5805F14BF0A27142702E08A
:10C41000A02700E028270021FF238DE80A00D4F898
:10C420008434029003971B7942460493484633466E
:10C430005BF07ADA236893F84F309A0703D0EB88E1
:10C4400043F02003EB8007B0BDE8F08382B010B565
:10C4500014246143D0F8D44203936350059B6018C1
:10C460004360069B02618360049BC360BDE810408B
:10C4700002B0704730B503680446DB6985B09A6D39
:10C480004068D4F83C16DB6DF9F738FBC4F8380681
:10C49000002800F0DE81204604F068F9C4F8E805C1
:10C4A000002800F0D981204605F04AFEC4F888042F
:10C4B000002800F0D481204603F048F9C4F8280190
:10C4C000002800F0CF81204607F098FBC4F8240133
:10C4D000002800F0CA81204604F0D6FCC4F8940677
:10C4E000002800F0D181204605F08EF8C4F8A4069B
:10C4F000002800F0CC81204604F0F2FE002840F035
:10C50000C981204604F04EFF002840F0C381204638
:10C5100004F076FF002840F0BD81204604F0D4FFEF
:10C52000002840F0B781204605F00AF8002840F0C6
:10C53000B181204605F020F80546002840F0AA8188
:10C540000321D4F8A4060A4605F054F9C4F8BC0641
:10C55000002800F0A281D4F8A40602212A4605F0A2
:10C5600049F9C4F8C006002800F09A812946C04A5B
:10C57000C04B20460095019407F084FBBE4B1A1D6A
:10C5800007CA1B688DE80700082122462046FFF7EE
:10C590005DFF206806F062FA204606F065FFC4F8E9
:10C5A0007804002800F07F81204606F0A7FFC4F839
:10C5B0007C04002800F07981204607F035F8C4F8A3
:10C5C0008004002800F07381204601F063FEC4F867
:10C5D0001805002800F06D81A84B2046C4F854319E
:10C5E00001F0E8FDC4F83001002800F06481204625
:10C5F00001F0A0FBC4F83401002800F05E81204661
:10C6000001F000FDC4F83801002800F058812046F0
:10C6100001F092FC002840F05581204607F092FB83
:10C62000C4F85C01002800F05081204607F06CF946
:10C63000C4F86008002800F04A8120682146A268FA
:10C640008F4B03F0CBFEC4F89802002800F0418124
:10C65000204603F0BBFBC4F86001002800F03B81DA
:10C66000884B2046C4F82C3105F000FBC4F8440187
:10C67000002800F03281204607F01EFFC4F8480170
:10C68000002800F02C81204605F074FCC4F84C0111
:10C69000002800F02781204602F0D6F8C4F84001B7
:10C6A000002800F021812368012283F8A120204680
:10C6B00004F0EAF8C4F89C06002800F01781204630
:10C6C00007F09EFB002840F01381204605F0E4F9B6
:10C6D000C4F85001002800F00D81204605F004F94F
:10C6E000002840F00981204600F03CFEC4F87001AB
:10C6F000002800F00381204603F09AFDC4F8780179
:10C70000002800F0FD80204607F010F8C4F87C01F6
:10C71000002800F0F880204607F010FFC4F87401EC
:10C72000002800F0F380204600F0BAFDC4F8840130
:10C73000002800F0ED80204603F034FDC4F88801A5
:10C74000002800F0E780204607F0BEFFC4F89401FF
:10C75000002800F0E180204600F06AFEC4F88C0159
:10C76000002800F0DB80204607F070FFC4F89C0131
:10C77000002800F0D580204669F094DE60B12046A4
:10C7800008F036F8C4F86408002800F0C98023686F
:10C79000012283F8322102E0236883F83201204627
:10C7A00007F08EFAC4F8F806002800F0BB80204697
:10C7B00005F002FBC4F87C06002800F0B580204696
:10C7C00005F0C4F8C4F88006002800F0AF802046C9
:10C7D00007F03EFCC4F8D006002800F0A9802368CA
:10C7E000012283F8A320204600F0E2FEC4F8A00650
:10C7F000002800F09F80204603F0D4FFC4F8CC0648
:10C80000002800F09980204603F08AFEC4F8D40680
:10C81000002800F09380204606F08EFDC4F8DC0668
:10C82000002800F08D80236893F869313BB12046E1
:10C8300003F09CF8C4F8A001002800F08380204693
:10C8400005F022FBC4F8F00600280CBF762000207B
:10C8500079E04FF4967076E040F22D1073E04FF4DB
:10C86000977070E040F22F106DE04FF498706AE01E
:10C8700019348200E5338200389A0200EFBEADDE43
:10C8800041FF8100EFBEAD0D40F231105BE04FF48F
:10C89000997058E040F2411055E040F2471052E0E4
:10C8A0004FF4A4704FE024204DE025204BE02620DB
:10C8B00049E02A2047E0312045E0322043E040F2C1
:10C8C000F51040E04FF4FB703DE035203BE0BD202B
:10C8D00039E0392037E03C2035E03E2033E040F2BB
:10C8E0006D2030E03F202EE043202CE06A202AE03B
:10C8F000472028E0492026E0482024E04A2022E082
:10C9000040F2E5201FE040F2E6201CE04B201AE058
:10C910005A2018E05B2016E05E2014E05F2012E051
:10C92000632010E065200EE008480CE067200AE074
:10C930006C2008E06E2006E06F2004E0702002E02A
:10C94000722000E0732005B030BD00BF50464D009E
:10C95000F8B50446002800F0A6800FF099D9D4F865
:10C96000F415D0F1010638BF002621B1A068F9F313
:10C970007BF000B901362046D4F82C1305F00CDF0B
:10C980002046D4F8DC1405F007DF2046D4F8341331
:10C9900005F002DFD4F8400308B1ECF35FF5D4F8FA
:10C9A000980220B103F070FD0023C4F89832276A82
:10C9B000B96911B1204661F09BD80025BD61D4F85A
:10C9C0006432595911B1204632F098DA0435202DDD
:10C9D000F5D1D4F8580103F0B3FA2046FEF737FF3B
:10C9E000D4F8180520B101F031FC0023C4F8183543
:10C9F0002046FEF772FF204602F042FA23688619AD
:10CA0000D3F8D41031B1606802F035FA23680022FF
:10CA1000C3F8D4202368D3F8D80028B1ECF31EF56E
:10CA200023680022C3F8D820D4F8D05204E0284666
:10CA3000EF68ECF313F53D46002DF8D12146C4F81C
:10CA4000D0522068FFF77AFC206818492246FFF789
:10CA500056FBD4F8640118B107F09EF8C4F864518D
:10CA6000D4F89C0220B1ECF3F9F40023C4F89C3212
:10CA7000D4F8F80448B1ECF3F1F40023C4F8F83426
:10CA800003E02046616815F037D8D4F89422002AD4
:10CA9000F7D104F5C6600C30F8F7B2FF20466168A4
:10CAA00001F08AF800E006463046F8BDDD56010088
:10CAB0002DE9F04F91B0002491461B9E9DF868200F
:10CAC0000790DDF878B02046099198460892DDF885
:10CAD00080A00C940D940E94E3F792FB48463146E7
:10CAE0001C9A1D9BCDF800B00CF031F8054608B13A
:10CAF000012376E3FEF71AFE0DAB01930EAB029312
:10CB0000484631461C9A1D9BCDF800B002F0AEF9A4
:10CB1000074618B901230C93044688E30D9848B1E1
:10CB2000AA49E8F30FF328B129462A46E8F3A6F00C
:10CB30001FFA80F91F9B3046009341460CAA4B46D2
:10CB400001F06CF80446002800F0898305680E9A0D
:10CB500046600D9BC5F8DC20D0F88424FF21C5F881
:10CB6000D470C5F8D83082F86010426A0023C261E0
:10CB7000079A0D938260964AC5F80C80C5F8A420E8
:10CB80006E610E93012280F84226D0F8E022C0F8B0
:10CB9000A4B163F31722C0F8E022089A414685F851
:10CBA000212080F8CF31032380F84135FFF7D0F9F9
:10CBB000236804F5C662DB696068196E0C32F8F709
:10CBC000E2FE0746002840F032832046394605F051
:10CBD00007D8204607993246434606F045FFC4F879
:10CBE000640108B90F23FCE27A4B28468DE88800DF
:10CBF000794B7A4904937A4B7A4A059323460297F4
:10CC00000397FFF7D7FA08B11023EAE2089B1C9AB2
:10CC10008DE848001D9B02920393204609994A46DD
:10CC20004346CDF810B002F01DFA0C90002840F0F9
:10CC3000FE822369D86FFEF76AFAA4F84006B4F8BA
:10CC4000AA010DF0CFD9003018BF01200A3054F8E6
:10CC500020300AA9236220692FF0FCDF00283DD193
:10CC60000A9B0746C4F8B03139460FAA204604F0A3
:10CC7000ADDC39462046BDF83C20013704F0AADC83
:10CC8000062FF1D14FF44073C5F8E8302A23C5F8D8
:10CC9000B8303223C5F8BC3036234FF47D62C5F876
:10CCA000C43040F2D453A5F8CA20A5F8C0304FF4E0
:10CCB0005D72002385F8B670A5F8C82084F8943713
:10CCC000D5F8B830842B02D98423C5F8B8304FF496
:10CCD0000470ECF3B1F3C4F89C0208B9142380E2A9
:10CCE0004FF404720021E7F391F322460023D2F8B7
:10CCF000A002D4F89C12043241F82300D4F89C120C
:10CD000051F823108B710133042BF0D1012385F8E6
:10CD10009330236A1869EEF7A1FF00F0010085F84F
:10CD20005400236A1869EEF799FFC0F3C00085F834
:10CD300055002946204607F0EDF92B49D5F8D800D3
:10CD4000E8F3DCF1D5F8D42040F26E51936A07463F
:10CD50008B4208D0126B41F26B018A425AD1D12B1F
:10CD600001D0E92B12D1D4F88434192283F8492058
:10CD7000D4F884344FF0FF325A64642283F87A2066
:10CD8000D4F88434012283F8302059E0B3F5897F48
:10CD900011D8B3F5887F32D8F52B07D8F42B2ED2D3
:10CDA000E42B2CD0EF2B2AD0D62B27E0A3F58773CA
:10CDB000012B45D823E0B3F59A7F17D2B3F5987FBE
:10CDC0001DD840F21712934218E000BF839B020067
:10CDD00000315F0701638200EC56010008D688002D
:10CDE000514F0000DD560100899B0200B3F59A7F88
:10CDF00026D9B3F59B7F02D9B3F5A57F20D1D4F80E
:10CE00008434322283F87A20D4F88434642283F87C
:10CE1000492010E041F2E4418A4211D140F2DA5255
:10CE200093420DD1D4F88424642382F87A30D4F864
:10CE3000842482F84930D4F884344FF0FF325A64A5
:10CE40002046FEF7CDFED4F884341922A3F8AA2098
:10CE5000204607F07FF8D4F88434226A19781069E4
:10CE6000DA784EF0D1D8D4F878364FF0010983F84B
:10CE70003490E1692069043103F0D7FD236AD4F8C6
:10CE800084B418694EF0D8D9CBF8400004F5E47B9F
:10CE9000206959462EF064DF0622281D5946E7F323
:10CEA00031F2B4F8AA010DF09DD8003018BF01206E
:10CEB0000A3054F8203020462362FEF761FF08B99B
:10CEC00018238EE1216A0F2340F2FF32A1F80031CE
:10CED000A1F8022101F1F80301F1F402204601F06A
:10CEE0001BFC236AD3F8F420C3F8F020C3F8E82031
:10CEF000D3F8F820C3F8EC201A68022A08BF83F898
:10CF0000159007F00103002B0CBF0323002385F8C5
:10CF10004F30236A1869EEF7A1FE10F40060236811
:10CF200006D093F84F2002B1012283F8512001E08E
:10CF300083F85100216A20461C3106F06DDA002189
:10CF40002046D4F820900BF05DDD00227F2309F10C
:10CF5000500100930190134609F11C005AF020DDA6
:10CF6000204664F02FDF40F2CC63C4F82836204618
:10CF7000FFF780FA0C90002840F05981D4F8800423
:10CF800002219DF92C2059F0F9DD20464146FEF79B
:10CF900097FF10B94FF47A7323E1204602F0F4FFB3
:10CFA000C4F8580110B940F2E9331AE12046FFF7FE
:10CFB000F3F92046314614F07FDD10B940F2EB332F
:10CFC0000FE1C4F8BC05C4F8C0053146204614F092
:10CFD00073DD10B94FF47B7303E10123C4F8C4057A
:10CFE00085F8A830204602F045FC10B140F2ED3340
:10CFF000F7E00623A5F86030A5F8623095F89C307C
:10D00000012B04D14022A5F86020A5F86220D5F8B4
:10D0100088300A221A804FF454725A80D5F88C3026
:10D020000126C4221E805A80D4F830011FF0C8DDCA
:10D0300008B184F80E62B4F8E13243F4C05343F00F
:10D040001E03A4F8E132236A1869EEF707FEC10651
:10D0500007D5D4F8843401229A74D4F88434FF229A
:10D06000DA74B4F8E1224FF2FF731340D4F8842449
:10D07000A4F8E132D278012A07D123F4006323F027
:10D080000C031B041B0CA4F8E132FF260221012231
:10D0900084F8E06284F8DF6284F8DE62204603F000
:10D0A000BDDB01213246204603F0B8DB236A4FF096
:10D0B000FF38C4F814821869EEF7D0FD10F00406AA
:10D0C000204605D00321FEF3C3F684F81C8204E059
:10D0D0003146FEF3BDF684F81C62236A1869EEF748
:10D0E000BDFD3A0702D5002384F81C32FB0603D5A8
:10D0F00020460021FEF3ACF6BE070ED5A26A00233F
:10D1000082F84D30E26A82F84D30B4F8E13223F013
:10D1100080031B041B0CA4F8E132780703D52046DA
:10D12000002164F0D5DF390607D5B4F8E13223F0E9
:10D1300010031B041B0CA4F8E13295F84130A3B195
:10D1400095F842308BB117F0600F0ED007F0200138
:10D15000D1F1010107F0400238BF0021D2F10102F4
:10D16000204638BF002200F00FFFB4F8AA010CF0EF
:10D1700039DF003018BF012000F10A0654F826708C
:10D18000D4F868122046384A3B4660F06FDCB8613C
:10D1900054F82610886910B940F24C4321E0503110
:10D1A00028223C30E7F3AEF01420ECF34BF1C4F846
:10D1B000300710B940F24D4313E0AB6D204643F009
:10D1C0000403AB650EF078DD2046FFF771F810B16F
:10D1D0004FF4FA6305E0204603F0DEF818B140F2A0
:10D1E000D1730C9323E023682049D3F8D800E7F3E8
:10D1F000A9F770B10346184613F8012B1AB11C4960
:10D200008A5C5207F7D500210A22E7F337F5C4F804
:10D210008406A0680021F8F3A7F4012384F8A83756
:10D22000BAF1000F17D00023CAF8003013E00D98B0
:10D2300020B1ECF313F100230D930E9314B12046AB
:10D24000FFF786FBBAF1000F04D00C9B0024CAF84C
:10D25000003000E05446204611B0BDE8F08F304663
:10D26000394601F008FEE2E710570100489A020033
:10D270000AA0880038B5044670B1056821462868C0
:10D28000FFF75CF8286805492246FEF738FF20467C
:10D29000BDE83840ECF3E2B038BD00BF16570100DE
:10D2A00070B5066A8EB005463820ECF3CBF0044624
:10D2B00000282FD01B4B056000930023019302939D
:10D2C00003930493059328681749184A2346FEF7E9
:10D2D00071FFF8B9164B214600932868154A0223BE
:10D2E000FEF7BBFF0546A8B929461C2204F10B0036
:10D2F000E7F38CF03069316807AA4CF025DA234651
:10D3000007AAD97AAA5C01350A43DA7201331C2DC7
:10D31000F6D103E02046FFF7ADFF002420460EB013
:10D3200070BD00BFC54F830084E18800165701001F
:10D3300074E188007D4F830038B5044670B10568FC
:10D3400021462868FEF7FAFF286805492246FEF7BD
:10D35000D6FE2046BDE83840ECF380B038BD00BFB3
:10D360001A57010030B5054687B00C20ECF36AF07F
:10D37000044600283FD0002305600121009301905E
:10D38000204A2846204B02F037FA0028606032DB42
:10D390001E4BD5F894068DE81800052121221C4B60
:10D3A00003F0F2FB38BB1B4BD5F894068DE8180050
:10D3B00005212422184B03F0E7FBE0B9174B01903D
:10D3C0000093029003900490059015492868154A2F
:10D3D0002346FEF7EFFE70B9134B286800932146F1
:10D3E000124A0323FEF739FF28B92A680123A360F4
:10D3F00082F8A93003E02046FFF79EFF0024204674
:10D4000007B030BD7954830075548300C155830043
:10D410007D548300915683009D5483004D558300B5
:10D42000C0E188001A570100A8E18800D1548300A8
:10D4300030B5054687B000286DD00820ECF302F027
:10D440000446002868D00023056014210093019051
:10D45000354A2846354B02F0CFF9002860605EDB84
:10D46000334B4FF498718DE818006B22D5F8940671
:10D47000304B03F089FB002851D12F4B05218DE85B
:10D4800018006B22D5F894062C4B03F07DFB002886
:10D4900045D12B4B4FF490718DE818006C22D5F8D4
:10D4A0009406284B03F070FB002838D1264B4FF42C
:10D4B00090718DE818006F22D5F89406234B03F085
:10D4C00063FB00282BD1224B0A218DE818006E2225
:10D4D000D5F894061F4B03F057FB00281FD1009589
:10D4E000D5F894060A216E221B4B03F003FEB0B957
:10D4F0001A4B0190009302900390049005902868C5
:10D500001749184A2346FEF755FE40B92B680122F9
:10D5100083F8AC2000E00446204607B030BD20462A
:10D52000EBF39CF70024F7E7215C8300015C8300A8
:10D53000395E8300555C8300195E8300355C83008F
:10D54000595E8300815C8300C55E8300C15C8300FB
:10D55000F15E8300ED5C8300E15B8300195D830075
:10D56000D8E188001E57010010B5044650B1036889
:10D57000054918682246FEF7C2FD2046BDE8104066
:10D58000EBF36CB710BD00BF1E57010010B5044689
:10D5900050B10368054918682246FEF7B0FD2046E1
:10D5A000BDE81040EBF35AB710BD00BF999B0200D5
:10D5B00070B5054686B00820EBF33EF70446002818
:10D5C00000F0B9805F4B05604FF4907100930190BB
:10D5D0003022D5F894065C4B03F0D6FA002840F0D0
:10D5E000AA805A4BD5F894068DE818004FF4907134
:10D5F000F422574B03F0C8FA002840F09C80554BAA
:10D60000D5F894068DE818000A21F422504B03F057
:10D61000BBFA002840F08F804F4BD5F894068DE878
:10D6200018004FF49071A0224C4B03F039FB0028F6
:10D6300040F081804A4BD5F894068DE8180005210A
:10D640003022484B03F0A0FA002874D1464BD5F89D
:10D6500094068DE818000521F422444B03F094FA57
:10D66000002868D1424BD5F894068DE818000521B2
:10D67000A022404B03F014FB00285CD1D5F894069F
:10D68000052130223C4B009403F034FD002852D198
:10D69000D5F894060521F422384B009403F02AFDB6
:10D6A000002848D1D5F894060521A022344B0094D7
:10D6B00003F0A6FD00283ED1D5F89406C021302203
:10D6C000304B009403F016FD002834D1D5F89406B1
:10D6D000C021A0222C4B009403F092FD58BBD5F83A
:10D6E0009406C021F422294B009403F003FD10BBE3
:10D6F000D5F894060A21F422254B009403F0FAFC95
:10D700000646C0B98DE8110001212846214A224B66
:10D7100002F072F8002860600DDB204B28688DE86D
:10D7200048001F491F4A2346029603960496059611
:10D73000FEF740FD18B12046FFF728FF00242046E1
:10D7400006B070BD59638300216383003BA10000D4
:10D75000D59C0000E5A000006D6383003D6383005D
:10D76000996283002161830077A0000031A000004E
:10D77000E962830071618300A96183000D9D00004F
:10D780001D6283003D668300556683005D9C00003A
:10D790008F9C00008563830081638300B9648300EC
:10D7A00038E28800999B02002023402180E80A008B
:10D7B000C0F8B010C16218214FF4F06281630164B7
:10D7C00001651D212DE9F04182600B251022C16504
:10D7D00005210A24C2604561856142620425C0F8C2
:10D7E000B820016680224FF4F0714FF48066046126
:10D7F000C4618562012409254FF0140C426311278E
:10D80000082281664FF027080321C0F8B430046273
:10D810004466C46443658567C0F830C0C2638765E9
:10D82000C66606674167C0F87C80C0F8A440B02493
:10D83000C0F8C0404824C0F8C4406024C0F88450F8
:10D84000C0F88850C0F8C84002253024C0F8E03045
:10D85000C0F8F030D3234FF01208C0F88C50C0F855
:10D860009050C0F89C50C0F8A050C0F8CC404FF485
:10D87000FA650624C0F8F4300023C0F88080C0F8B0
:10D8800094C0C0F89810C0F8A810C0F8AC20C0F838
:10D890000021C0F80421C0F8D040C0F8D470C0F80E
:10D8A000D850C0F8DC20C0F8E840C0F8E460C0F808
:10D8B000FC30C0F8F810BDE8F081012070477047D7
:10D8C00038B50446D0F82C0320B1EBF3C7F500239C
:10D8D000C4F82C33D4F8340320B1EBF3BFF50023A4
:10D8E000C4F83433D4F8180730B1236823B1EBF30C
:10D8F000B5F50023C4F81837D4F8C40218B123686A
:10D900000BB1EBF3ABF5D4F8C8020025C4F8C45250
:10D9100028B123681BB1EBF3A1F5C4F8C852D4F8C1
:10D92000640208B1EBF39AF5D4F854030025C4F867
:10D93000645218B1EBF392F5C4F85453D4F81403BD
:10D9400020B1EBF38BF50023C4F81433D4F8D402E0
:10D9500008B1EBF383F500256319D3F8A032D3F8AF
:10D96000E00008B1EBF37AF50435102DF4D1D4F8CA
:10D97000A00208B1EBF372F5D4F8840420B1EBF304
:10D980006DF50023C4F88434D4F8DC0420B1EBF343
:10D9900065F50023C4F8DC34D4F8280520B1EBF396
:10D9A0005DF50023C4F8283538BD10B50C46D1B15B
:10D9B000C86918B1EBF352F50023E361D4F888008D
:10D9C00020B1EBF34BF50023C4F88830D4F88C0079
:10D9D00020B1EBF343F50023C4F88C302046BDE8BA
:10D9E0001040EBF33BB510BD70B504464FF4B87072
:10D9F0001646EBF327F50546A8B14FF48470EBF318
:10DA000021F5E86178B13146FFF7CEFE4FF454704E
:10DA1000EBF318F5C5F8880028B1C420EBF312F534
:10DA2000C5F88C0020B929462046FFF7BEFF002527
:10DA3000284670BD2DE9F0411D4600260368C0F858
:10DA4000C46293F8B430044638205843EBF3FAF438
:10DA5000C4F8C402002855D0236893F8B4008000AD
:10DA6000EBF3F0F4C4F8C80210B940F2F53394E0D7
:10DA70004FF40070EBF3E6F4C4F81807002800F048
:10DA80009580C4F864622020EBF3DCF4C4F86402EF
:10DA900010B94FF47E7380E0C820EBF3D3F4C4F8E0
:10DAA000540310B940F2F23377E04FF4B870EBF35F
:10DAB000C9F4C4F8840410B940F2F9336DE0802051
:10DAC000666AEBF3BFF4B06210B940F2034364E05E
:10DAD0004FF48470EBF3B6F4C4F82C0310B940F2A1
:10DAE000EF335AE04FF48470EBF3ACF4C4F8340332
:10DAF00010B94FF47C7350E01220EBF3A3F4C4F898
:10DB0000140310B94FF47D7347E0B420EBF39AF49B
:10DB1000C4F8D40210B940F2F6333EE04FF464701A
:10DB2000EBF390F4C4F8A002F0B100F1E403C4F800
:10DB3000A43200F5E47300F52B70C4F8A832C4F8E1
:10DB4000AC02264604F110072368D6F8A082DB69F0
:10DB5000D3F8D4004001EBF375F4C8F8E000D6F830
:10DB6000A032D3F8E00010B940F2F73315E00436E4
:10DB7000BE42E9D14FF48470EBF364F4C4F8DC04E2
:10DB800010B940F2FB3308E04FF48670EBF35AF41F
:10DB9000C4F8280520B940F2FF332B60BDE8F081BE
:10DBA0003820EBF34FF4C4F8780610B94FF48163D2
:10DBB000F3E70120BDE8F08138B50D4604460028A2
:10DBC0002BD0FFF77CFE20462946FFF779FEA06A9E
:10DBD00008B1EBF343F4636A5BB1986A20B1EBF3ED
:10DBE0003DF4636A00229A62606AEBF337F4002323
:10DBF0006362D4F8780620B1EBF330F40023C4F864
:10DC00007836216821B12846FFF7CFFE0023236034
:10DC10002046BDE83840EBF321B438BD2DE9F3418F
:10DC2000064640F67400884615461F46EBF30AF494
:10DC3000044610B940F2EA3310E02623C0F8E0357C
:10DC4000C0F8E435089B4146C0F81C373A463046D8
:10DC5000FFF7CAFE206018B940F2EB332B602DE0CD
:10DC600040231A4A80F8B430236812680460C3F86D
:10DC700098204FF40870EBF3E5F3A06240B100F593
:10DC80008870E0622C20EBF3DDF3606230B902E0D3
:10DC900040F2F233E2E740F2F333DFE72046314669
:10DCA00042462B460097FFF7C5FE38B12046314665
:10DCB00042462B460097FFF700FE20B9204631462A
:10DCC000FFF77AFF00242046BDE8FC8144040000F1
:10DCD00003680B22DB69C3F8BC205A619A61704764
:10DCE00010B50446F8B1D0F8500208B1EBF3B6F322
:10DCF000D4F8E80220B1EBF3B1F30023C4F8E83222
:10DD0000D4F8FC0320B1EBF3A9F30023C4F8FC33EF
:10DD10002368054918682246FEF7F1F92046BDE858
:10DD20001040EBF39BB310BD6E7D890080F8C013EB
:10DD300070470000F0B587B00546FFF7C9FF4FF404
:10DD40008160EBF379F30446002800F0D4800021D1
:10DD50004FF481624026E6F359F3256084F8E163CD
:10DD6000BC20EBF369F3C4F85002002800F0BA803D
:10DD70000021BC22E6F34AF30123A3726373A37369
:10DD8000E373A37494F8E13300223F2BE67498BF49
:10DD9000E374FF2384F828300B2322746274227307
:10DDA000E2720521022284F8DE33002384F8271072
:10DDB00084F82D2041F2285084F82C3060852868A2
:10DDC00090F89C00217501280CBF0120104684F8B2
:10DDD0002E00012084F8C0034FF40060A275606338
:10DDE000224621460520D0750220D07723B94FF472
:10DDF0008070A4F8E40302E02020A1F8E4030133DA
:10DE000001320231082BEDD100260127204641F2D4
:10DE1000285184F82F6084F8307018F0D1DA02218C
:10DE2000204685F8DA721AF011DE84F8D8630421EE
:10DE30002846324A324B0096019401F0DDFCB04294
:10DE4000C4F800044EDB042128462E4A2E4B0096CF
:10DE5000019405F017FFB042606043DB4FF43E7061
:10DE6000EBF3EAF2C4F8E80200283BD031464FF465
:10DE70003E72E6F3CBF21020EBF3E4F2C4F8FC03BD
:10DE800000282FD0214B28680093214B2149019372
:10DE9000214B224A03932346029604960596FEF7E9
:10DEA00089F9F8B91E4B84F854721A1D07CA8DE817
:10DEB000070022461B6828460721FEF7C7FAFF2302
:10DEC00084F8DD332B68204693F841101BF03CDDCD
:10DED000C823C4F8EC3220461BF04AD8202384F82B
:10DEE000E23308E0D4F8500208B1EBF3B7F2204671
:10DEF000EBF3B4F20024204607B0F0BD019183009B
:10DF0000E5908300A1918300819183006199830052
:10DF100099B783005CE2880015AA83006E7D8900B2
:10DF2000A09B0200024618B100680249FEF7E7B85C
:10DF3000704700BF5D89890010B5044686B00E4960
:10DF40000E4A234600680AF0F1D90D4B2068009371
:10DF50000023019302930393049305930949064A0E
:10DF60002346FEF727F920B12046FFF7DBFF4FF0ED
:10DF7000FF3006B010BD00BF5D89890021CF83004E
:10DF800015CE83004CE3880038B50446D0F8340140
:10DF90001546FFF7CBFED4F838012946BDE83840D6
:10DFA00000F02CB810B50446002824D0416969B1AE
:10DFB00090F829301BB103689868F7F355F523688A
:10DFC00061699868F7F3BCF500236361A06908B143
:10DFD000EBF344F2E06918B1EBF340F20023E361A4
:10DFE0002368054918682246FEF789F82046BDE8EF
:10DFF0001040EBF333B210BD7686890080F828100C
:10E000007047000070B5054686B03420EBF314F27B
:10E010000446002800F0928000213422E6F3F6F155
:10E020004023256084F82A305020EBF305F2A061EC
:10E0300000287BD000215022E6F3E8F1012384F888
:10E04000203084F8213084F8223084F8233084F89A
:10E05000243084F8253084F8263084F82730237261
:10E060001023637294F82A300F2B98BF63722B6AC7
:10E0700000261869EDF7F2FD4FF47A73E381C823A7
:10E08000238200F01000012300280CBF0520072088
:10E0900084F8283003232073E3722046A6721DF013
:10E0A000FDDC04212846274A274B0096019401F005
:10E0B000A3FBB042206339DB04212846234A244BCA
:10E0C0000096019405F0DEFDB04260602EDBA8688A
:10E0D000204922463346F7F34BF5606130B34FF4E5
:10E0E000BA70EBF3A9F1E06100B331464FF4BA72B4
:10E0F000E6F38CF1184B28680093184B18490193EC
:10E10000184B194A0393194B02960493184B059325
:10E110002346FEF74FF8064640B92B68204693F891
:10E1200042101DF06DDC84F8296007E0A06908B199
:10E13000EBF394F12046EBF391F10024204606B076
:10E1400070BD00BF05DF8300EDDE830061DF83006B
:10E1500041DF830071E28300DDDF830045E583005A
:10E1600088E3880029E1830076868900445701000E
:10E1700025A300000023037440F6FB63C3817047AE
:10E1800010B5044690B11EF025D9606808492246B2
:10E19000FDF7B5FFE06E08B1EBF360F1206EEBF335
:10E1A0005DF12046BDE81040EBF358B110BD00BF53
:10E1B0006E88890030B5054687B07020EBF33CF1DE
:10E1C0000446002834D000217022E6F31FF12B68AA
:10E1D000256063601820EBF32FF1206620B3002147
:10E1E0001822E6F313F16420EBF326F1E066D8B1D0
:10E1F00000216422E6F30AF10F4A104B0292104A02
:10E2000000930023019303920493059360680D49E2
:10E210000D4A2346FDF7CEFF30B901236382A38266
:10E220002046FFF7A7FF03E02046FFF7A9FF0024E1
:10E23000204607B030BD00BFDDF1830095EE8300BE
:10E2400075F08300DCE388006E88890070B50446B1
:10E25000E8B18569C669284600F016F9616C41B1DC
:10E26000A868F7F301F4A868616CF7F369F4002378
:10E270006364224630460649FDF741FF286821467F
:10E28000FEF75CF82046BDE87040EBF3E7B070BDE8
:10E29000826A89002DE9F0433C234FF005090A27E3
:10E2A000D0F80080C0F80435C0F80895C0F81075A3
:10E2B00087B00446A020EBF3BFF00546002800F02D
:10E2C000B1800021A0220026E6F3A0F02E70AC6100
:10E2D000C5F81C80284620F0AFDF0421A862554A0B
:10E2E000204633460096019501F086FAB042A866B2
:10E2F000C0F29880204600F0E1F80646002840F081
:10E300009180A0684C492A463346F7F331F468649B
:10E31000002800F08780494B40460093484B49490C
:10E320000193494B494A02932B460396049605965E
:10E33000FDF740FF0346002874D10090294620686D
:10E34000434AFDF78AFF014600286BD1D4F88804C0
:10E350000122404B03F03CFF002863D13E4BD4F830
:10E3600094068DE81800394601223C4B02F00CFC63
:10E37000002857D13A4B32228DE81800D4F8940681
:10E380003946384B02F000FC024600284AD1D4F846
:10E3900094064946344B009402F0ACFE002841D16B
:10E3A000D4F8940649460122304B009402F0A2FEB4
:10E3B000002837D1D4F89406494632222C4B0094D9
:10E3C00002F098FE70BBD4F894064946A422294B6B
:10E3D000009402F015FF28BBD4F894064946302279
:10E3E000254B009402F086FEE0B9D4F89406C021D3
:10E3F0002D22224B009402F07DFE98B9D4F89406A9
:10E4000090212D221E4B009402F0D6FC50B9D8F872
:10E41000D8001C49E6F372F64FF47A7390FBF3F3DD
:10E420006B8103E02846FFF711FF0025284607B05F
:10E43000BDE8F08301FD8300DD16840009FD830043
:10E44000AD0F8400A8E4880089118400826A8900E5
:10E4500065068400F9078400F5138400A511840083
:10E46000D91384009511840091128400C91284008C
:10E4700055128400791384000D138400A9148400BC
:10E48000A51484006885890038B5D0F81455044671
:10E4900075B10849024660F0B5D90749224620689F
:10E4A000FDF72DFE2846EAF3D9F70023C4F814350A
:10E4B00038BD00BF1139840066570100F0B504462D
:10E4C00087B04FF40A60EAF3B7F7054620B9C4F8FD
:10E4D00014054FF0FF3005E100214FF40A62E5F327
:10E4E00095F7226805F120032B60002608236B6155
:10E4F0002E61F821D36520467B4A7C4B009601941F
:10E5000005F0C0FBB042A86105DA2046FFF7BCFF6A
:10E510006FF00100E6E0764B002243F8042BF2078F
:10E520001FD5744901270A780D2A07FA02FE03DC79
:10E53000D21917FA02F001E04FF40040CA78012125
:10E5400011FA02F70D2A47EA0E0747EA000003DC3A
:10E55000521811FA02F201E04FF40042024343F86C
:10E56000042CB00723D5634901274A7853F804ECFB
:10E570000D2A07FA02FC03DCD21917FA02F001E0B7
:10E580004FF400408A78012111FA02F70D2A47EA78
:10E590000C0747EA000003DC521811FA02F201E00E
:10E5A0004FF40042024342EA0E0243F8042C710782
:10E5B00023D5504901270A7953F804EC0D2A07FAAC
:10E5C00002FC03DCD21917FA02F001E04FF400401C
:10E5D0004A79012111FA02F70D2A47EA0C0747EAA6
:10E5E000000003DC521811FA02F201E04FF400427D
:10E5F000024342EA0E0243F8042C320723D53D4978
:10E6000001278A7953F804EC0D2A07FA02FC03DC8F
:10E61000D21917FA02F001E04FF40040CA79012143
:10E6200011FA02F70D2A47EA0C0747EA000003DC5B
:10E63000521811FA02F201E04FF40042024342EA9A
:10E640000E0243F8042C0136102E7FF465AF2A4BDE
:10E65000002103932068294A2346009101910291E9
:10E6600004910591FDF7A6FD70BB0121D4F8880443
:10E670000A46234B03F0ACFD48BBD4F888040121C3
:10E680000222204B03F0A4FD20BB1F4BD4F89406BC
:10E690008DE81800802105221C4B02F0F3F9E0B947
:10E6A0001B4B1A1D07CA8DE807002046032122468E
:10E6B0001B68FDF7CBFE20461649224660F09CD829
:10E6C00070B9C4F814550DE06FF003000AE06FF064
:10E6D000040007E06FF0050004E06FF0060001E0C1
:10E6E0006FF0080007B0F0BDC538840045388400DD
:10E6F0007465010060E188000D32840066570100F6
:10E70000CD2F840009368400F9398400FD3184005E
:10E71000B09B02001139840070B51E468B891546E6
:10E7200042F2560293420C4608D842F255029342F6
:10E730002DD242F25002934229D108E042F2600207
:10E7400093421AD04EF2F542934220D11AE0CB897F
:10E75000012B04D16FF03B032B600F2303E06FF01C
:10E7600045032B60142333600368D3F88030D90449
:10E7700012D52B68023B2B600EE06FF04A032B6032
:10E780000F2308E06FF095032B60962303E06FF0F2
:10E790004A032B6014233360D4F8080130B30021FE
:10E7A0004022E5F333F6D4F8082180231370D4F81F
:10E7B000082129685170D4F808219370D4F80831E1
:10E7C0003268DA70D4F80831BF221A71D4F80831EF
:10E7D00000225A71D4F808310322DA8046221A81C5
:10E7E0000A225A8101229A810A22DA81D4F80C0184
:10E7F00028B100211022BDE87040E5F307B670BDD6
:10E8000010B50446E0B103680E4918682246FDF7CA
:10E8100076FCE36833B1214651F80C3BD3F83C0653
:10E82000F7F712F9A36833B1214651F8083BD3F842
:10E830003C06F7F709F92046BDE81040EAF30EB6AA
:10E8400010BD00BF969F890070B5054686B01020A8
:10E85000EAF3F2F50446002837D000211022E5F350
:10E86000D5F5D5F83C06E421194A04F10803F7F779
:10E87000DFF830BBD5F83C06E821164A04F10C035A
:10E88000F7F7D6F80646E0B98DE8110004212846CE
:10E89000114A124B05F0F6F90028606011DB104BAD
:10E8A000286800930F4B10490193104B104A0393B3
:10E8B0002346029604960596FDF77CFC08B9256070
:10E8C00003E02046FFF79CFF0024204606B070BD01
:10E8D0006B57010071570100DDBD84009DBD8400B0
:10E8E00075B6840051BE840050E6880079B6840075
:10E8F000969F890001207047012970B50E46144685
:10E9000007D1174B03211046D3F8B8300A46984771
:10E9100070BD19BB124BD3F8C050FFF7EBFF314667
:10E9200002462046A847204601213246A8472046F5
:10E9300002213246A847204603210122A84720464B
:10E940004FF481710122A84720464FF4807132466E
:10E95000A847204640F201113246A84770BD00BFCB
:10E9600010A78800806C20381F2805D8802333FA30
:10E9700000F000F00100704700207047C16FB0F850
:10E980004E3010B58A6AB3B1FF2B16D9180B013877
:10E99000012814D803F47060000A09280FD878B150
:10E9A00003F0F00090280AD803F00F0009288CBF6C
:10E9B0000020012004E0184602E0012000E00020D1
:10E9C0000C6B41F2E4418C4215D1A2F5826107390A
:10E9D000012903D83F2B98BF002010BD40F20C4105
:10E9E0008A4207D040F221418A4204D1502B98BF7D
:10E9F000002010BD002010BD90F8763010B5044600
:10EA00003BB9044B04491A682CF03CDA012384F822
:10EA1000763010BD78B802007CB8020070B50C46A4
:10EA20000546164608460A220021E5F3EFF46388FE
:10EA30001E432B6D6680980603D5238843F48063BC
:10EA40002380D5F8943042F25002198C914205D1BE
:10EA50005B8C052B9CBF46F00406668070BD0000F1
:10EA6000D0F880000149E6F36DB300BF119C0200AD
:10EA700010B504460C20EAF3DFF4C4F80C0138B1F9
:10EA80000C220021E5F3C2F4D4F80C3110229A7262
:10EA900010BD10B50446D0F80C0120B1EAF3DEF445
:10EAA0000023C4F80C3110BD70B50646054600249D
:10EAB000686938B1064B1B689847304621460022EA
:10EAC0003BF03ADE01340435062CF1D170BD00BFB5
:10EAD00010A788002DE9F043046985B00546EC20B5
:10EAE000A66FEAF3A9F43062002875D01020A66F53
:10EAF000EAF3A2F4706200286ED0002637460F2198
:10EB00006846384A3346E5F3E7F4D4F880006946AE
:10EB1000E6F318F308B10137BFB2013640F2F13322
:10EB20009E42ECD137B9D4F880002F49E6F30AF3BE
:10EB3000002843D0B8000630EAF37EF4C5F85C063E
:10EB4000002849D00023838000260F216846254AEB
:10EB50003346E5F3C1F4D4F880006946E6F3F2F2F7
:10EB600098B1D5F85C866946D4F88000B8F804906E
:10EB7000E6F3C4F208EB89031881D5F85C369A886D
:10EB800003EB82010132CE809A80013640F2F133EC
:10EB90009E42DAD1D4F880001349E6F3D3F2D5F8D7
:10EBA0005C6650B1D4F880000F49E6F3A7F2D5F8BF
:10EBB0005C36012270801A7000E03070A36F586AD2
:10EBC00060B1012303808380C380038102234381DA
:10EBD00004238381002001E06FF01A0005B0BDE836
:10EBE000F08300BF629C02006F9C02002DE9F04F91
:10EBF0000568C6682B688FB0DF6900230446009360
:10EC000088460BA80921944A3346E5F365F4D4F805
:10EC10001490B9F1000F40F01081D4F888103A68D0
:10EC200001F50071E06FD4F808A00992D7F804B09C
:10EC3000FAF798FE0146A868FCF776FD002800F078
:10EC400005810921844A0BA83346CDF80090E5F3ED
:10EC500043F4E26FD4F88810B8F1000F02D001F548
:10EC6000007300E04346099801F50871B8F1000F00
:10EC700008BF002001900091CDF808B0B9684FF0AE
:10EC8000FF390391CDF81090F968DFF8DC81059128
:10EC9000D5F8E015504606910BA9CDF81C80FAF77F
:10ECA000D1FC0546002800F0D1802A466B4B204657
:10ECB0000021FFF721FE2A46204600213BF03CDDE3
:10ECC00000250921644A33464FF0010B0BA8CDF80B
:10ECD00000B0E5F301F400953A68D4F88830019269
:10ECE00050460BA9E26F03F5107302950395CDF81A
:10ECF000109005950695CDF81C80FAF7A3FC074601
:10ED0000002800F0A4803A46544B20462946FFF7DD
:10ED1000F3FD59463A4620463BF00EDD4FF0020B1C
:10ED200009214D4A33460BA8CDF800B0E5F3D4F3E2
:10ED3000099AD4F88830019250460BA9E26F03F586
:10ED40002073009502950395CDF8109005950695D2
:10ED5000CDF81C80FAF776FC0746002877D03A46B3
:10ED60003E4B20462946FFF7C7FD59463A46204606
:10ED70003BF0E2DC4FF0030B0921374A33460BA886
:10ED8000CDF800B0E5F3A8F3099AD4F888300192E1
:10ED900050460BA9E26F03F5307300950295039579
:10EDA000CDF8109005950695CDF81C80FAF74AFC31
:10EDB000074600284BD03A46284B20462946FFF705
:10EDC0009BFD3A46204659463BF0B6DC04273346C5
:10EDD0000921214A0BA80097E5F37EF3099AD4F89C
:10EDE0008830019250460BA9E26F03F540730095FD
:10EDF00002950395CDF8109005950695CDF81C80E9
:10EE0000FAF720FC064608B3324620462946134B43
:10EE1000FFF772FD3246204639463BF08DDC264630
:10EE2000706930B10E4B0F49D3F88C309847C6F853
:10EE3000C00001350436062DF2D1D4F894102046D6
:10EE400008310022FFF7EAFD012700E007463846B7
:10EE50000FB0BDE8F08F00BFE29B0200F05D010043
:10EE600010A78800D4318900C403000010B5BDE8A4
:10EE70001040FCF77DBA11B10846FCF721B8704785
:10EE8000F8B504690546002C42D0E06F08B1FCF7E4
:10EE90004DF82046FFF708FED4F89460B4F8460019
:10EEA0000BF0A0D8706A28B103F04BFC0023074692
:10EEB000736200E00746D4F8900003F021FC0026BE
:10EEC0003F18D4F88C0004F0D9F92046C4F88060CB
:10EED000E667FFF7DEFDD5F85C0618B1EAF3BEF28F
:10EEE000C5F85C66A36F186A20B1EAF3B7F2A36FA6
:10EEF00000221A62A36F586A20B1EAF3AFF2A36F3F
:10EF000000225A62204601F03BFD00232B6100E005
:10EF100027463846F8BD0000F0B587B04FF480357D
:10EF20000021042303AA0446D0F8887000952CF031
:10EF30005BDC234B06AE46F8083D00210423204647
:10EF4000324600952CF09CDC0423002105AA2046C3
:10EF500000952CF049DC049B059A9A422AD1194B62
:10EF60000021049320460423324600952CF088DCCF
:10EF70000423002105AA204600952CF035DC049BD3
:10EF8000059A9A4216D104230021204603AA00952F
:10EF90002CF076DC0023C7F88C31D7F82031B3F1A0
:10EFA000042F09D00848C0EB030CDCF1000040EB53
:10EFB0000C0002E0002000E0012007B0F0BD00BF1F
:10EFC000AA5555AA55AAAA5500040084224B70B52B
:10EFD0004FF00061002603660A464666044605684F
:10EFE0002DF0C6DD4FF08073C4F820310323A4F860
:10EFF000A8300223A4F8AA300723A4F8A4300423DD
:10F00000A4F8A63041F2010384F8A260A4F8BC3051
:10F010004FF41673A5F810362B6893F89C20012A3C
:10F020000CBF0C220622A5F80E2693F864211AB113
:10F03000226E42F08072226693F89C20074812F1FB
:10F04000FF3218BF01220649E5F306F2FF2384F8D8
:10F0500034310123637470BD60A8E7B878570100AC
:10F06000787502002DE9F04F97B09B464FF00009EC
:10F0700016AB8A46174643F8049D21995A46054621
:10F0800001F097FC0446002800F01D839DF88030B5
:10F09000286103742B6840F61201D3F8D400D3F82A
:10F0A000D860D3F8DC304A46C4F88430E067C4F84E
:10F0B0008060F0F321F0C4F888008046E860E06FDB
:10F0C000EFF380F2A0642046FFF780FF30469749B7
:10F0D000E6F338F028B149464A46E5F3CFF51FFA82
:10F0E00080FA30469249E6F32DF048B100210A46F5
:10F0F000E5F3C4F54FF6FF7380B2984218BF074698
:10F1000050463946FDF734F908B90C23DAE289494B
:10F11000A4F844A0A4F846703046E5F3EFF786491A
:10F12000C4F860013046E5F3E9F7C4F86401B4F8C7
:10F1300046000AF057DF003018BF0120263054F88F
:10F140002030B4F84600C4F894300AF04BDF0030A9
:10F1500018BF01200A3055F8203020462B62FFF7F7
:10F1600001FC08B90D23ADE2E06FEFF3E5F1E06FCC
:10F17000EFF39CF6204600212BF0B0DB20464FF049
:10F18000FF312CF021DC2046FFF7C6FE08B90E2324
:10F1900098E230466949E5F3B1F7FF2808BF01203E
:10F1A000A4F84E002046FFF7E9FB08B90F2389E2D7
:10F1B00063493046E5F3A2F7624984F84C003046D3
:10F1C000E5F39CF7604920653046E5F397F794F83E
:10F1D0004C3060650B2B05D930465C49E5F38EF762
:10F1E000C4F850015A493046E5F388F7594984F884
:10F1F00035013046E5F382F784F836012B6893F841
:10F200006A312BB130465449E5F378F7C4F854011C
:10F2100052493046E5F372F7514984F858013046B7
:10F22000E5F36CF7E36F41F26B02196BA4F8680128
:10F23000914220D19B6A4E2B08D1B4F84E30402B1E
:10F2400019D9236D43F00203236514E0E42B04D1A4
:10F25000B4F84E30B3F5A85F06E0EF2B0BD1B4F84D
:10F260004E2041F201239A4205D8236D43F48003D6
:10F270002365002363653B493046D4F85C71E5F3B0
:10F280003DF7394938603046D4F85C71E5F336F71C
:10F29000364978603046D4F85C71E5F32FF734498D
:10F2A000B8603046A76FE5F329F73876A36F1A7E6A
:10F2B000012A01D003221A76236D990604D5012173
:10F2C00020460A462DF0F6D8D4F880002949E5F307
:10F2D00039F720B1D4F880002649E5F30FF78146CD
:10F2E0002549D4F88000E5F32DF720B1D4F880004B
:10F2F0002149E5F303F707462049D4F88000E5F3F8
:10F3000021F720B1D4F880001C49E5F3F7F62B680B
:10F3100093F82821BAB3226D920504D5B9F1000FF4
:10F3200001D007B160BB00222BE000BF259C02008A
:10F33000B49C02004C9C0200579C0200AB9C020053
:10F34000BA9C0200069C0200869C02009F9C020060
:10F35000CC9B0200D79B0200799C0200369C0200E5
:10F36000C29C0200419C02002C9C0200C09B020037
:10F37000ED9B0200199C0200F29B0200929C02008D
:10F38000012283F828212B6893F8692132B1226D7C
:10F3900012F0010218BF012283F86921B4F8462057
:10F3A0000123C4F8B830B4F844002B68A5F8AA21AA
:10F3B000E26FA5F8A801C3F8D420A26C1A6194F8F2
:10F3C0004C2083F87C202B68226DB4F84E00C3F8E3
:10F3D0008020626DA3F87A00C3F8842094F84C2052
:10F3E00020460B2A84BFD4F85021C3F84821D4F812
:10F3F000B820012783F83D705A62A9682A4603F0B5
:10F400002BFFC4F88C0008B919235BE1219AE36F44
:10F410000292A26C04900692B4F84620B4F844001C
:10F42000ADF82A20DA6B03930B921A6CADF8280022
:10F430000C925A6C02A80D9294F84C20CDF814B09E
:10F440000E929A6A09960F92B4F84E2010921A6B97
:10F450001192226D1292626D13925A68DB680792C4
:10F46000089303F0AFFAC4F8900008B9102329E11B
:10F470002623C5F8E035C5F8E4354FF4FF73C4F82A
:10F480003831B4F846000AF0ADDD10F1000918BFBC
:10F490004FF00109494620462EF0FCD8B9F1000F83
:10F4A000D4F894300CBF02220122C3F804901A60F1
:10F4B0002B6A14BF01220222C3F804901A60E06F85
:10F4C000D5F81C90EFF376F0D8F85C31C9F800005D
:10F4D00023F000437E4AE3662367A36C0C2101FB03
:10F4E0000323303BC4F8D830204639462BF0ACDD3E
:10F4F000D4F89490D4F890004146D9F800203346CF
:10F5000003F066F9C9F8240008B91123DAE04FF0D6
:10F51000FF3120462DF04EDAD4F89430E16E586A6F
:10F5200003F00CF9D4F8943003F12202009203F1B5
:10F530001C0103F11E02586A203303F0ECF8D4F8E2
:10F540009480D8F8240003F0F4F888F82800D4F860
:10F550009430D5F82080586A03F0EBF888F814004E
:10F56000D4F89480D8F8240003F0E6F8D4F8943066
:10F57000C8F81800DA8B37FA02F1C90701D4122350
:10F58000A0E0296A586A0861988B4A8108811A8C20
:10F59000588C8A81C8810F2240F2FF30D8829A822B
:10F5A00020463946FFF722FB08B913238AE02B686F
:10F5B00093F86931002B32D0002120462BF0F6DF82
:10F5C00030464449A76FE5F399F5236DC0B2DA07D9
:10F5D000386020D5636D1B061DD4E36F9A699000D7
:10F5E00002D5DA69D10704D5DB69DA0701D45807F7
:10F5F00011D5E36E99000ED530463649E5F3A2F5F4
:10F6000030B134493046E5F379F5C1B2204604E023
:10F610002046082101E0204600212BF073DDE06F39
:10F62000EBF358F420462DF017DF0094E06F2A49E1
:10F630002A4A0023FBF76CFC204600212DF0EEDE69
:10F640002046FFF70DFA08B915233BE004F1FC064C
:10F650003146E5F3A9F13046E5F338F518B93046FF
:10F66000E5F340F508B116232CE02046FFF700FA39
:10F670002846A16C01F0E2F92B68DA69526AC5F8F4
:10F680004425013A85F84225D3F89800A8B10378BB
:10F690009BB113492246E5F3C7F62B681149D3F80D
:10F6A00098002246F9F78AFE606930B12B68D3F8DA
:10F6B00098100D4BD3F8B03098472846FFF70AFA58
:10F6C00010B11B231593159817B0BDE8F08F00BF3C
:10F6D000005E0100FD9B020001DC840015DC84005B
:10F6E0005DD98400BDD9840010A7880010B50446F8
:10F6F000002828D00368144918682246FCF7FFFC4C
:10F70000236A1BB104F12000E4F396F0E3691BB116
:10F7100004F11C00E4F390F0A3691BB104F118009C
:10F72000E4F38AF063691BB104F11400E4F384F09C
:10F7300023691BB104F11000E4F37EF02046BDE81C
:10F740001040E9F38BB610BD8A570100036830B54D
:10F75000DB690546586D87B000012430E9F372F685
:10F760000446002838D0034643F8245BC36004F104
:10F770001001D5F83806E4F349F068BBD5F838062F
:10F7800004F11401E4F342F030BBD5F8380604F17B
:10F790001801E4F33BF0F8B9D5F8380604F11C0180
:10F7A000E4F334F0C0B9D5F8380604F12001E4F3ED
:10F7B0002DF088B94FF4856363600B4B0190009383
:10F7C0000A4B039002930490059009492868094A5E
:10F7D0002346FCF7EFFC18B12046FFF787FF002413
:10F7E000204607B030BD00BFC10B850075138500F2
:10F7F00080E688008A570100F0B5D0F828410068FB
:10F80000A568C069406D854211D2E7682E01B8191C
:10F810004360059B01358360069BBA51C3606068F5
:10F82000A560C31C591821F003016160F0BD6FF0A1
:10F830001500F0BDD0F828311869E3F3C3B7D0F84C
:10F84000280110B10069E4F31FB07047D0F82831E7
:10F85000D869E3F3B7B7D0F82831D869E4F314B026
:10F86000D0F82831186AE3F3ADB7D0F82831186A18
:10F87000E4F30AB073B505462EF058DC0446B8B17F
:10F880002B684FF00052C5F86802009293F82F20C1
:10F89000284601922146002204332EF0D3D9064691
:10F8A00050B9284621462FF0B1DB064620B901E0C9
:10F8B0006FF01A0630467CBD284621462FF01EDB2D
:10F8C000F8E7F8B51F4603680D461E691146D6F8DD
:10F8D00080001446E5F32AF440B3B84224D121460F
:10F8E0000022D6F88000E5F315F4287021460122A5
:10F8F000D6F88000E5F30EF4687021460222D6F8AF
:10F900008000E5F307F4A87021460322D6F88000B2
:10F91000E5F300F4E870D6F8800021460422E5F310
:10F92000F9F328710120F8BD4FF0FF30F8BD000059
:10F9300038B50446B8B103680B4918682246FCF78D
:10F94000DEFB606B08B1E9F389F5D4F8800000258F
:10F95000656318B1E9F382F5C4F880502046BDE82C
:10F960003840E9F37BB538BD915701002DE9F041EE
:10F9700005698CB007468420E9F364F50446002845
:10F9800000F0D28107603C20E9F35CF58046002856
:10F9900000F0CA813B69012680F8386080F8396040
:10F9A00043603B6A046031461869ECF77EFAD8F888
:10F9B0000430B649D3F88000E5F3A0F3D8F804305A
:10F9C000C8F81400B249D3F88000E5F397F3D8F8EB
:10F9D0000430C8F81800AF49D3F88000E5F38EF37F
:10F9E000D8F80430C8F81C00AB49D3F88000E5F320
:10F9F00085F3D8F80430C8F80800A849D3F8800087
:10FA0000E5F37CF3D8F80430C8F81000A449D3F823
:10FA10008000E5F373F3A34BC8F80C00C4F88080B2
:10FA20000093A14BA1490193A14BA24A0293A24B7F
:10FA30000393A24B0493A24B059338682346FCF72B
:10FA4000B9FB8046002840F06F8184F82C003B69A8
:10FA50009C49D3F88000E5F351F384F86F0032201D
:10FA6000E9F3F0F407466063002800F05D81414649
:10FA70000A2206A8E4F3CAF40C238DF8193099235E
:10FA80008DF81A30A6238DF81B3008238DF81E3010
:10FA9000B7238DF81F30E2238DF820308A4AC42323
:10FAA0008DF821308DF818608DF81D601068516850
:10FAB00009AB03C3128985491A80854B3E70A36345
:10FAC000844B84F85A80E363636B9E71D5F88000A1
:10FAD000E5F338F3002800F093807C49D5F88000E6
:10FAE000666BE5F30BF370707B49D5F88000666BAD
:10FAF000E5F304F3B0707949D5F88000666BE5F35F
:10FB0000FDF2F0707649D5F88000666BE5F3F6F209
:10FB100030717449D5F88000666BE5F3EFF27071CF
:10FB20007149D5F88000666BE5F3E8F2F0716F4932
:10FB3000D5F88000666BE5F3E1F2B0716C49D5F859
:10FB40008000E5F3DBF284F844006A49D5F88000D0
:10FB5000666BE5F3D3F230726749D5F88000666BC7
:10FB6000E5F3CCF27072616B05230A31634A2046DB
:10FB7000FFF7A7FE616B05230F3186B2604A20466E
:10FB8000FFF79FFE616B0523143136185D4A20464E
:10FB9000FFF797FE616BB6B21931052336185A4A42
:10FBA0002046FFF78EFE616BB6B236180B7AB6B2FE
:10FBB000B34225D11E310523544A2046FFF781FE6A
:10FBC000616B0523233186B2514A2046FFF779FE47
:10FBD000616B0523283136184E4A2046FFF771FE27
:10FBE000616BB6B2052336182D3120464A4AFFF71D
:10FBF00068FE636BB6B236185B7AB6B2B34225D0F4
:10FC0000626B00235370626B0C219370626BD37034
:10FC1000626B1171616B02224A71A86F616B00689F
:10FC2000C871616B0A72616B4A72606B812284F8E1
:10FC3000402006A90A2284F841300A30E4F362F336
:10FC4000606B09A91E300A22E4F35CF3626BAB6FB0
:10FC5000D27900211A6004F14D000822E4F3D6F3B2
:10FC6000002384F8583084F85930A4F85630D5F879
:10FC700080002A49E5F366F2002851D0D5F88000CB
:10FC80002649E5F33BF284F85F0051E0E49D020071
:10FC9000D19C0200FA9C02000A9E0200629D0200B2
:10FCA000D09D02005128850085DA0000A4E6880076
:10FCB000E12B850091570100D52B8500A457010049
:10FCC0006DD30000989E02003B380100479E020061
:10FCD0001127850089278500919D0200319E020031
:10FCE0001B9E0200F39D0200E29C0200A89D020000
:10FCF0004E9D0200819D02003D9D02000D9D02006F
:10FD00001D9D02002D9D0200719D0200549E020067
:10FD1000659E0200769E0200879E0200BD9D020045
:10FD2000BA2384F85F3003E02046FFF701FE002489
:10FD300020460CB0BDE8F08130B5044685B00028FF
:10FD400040D0D0F8201131B103689868F5F3F8F687
:10FD50000023C4F8203123681A6892F82F2022B3B8
:10FD6000D3F8240101A900225EF0A2DA0FE0436873
:10FD70005A060CD5D4F83051451904E00368C5F88B
:10FD80001031E9F36BF3D5F810010028F6D12368A0
:10FD900001A9D3F824015EF0A1DA0028E7D104E03C
:10FDA0000368C4F84431E9F359F3D4F84401002856
:10FDB000F6D12368044918682246FCF7A0F92046CA
:10FDC000E9F34CF305B030BD5DB3890030B50546AD
:10FDD00087B04FF4A670E9F32FF30446002875D0DE
:10FDE00000214FF4A672E4F311F33C4B256000931D
:10FDF0003B4B3C4A019300230293039204930593E7
:10FE000028683949394A2346FCF7D4F900285DD1DE
:10FE10002B6A1A68022A05D15B7D002B0CBF1623C2
:10FE2000302300E0302322184430B0F5887F13746B
:10FE3000EED1A8682E492A460023F5F399F6C4F8B6
:10FE40002001002842D04FF47A7345F27352C4F86F
:10FE50001C31A4F83C2100234622C4F84431A4F804
:10FE60003E2128468DE828004FF48A71214A224B12
:10FE700003F008FF0028C4F8300127DB1F4BD5F83A
:10FE800094068DE818000521B0221D4B00F008FFF4
:10FE9000E0B91C4BD5F894068DE818000521B22274
:10FEA000194B00F0FDFE88B9D5F894060A21B0225E
:10FEB000164B009401F0A4F940B9D5F8C006B02162
:10FEC000134A144B009401F005FC18B12046FFF7CB
:10FED00033FF0024204607B030BD00BF915085009D
:10FEE00011658500654E850018E888005DB38900BE
:10FEF0005549850011568500ED558500955D8500B5
:10FF0000E94A8500D15C8500514A850095538500FA
:10FF1000854E8500994E850010B5044630B133F00A
:10FF200091DE2046BDE81040E9F398B210BD10B54F
:10FF300004462420E9F386F200B1046010BD0000FD
:10FF400010B50446E0B143680E4918682246FCF734
:10FF5000D6F8D4F83C01FFF7DFFFD4F83401FFF7FF
:10FF6000DBFFD4F89C0008B1E9F378F2D4F89400F0
:10FF700008B1E9F373F22046BDE81040E9F36EB230
:10FF800010BD00BFBC5701002DE9F041754B0027A3
:10FF90001F60754B056888B006461F604FF4A0705F
:10FFA000E9F34AF20446002800F0D78039464FF4BE
:10FFB000A072E4F32BF284E860003046C6F85841A2
:10FFC000FFF7B5FF8046C4F8340130B13046FFF783
:10FFD000AEFF8046C4F83C0120B92046E9F33EF26A
:10FFE0004446BAE07F21042204F14400E4F30EF217
:10FFF0007F21042204F17000E4F308F2042207A830
:020000041003E7
:100000003946E4F303F2336893F87C20D3F8D80040
:10001000012A13D95549E5F395F0014658B107A8CF
:100020000322E4F3CBF207A8042137F0B7D990B14B
:1000300007A84F490CE007A84E4909E04E49E5F3EF
:100040005DF00928034606D84C4907A801EB830157
:100050000322E4F3B3F2032207A904F10800E4F356
:10006000ADF233684649D3F8D800E5F347F0D5F848
:10007000D43041F26B02196BE06091420ED19B6A61
:100080008B2B01D0902B09D1022807D107A83D491D
:100090000422E4F36FF208B90323E360D5F8D43007
:1000A00041F26B02196B91420DD19B6A932B0AD1DD
:1000B00007A835490422E4F35DF220B9E368042B74
:1000C00001D10623E360D5F8D43041F26B02196BFD
:1000D000914218D19A6A40F235139A4213D107A877
:1000E0002A490422E4F346F258B107A82849042219
:1000F000E4F340F228B107A826490422E4F33AF2D7
:1001000008B91323E3600025EAF786FF35F058DFCE
:1001100007A90422C4F89450C4F89850C4F89C501D
:10012000C4F8A050C4F8A45084F8F450204633F02A
:10013000C3DE194B30688DE828001849184A234659
:100140000295039504950595FCF734F828B12046EF
:10015000C6F85851FFF7F4FE2C46204608B0BDE81B
:10016000F08100BFB4650100B8650100A89E0200DF
:10017000BF57010041B58900AE9E020094E9880096
:10018000B19E0200C257010068EB880078E9880040
:1001900080E9880084E98800F16D85003CE98800E9
:1001A000BC57010030B5054687B00C20E9F34AF191
:1001B0000446D0B1114B05604FF49071009301904B
:1001C0000722D5F894060E4B00F0DEFC80B90D4BEB
:1001D0000190009302900390049005900A492868CA
:1001E0000A4A2346FBF7E6FF10B9204607B030BDA8
:1001F0002046E9F333F10024F7E700BFC19D8500F5
:10020000299B8500659B8500ECED88003459010031
:10021000036810B50446054918682246FBF76FFFCE
:100220002046BDE81040E9F319B100BF3459010080
:1002300070B5054686B00C20E9F304F104460028A9
:1002400063D005600026019004212846334A344BD0
:100250000096FFF7D1FAB042606059DB04212846CE
:10026000304A314B0096019403F00CFDB042A0607F
:100270004EDB28462D492246FFF7DCFA002847D1FD
:100280002B4BD5F894068DE818004FF49071252279
:10029000284B00F079FC00283AD1274BD5F894067A
:1002A0008DE818004FF490713C22244B00F06CFC58
:1002B00000282DD1D5F8940605219C22204B0095CD
:1002C00000F036FF002823D1D5F89406802125229E
:1002D0001C4B009400F070FDD0B9D5F89406802135
:1002E0003C22194B009400F067FD88B9174B019030
:1002F0000093174B039002930490059015492868CA
:10030000154A2346FBF756FF10B9204606B070BDCC
:100310002046E9F3A3F00024F7E700BF51A38500CE
:1003200011A3850059A7850045A78500CDA38500A9
:10033000E5A98500F1A3850015AA850019A485000B
:1003400031A28500D1A28500F1A2850009A5850012
:10035000E1A9850028EE880050B9890038B5056804
:100360000446224628680649FBF7C9FE2846054987
:100370002246FFF764FA2046BDE83840E9F36EB044
:1003800050B98900CDA38500024602490068FBF7F9
:10039000B6BE00BF3A59010030B50D4B87B000938F
:1003A00000230446019302930393049305930949A0
:1003B000094A23460068FBF7FDFE002814BF4FF0F2
:1003C000FF350025204638F071D8284607B030BDEB
:1003D000A1B08500445901003A5901002DE9F043CC
:1003E000064687B038200F4691469846E9F324F038
:1003F0000446002838D000213822E4F307F0D7F86B
:100400003C0640211A4A04F12003F5F711FB05468A
:1004100020B12046E9F322F0002425E0154BC4F872
:100420001C80A760C4F80C902661134900930190CA
:100430000290039004900590234630460F4AFBF744
:10044000B9FE034660B9E0680D492246F5F390F322
:100450000546A06140B920690A492246FBF74FFED4
:100460002046E8F3FBF72C46204607B0BDE8F083B2
:1004700014C68900EDB4850058EE8800B89E0200CD
:100480004DB585005C59010010B5044638F042DADC
:100490000F4920692246FBF732FEA16961B1237D35
:1004A00023B1E068F5F3E0F200232375E068A16969
:1004B000F5F346F30023A361A36804F12001D3F808
:1004C0003C06F5F7C1FA2046E8F3C8F7002010BD56
:1004D000B89E020010B50446C0B122460C494068DF
:1004E000FFF7C3F9224660680A4903F00EFE224670
:1004F00060680949FFF7A3F9A06808492246FBF79D
:10050000FEFD2046BDE81040E8F3A8B710BD00BFCF
:1005100021BF850081C5850029BB85006359010085
:1005200070B5054686B01820E8F386F70446002823
:1005300000F0E98000211822E3F368F72B6800221D
:10054000A360AB686560E3606B68042123610423EA
:10055000A38228466D4B8DE81400FFF74DF9002863
:100560002060C0F2CC80284669492246FFF778F91E
:10057000002840F0C480284666492246FFF75AF911
:10058000002840F0BC8028466349224603F0B8FDAD
:10059000002840F0B480614B0190009302900390DA
:1005A000049005905E4928685E4A2346FBF702FEE8
:1005B000002840F0A4805C490322D5F8BC063CF03A
:1005C00039DA5A4E5A490222D5F8C0063CF032DADE
:1005D000D5F89406B0213022564B0096019400F0D5
:1005E00051FA002840F08B80534BD5F894068DE8E3
:1005F000180040F605013622504B00F0C5FA0028DD
:100600007DD14F4BD5F894068DE8180040F60401D3
:1006100037224C4B00F0B8FA002870D1D5F8BC0650
:100620003021444A3346009401F009F8002866D18D
:10063000D5F8BC063621414A3F4B009400F0FFFF3D
:1006400000285CD1D5F8BC0637213E4A3C4B0094CB
:1006500000F0F5FF002852D1D5F8C00639213A4AFA
:100660003A4B009400F0EBFF002848D1D5F89406EF
:10067000C0213622364B009400F03CFD00283ED1CC
:100680003021D5F894060A46324B009400F094FBD2
:10069000002834D1D5F8940640F60A0136222E4BB4
:1006A000009400F027FD50BBD5F8940640F60A01EF
:1006B00037222A4B009400F01DFD00BBD5F89406AC
:1006C00030213922264B009400F014FDB8B9D5F83A
:1006D000BC0630211F4A234601F044F878B9D5F80A
:1006E000BC0636211C4A234601F03CF838B9D5F83F
:1006F000BC063721194A234601F034F818B12046C8
:10070000FFF7E8FE0024204606B070BDA1BA8500C0
:1007100021BF850029BB850081C5850035BC8500CA
:1007200080EE8800635901007CEE880019BA8500CC
:10073000A4EE880071B8850085C68500A5BB85003C
:10074000C1C5850035BB850021BC8500DDC685009F
:10075000C9C4850005C28500C9C0850011C08500D7
:1007600035C1850008B1E8F379B6704737B505465D
:100770003820E8F367F6044650B14FF0FF330560C8
:1007800005490193054A064B009539F0ABDD01E0C0
:10079000FFF7E8FF20463EBDE9CD8500F1CD85009D
:1007A000E1CD850070B5054686B01020E8F344F62B
:1007B0000446002838D000211022E3F327F6002653
:1007C00025600121C5F8CC462846194A194B0096E8
:1007D0000194FFF711F8B042E06021DB164B286866
:1007E0008DE848001549164A23460296039604965A
:1007F0000596FBF7DFFC98B9124BD5F894068DE807
:1008000028000521BE22104B00F04AFA40B9D5F865
:100810009406C021BE220D4B009500F0F1FC18B1EA
:100820002046E8F31BF60024204606B070BD00BF4A
:100830008DD0850089D08500E1CF8500A8EE8800A5
:10084000BF9E02005DD085003DD0850091D085001F
:1008500010B5044688B1037923B18068E8F3FEF54A
:10086000002323712368054918682246FBF747FCDB
:100870002046BDE81040E8F3F1B510BDBF9E020070
:1008800008B1E8F3EBB5704737B505460420E8F347
:10089000D3F50446002855D02D4B056040F23F119A
:1008A000009301902D22D5F894062A4B00F06CF9A4
:1008B000002847D1284BD5F894068DE818004FF44E
:1008C00095713D22254B00F05FF900283AD1244B69
:1008D000D5F894068DE818004FF495714A22214B03
:1008E00000F052F970BB204BD5F894068DE8180043
:1008F000152150221D4B00F0D3F918BBD5F89406F2
:1009000005212D221A4B009400F0F4FBD0B9D5F844
:100910009406C0212D22174B009400F0EBFB88B900
:10092000D5F89406C0213D22134B009400F0E2FB61
:1009300040B9D5F89406C0215022104B009400F025
:100940005FFC18B12046FFF79BFF002420463EBD08
:10095000C5D28500CDD0850011D38500E1D08500BA
:100960000DD38500DDD0850071D28500B5D085001E
:1009700041D1850001D2850021D285007DD185003D
:1009800010B50446A0B10368806F00225A6108B117
:10099000E8F364F5D4F8980008B1E8F35FF560680F
:1009A00008B1E8F35BF52046BDE81040E8F356B522
:1009B00010BD2DE9F04104464FF4B6700D461646C1
:1009C0009846E8F33FF5074610B940F2F2331EE0CF
:1009D00004608560C6602820E8F334F5B86710B974
:1009E00040F2F33313E05820E8F32CF5C7F89800F1
:1009F00040B12C30C7F89C003020E8F323F5786034
:100A000060B902E04FF47D7301E040F2F5333846FF
:100A1000C8F80030FFF7B4FF002703E00023C8F850
:100A2000003060613846BDE8F0810023C218D2F87A
:100A3000C020CA500433182BF8D170474FF4C86354
:100A4000C0F864366823C0F868364FF48073C0F885
:100A50006C360223C0F87036C0F874367047000058
:100A600010B5044650B10368054918682246FBF7E3
:100A700046FB2046BDE81040E8F3F0B410BD00BFCF
:100A80000D5A010001F0F0012DE9F04F0E1101683F
:100A9000B0F81080096889B0C9699446D1F8C010CF
:100AA000079388450446B0F812A0838AC78AB2B279
:100AB0005CDA817900295CD1324D05EBC200808877
:100AC00006E055F8329019F80190E14502D0013165
:100AD0008142F6D381424FD0E71937F812B0013284
:100AE00037F81250A244454523441AD2C5EB0808F2
:100AF00005F101090AEB050142460AEB0900CDF8B0
:100B000014C00693E3F35EF4069B0C2202FB09304B
:100B100002FB053102FB08F2E3F354F4DDF814C0E4
:100B2000069B3146002207E007EB460030F802E062
:100B30000EF1010E20F802E0013102320D29F3D945
:100B40001299CBEB0502009113990AEB0B0001916E
:100B50000C2101FB0B3192B2079BCDF808C000F0CD
:100B6000A1FB238A00200133238207E06FF01500E8
:100B700004E06FF0160001E06FF01D0009B0BDE861
:100B8000F08F00BF685901002DE9F347DDF8289088
:100B9000DDF82CA007460E4615469846002456FA66
:100BA00004F3DB070AD52101384601F0F0012A469B
:100BB00043468DE80006FFF765FF18B901340D2C98
:100BC000EDD10020BDE8FC872DE9F04F89B00792F8
:100BD0000268B0F8188012689C46D2690446D2F8C0
:100BE000C420B0F81AA09045838BC78B50DA827965
:100BF000002A50D101F0F0063611C719B2B237F809
:100C000012B0013237F812508244454503441AD2DB
:100C1000C5EB080805F101090AEB050142460AEB9C
:100C20000900CDF814C00693E3F3CCF3069B0C2225
:100C300002FB093002FB053102FB08F2E3F3C2F3C9
:100C4000DDF814C0069B3146002207E007EB4600A2
:100C500030F802E00EF1010E20F802E0013102321C
:100C60000D29F3D91299CBEB0502009113990AEBE8
:100C70000B000191079992B202910C2101FB0B31FB
:100C8000634600F00FFB238B00200133238304E035
:100C90006FF0150001E06FF0160009B0BDE8F08FAD
:100CA0002DE9F347DDF82890DDF82CA007460E4625
:100CB00015469846002456FA04F3DA070AD52101AE
:100CC000384601F0F0012A4643468DE80006FFF75A
:100CD0007BFF18B901340D2CEDD10020BDE8FC8755
:100CE0002DE9F04F89B007920268B0F830801268A1
:100CF0009C46D2690446D2F80021B0F832A0904553
:100D0000838EC78E50DA8279002A50D101F0F00626
:100D10003611C719B2B237F812B0013237F8125093
:100D20008244454503441AD2C5EB080805F1010980
:100D30000AEB050142460AEB0900CDF814C0069300
:100D4000E3F340F3069B0C2202FB093002FB053162
:100D500002FB08F2E3F336F3DDF814C0069B3146DC
:100D6000002207E007EB460030F802E00EF1010E2A
:100D700020F802E0013102320D29F3D91299CBEBB0
:100D80000502009113990AEB0B000191079992B2A9
:100D900002910C2101FB0B31634600F083FA238E94
:100DA00000200133238604E06FF0150001E06FF0AE
:100DB000160009B0BDE8F08F2DE9F04F87B005921D
:100DC0000268B0F8208012689C46D2690446D2F8C6
:100DD000C820B0F822A09045838CC78C4CDA827969
:100DE000002A4CD101F0F0063611C719B2B237F81B
:100DF00012B0013237F8125082444545034419D2EB
:100E0000C5EB080805F101090AEB050142460AEBAA
:100E10000900CDF80CC00493E3F3D4F2049B4FEA2D
:100E2000C80203EBC90003EBC501E3F3CBF2DDF825
:100E30000CC0049B3146002207E007EB460030F867
:100E400002E00EF1010E20F802E0013102320D291C
:100E5000F3D91099CBEB0502009105990AEB0B0031
:100E6000019192B203EBCB01634600F02BFA238C85
:100E700000200133238404E06FF0150001E06FF0DF
:100E8000160007B0BDE8F08F0368F0B5DB690C25EC
:100E9000B3F8C020064605FB02F4433222F00302F9
:100EA0000134A418B3F8C4204FF6FE7102F11F00FC
:100EB0006A4321404118501C4FF6FC720A408218C8
:100EC000B3F800014FF6FE7100F11F0468431140B2
:100ED00061184FF6FC7201300A408218B3F8C8005E
:100EE0004FF6FE7100F11F0411406118C0004FF66B
:100EF000FC7201300A408218B3F8CC004FF6FE7144
:100F000000F11F0411406118C0004FF6FC720A4046
:100F1000B3F80431013080184FF6FE7203F11F015F
:100F20000240DB008A18591C4FF6FC731340CB18A3
:100F30004FF6FE771F401C37BFB287B03846E8F344
:100F40007BF20446002800F0BC8000213A46E3F31F
:100F50005DF24023638233684FF6FC72DB692660E2
:100F6000B3F8C010A78001F14300024005FB012146
:100F7000A28201314FF6FE720A40B3F8C410E28239
:100F80001C3292B2C81C101862834FF6FC720240E9
:100F900005FB0121A28301314FF6FE720A40B3F82E
:100FA0000011E2831C3292B2C81C101862864FF600
:100FB000FC72024005FB0121A28601314FF6FE7250
:100FC0000A40B3F8C810E2861C3292B2C81C10184E
:100FD00062844FF6FC72024002EBC1010131A2842F
:100FE0004FF6FE720A40B3F8CC10E2841C3292B283
:100FF000C81C101862854FF6FC72024002EBC1015A
:101000000131A2854FF6FE720A40B3F80411E28561
:101010001C3292B2CB1C6287D2184FF6FC7313407D
:10102000A38703EBC10301334FF6FE721A40E28738
:101030000025274F57F8353063B1264B29018DE83D
:101040001800DD22204601F0F001234BFFF71AFDC6
:10105000002836DB01350D2DEBD1002557F8353052
:1010600053B12901DD22204601F0F0011B4B009411
:10107000FFF7A2FE002824DB01350D2DEED1184B21
:10108000B0218DE81800FF222046164BFFF7FAFC2E
:10109000002816DBB021FF222046134B0094FFF7F7
:1010A0008BFE00280DDB114B002102933068104AA3
:1010B000234600910191039104910591FBF77AF881
:1010C00018B12046FFF7CCFC0024204607B0F0BD45
:1010D000685901000DD5850061D58500ADD5850025
:1010E000F1E0000043E1000091E0000099D48500A8
:1010F0000D5A01002DE9F743DDF8289007460E460A
:1011000015469846002456FA04F3D8070AD521015B
:10111000384601F0F0012A464346CDF80090FFF72B
:101120004BFE18B901340D2CEDD10020BDE8FE8333
:101130002DE9F04F87B005920268B0F82880126858
:101140009C46D2690446D2F8CC20B0F82AA090453B
:10115000838DC78D4CDA8279002A4CD101F0F006DC
:101160003611C719B2B237F812B0013237F812503F
:1011700082444545034419D2C5EB080805F101092D
:101180000AEB050142460AEB0900CDF80CC00493B6
:10119000E3F318F1049B4FEAC80203EBC90003EB29
:1011A000C501E3F30FF1DDF80CC0049B31460022CA
:1011B00007E007EB460030F802E00EF1010E20F8E0
:1011C00002E0013102320D29F3D91099CBEB05026F
:1011D000009105990AEB0B00019192B203EBCB0150
:1011E000634600F06FF8238D00200133238504E06F
:1011F0006FF0150001E06FF0160007B0BDE8F08F4A
:101200002DE9F743DDF8289007460E461546984627
:10121000002456FA04F3DB070AD52101384601F011
:10122000F0012A464346CDF80090FFF781FF18B938
:1012300001340D2CEDD10020BDE8FE832DE9F047EF
:10124000089F9A4604469DF82460034600250CE05A
:1012500013F8010B86420AD01DB113F802ECB64513
:1012600001D2864203D90135ADB29542F0D1AA42EE
:1012700007FB05180ED9C5EB0209414607FB09F229
:1012800008EB0700E3F39EF0681C201861194A463A
:10129000E3F398F0404651463A46E3F333F066559F
:1012A000BDE8F0877FB50393089B0493099B0593E2
:1012B0000C2300939DF82830019303ABFFF7BEFF8A
:1012C00007B000BD1FB50293069B0393082300934C
:1012D0009DF81C30019302ABFFF7B0FF05B000BDD5
:1012E00037B5254BD0F8945604460093019040F250
:1012F0003F1128467F22214BFFF746FC00283AD1B8
:101300001F4B28468DE8180041F63F5140221D4BE7
:10131000FFF7C6FC78BB1C4B28468DE8180040F64A
:101320003F119822194BFFF7BBFC20BB184B2846F6
:101330008DE8180040F22F11A822164BFFF7B0FCE1
:10134000C8B9284640F20F117F22134B0094FFF7D3
:10135000D1FE80B9284640F20F1198220F4B00941D
:10136000FFF74EFF38B9284640F20F11A8220C4B68
:101370000094FFF745FF3EBD55F0850081EC8500E8
:10138000A1F08500A1EC850009F0850007E20000CE
:1013900019F1850015ED8500C5ED850085ED850009
:1013A00001EE850037B5104BD0F8945604460093F3
:1013B00001900521284600220C4BFFF7E5FB90B970
:1013C0000B4B28468DE8180005210122094BFFF739
:1013D000DBFB40B9084B28468DE818000521322276
:1013E000064BFFF7D1FB3EBD49E7850011E78500BD
:1013F00065E785001DE785002DE7850001E785008D
:1014000037B5254BD0F894560446009301904FF41D
:10141000907128460022214BFFF7B6FB00283AD1F5
:101420001F4B28468DE818004FF4907101221D4B88
:10143000FFF7AAFB78BB1C4B28468DE818004FF439
:1014400090713222194BFFF79FFB20BB184B2846A7
:101450008DE818004FF490710322164BFFF794FBB0
:10146000C8B9154B28468DE818004FF49071062234
:10147000124BFFF789FB70B9284680210522104BDB
:101480000094FFF799FC30B92846802105220D4BC6
:101490000094FFF791FC3EBD01EC850089E98500D1
:1014A0003DEC850091E98500A5EB850045E98500C7
:1014B00079EB850031E98500CDEB850061E9850098
:1014C0009DE9850019EB850037B5154BD0F894568A
:1014D000044600930190402128460022114BFFF75B
:1014E000D1FAE0B9104B28468DE8180040210122BE
:1014F0000E4BFFF7C7FA90B90D4B28468DE8180040
:10150000402132220B4BFFF7BDFA40B90A4B284667
:101510008DE8180040210322084BFFF7B3FA3EBDC7
:101520008DF2850031F28500A5F285003DF285003F
:1015300071F2850021F2850049F2850011F28500E3
:1015400037B50A4BD0F89456044600930190B02169
:1015500028461022064BFFF795FA30B92846B021ED
:101560001022044B0094FFF727FC3EBD65E8850080
:1015700081E78500ADE7850037B5D0F8945604467D
:101580000090C02128460022114BFFF7B3FDF0B9AF
:101590002846C02101220F4B0094FFF7ABFDB0B9E4
:1015A0002846C02106220C4B0094FFF7A3FD70B91A
:1015B0002846C021A822094B0094FFF721FE30B92C
:1015C0002846C0219822064B0094FFF719FE3EBD25
:1015D000F9F2850021F38500D9F285003DF38500FD
:1015E000C1F2850010B5044650B10368054918687A
:1015F0002246FAF784FD2046BDE81040E7F32EB7F7
:1016000010BD00BFAA5A010038B505460C20E7F30B
:1016100013F7044638B100210C22E2F3F7F60C234D
:101620002560A38001E0FFF7DDFF204638BD28B12B
:101630008368DA88013ADA80E7F310B770472DE95A
:10164000F04F9B46038B87B0C518C65AB5F8048087
:10165000438AC6EB0808984505919446878AB0F8F6
:1016600016A032DA6C88C7194445824416DAC4EBF6
:10167000080804F101093919424607EB0900CDF8C1
:1016800010C0E2F39FF60C2202FB09A002FB04A1AA
:1016900002FB08F2E2F396F6DDF810C06B88A21B9D
:1016A00001336B80AB880C210133AB80109BB819E0
:1016B0000193059B01FB06A1029392B26346CDF80C
:1016C00000B0FFF7EFFD002001E06FF0150007B05C
:1016D000BDE8F08F2DE9F04F9B46038B9446C5186B
:1016E000AC8830F80380428AC8EB040387B0934289
:1016F0000591878AB0F816A02FDA9C4207448244ED
:101700006E8816DAC8F1000804F101093919424659
:1017100007EB0900CDF810C0E2F354F60C2202FBEF
:1017200009A002FB04A102FB08F2E2F34BF6DDF88C
:1017300010C0AB88A21B0133AB80109B0C2101931E
:10174000059BB819029301FB06A192B26346CDF83E
:1017500000B0FFF7A7FD002001E06FF0150007B013
:10176000BDE8F08F2DE9F04F9B46038C85B0C5187E
:10177000C65AB5F80480438BC6EB08089845039118
:101780009446878BB0F81EA02EDA6C88C7194445A2
:10179000824415DAC4EB080804F1010939194246FC
:1017A00007EB0900CDF808C0E2F30CF60AEBC9001C
:1017B0000AEBC4014FEAC802E2F304F6DDF808C000
:1017C0006B88A21B01336B80AB88B8190133AB80E7
:1017D000039B0AEBC601019392B26346CDF800B0B9
:1017E000FFF770FD002001E06FF0150005B0BDE8C7
:1017F000F08F00002DE9F04F036885B003931B685C
:101800001546DB69C288D3F8D03007469A420E46A7
:101810005BDA09B14E1CB6B20DB10135ADB206F1BD
:1018200027034FF6FC7A03EA0A0A0C2303FB06A3FC
:101830004FF6FE78013303EA080808F10903EB18B4
:101840004FF6FC7B03EA0B0B0BEBC50201324FF6A4
:10185000FE73134003F106091FFA89F94846029303
:10186000E7F3EAF50446002830D000214A46E2F3C7
:10187000CDF5029B03992384FB88A4F818802422C9
:1018800008F1060801332160A760A4F81090A28235
:10189000A4F816A0A4F81C80A4F81EB06682658384
:1018A000FB8046B1DD2120460C4A0D4B0094FFF72A
:1018B000C6FE00280ADB6DB1DD212046094A234619
:1018C000FFF750FF002805DA00E000242046FFF76C
:1018D000AEFE0024204605B0BDE8F08F85F58500FA
:1018E00041F58500BDF585007FB50A4A03460092A3
:1018F0000022019202920392049205920649074A3D
:101900000068FAF757FC002814BF4FF0FF300020A2
:1019100007B000BD991E860078F08800AE5A01001D
:10192000024602490068FAF7EABB00BFAE5A01005E
:1019300010B5044648B1036821461868FAF7FEFC62
:101940002046BDE81040E7F389B510BD37B5054620
:101950000820E7F377F50446A0B105600022019066
:101960000C2128460A4B0092FDF746FF00286060D4
:1019700008DB084B286800932146074A0423FAF73E
:101980006CFC18B12046FFF7D3FF002420463EBD73
:101990001D2686002CF188003126860010B50446ED
:1019A000C06818B1E7F35AF50023E36010BD10B525
:1019B0000446A020E7F340F570B1E060A06000F1BC
:1019C000900203461033934243F8103CFAD10023AF
:1019D000C0F89030184610BD6FF01A0010BD00001E
:1019E00038B50446002852D0002105683FF04EDA91
:1019F00020463FF02BD8636933B12046002141F0E7
:101A000015DA606938F044DCA36933B1204601215E
:101A100041F00CDAA06938F03BDC236933B1204691
:101A2000022141F003DA206938F032DCE36F33B190
:101A30002046032141F0FAD9E06F38F029DC204636
:101A400041F09AD9D4F89800E7F308F501E03EF0A8
:101A500027DEE16920460029F9D1FFF79FFFD5F87D
:101A6000440118B10A492A4600F08FF9286809494B
:101A70002246FAF744FBD4F8A8301BB104F1A800C1
:101A8000E1F3DAF62046BDE83840E7F3E7B438BDC5
:101A900011428600F4C8890030B5054687B0B020F1
:101AA000E7F3CAF40446002800F099800021B02230
:101AB000E2F3ACF40A2384F84330012384F848307D
:101AC000FF2384F8203084F8213084F8223084F811
:101AD00023302560C420E7F3AFF4C4F89800002851
:101AE0007DD020463FF0C4D920463FF047DD2B682B
:101AF00041F26B02D3F8D43020F07F00196BA0873D
:101B00009142204608D19B6A932B05D13FF036DDE8
:101B1000C0F58440683001E03FF034DDE087E38FBA
:101B2000204623F07F03E3873FF02CDD41F288322B
:101B300022652E4A002320F07F00A4F84000E364D1
:101B400000922B4A049301922A4A059302922A4A50
:101B50002868039229492A4A2346FAF72BFB0028D2
:101B60003DD1D5F8E80538F069DB6061002836D052
:101B7000D5F8E80538F062DBA06180B3D5F8E80558
:101B800038F05CDB206150B32046FFF710FF30BB1C
:101B9000D5F8E80538F052DBE06700B3012384F89C
:101BA0007830D5F8440141F27073A4F87A3020B14E
:101BB00014492A4600F0E6F888B9204601213FF092
:101BC00065D94FF44843A3650023E36532232366B8
:101BD000D5F8380604F1A801E1F318F618B120464B
:101BE000FFF7FEFE0024204607B030BD59348600C2
:101BF000B152860039528600ED3686004CF18800DD
:101C0000F4C889001142860038B50446002827D060
:101C10000568144928682246FAF771FA236A1BB14D
:101C200004F12000E1F308F6E3691BB104F11C00A4
:101C3000E1F302F6A3691BB104F11800E1F3FCF52E
:101C400063691BB104F11400E1F3F6F52846064977
:101C50002246FDF7F4FD2046BDE83840E7F3FEB329
:101C600038BD00BFB0CB89002D62860070B5054637
:101C700086B03020E7F3E6F30446002859D04FF051
:101C8000FF3303610422FF2105600A30E2F3BEF353
:101C90000B2104F10E00E3F391F700238DE8180007
:101CA00004212846264A274BFDF7A6FD0028606040
:101CB0003FDB284624492246FDF7BCFD002838D1E9
:101CC000D5F8386604F114013046E1F39FF5002899
:101CD0002FD1304604F11801E1F398F548BB3046A6
:101CE00004F11C01E1F392F518BB304604F1200128
:101CF000E1F38CF5E8B9154B01900093144B049077
:101D00000293144B0590039328681349134A234602
:101D1000FAF750FA68B9204641F09ADF20B1204620
:101D2000012141F0C9DF20B93223A3622623636277
:101D300003E02046FFF768FF0024204606B070BD90
:101D400045638600FD6286002D628600A9628600DA
:101D500051658600F96286003CF28800B0CB8900AC
:101D60004069E1F32FB54069E1F38EB58069E1F395
:101D700029B58069E1F388B5C069E1F323B5C0698D
:101D8000E1F382B5006AE1F31DB5006AE1F37CB5C9
:101D900038B5044660B10568224606492868FAF756
:101DA000AEF92046E7F35AF32B68002283F84E2061
:101DB00038BD00BF54CC890070B50368002686B0DA
:101DC000054683F84E600C20E7F33CF304460028F8
:101DD00043D0234B056023498DE848002868224AF8
:101DE00023460296039604960596FAF7E3F906460B
:101DF00000282ED18DE811001C2128461B4A1C4BBF
:101E0000FDF7FAFC0028606023DB0C212846194A04
:101E1000194B0096019401F035FF0028A06018DBF3
:101E2000164BD5F894068DE818000A213822144B79
:101E3000FEF7AAFE68B9D5F894060A213822114B9C
:101E40000095FFF757F920B92B68012283F84E203F
:101E500003E02046FFF79CFF0024204606B070BD3B
:101E6000D971860054F2880054CC8900A97186008B
:101E70007D718600917686005D7686007D7786008E
:101E8000197786004977860070B5064686B0082027
:101E9000E7F3D2F20446A0B10B4B00250660456083
:101EA0000A498DE828003068094A234602950395BF
:101EB00004950595FAF77EF918B12046E7F3CEF2BE
:101EC0002C46204606B070BD4D7E860098F28800F4
:101ED000B0C6890010B5044650B1036805491868BA
:101EE0002246FAF70CF92046BDE81040E7F3B6B2F7
:101EF00010BD00BFB0C6890070B5044600282AD0C6
:101F00000668224630681449D6F84451FAF7F7F8C3
:101F1000224630461149FDF792FC224630461049D0
:101F2000FDF799FC224628460E49FFF71CFF224682
:101F300028460D49FFF71DFF224628460B49FFF7AB
:101F40001EFF28460A492246FFF71FFF2046BDE82C
:101F50007040E7F383B270BD35D289005D8786009B
:101F60006D978600FD848600E9868600CDAA8600EE
:101F7000A5928600F0B5D0F8446187B00546582098
:101F8000E7F35AF20446002800F09380002158221B
:101F9000E2F33CF220462021494A40F8205BE2F37C
:101FA0009BF201274FF0FF33E06184F84070A4F802
:101FB0004C30304643492246FFF7D2FE002878D104
:101FC000304641492246FFF7D1FE002871D1304604
:101FD0003E492246FFF7D0FE00286AD130463C49F0
:101FE0002246FFF7CFFE002863D128463949224612
:101FF000FDF72CFC064600285BD18DE8110004217A
:102000002846354A354BFDF7F7FB0028206150DBA9
:10201000284639463246334600960194FDF7ECFBDC
:102020000028606145DB042128462D4A2D4B00968F
:10203000019401F027FE0028A0613ADB28462A49D6
:102040002246FDF7F7FB002833D1284B03EBC602ED
:1020500053F8363063B1526852B131018DE8140043
:10206000D5F8940601F0F001C022FEF7ADFD00BBEB
:1020700001360D2EE9D11E4B1E4A00930023019319
:10208000029203930493059328681B491B4A234635
:10209000FAF790F868B9204646F0F6D820B1204605
:1020A000012144F0C3D820B9636C43F00403636496
:1020B00003E02046FFF720FF0024204607B0F0BDD4
:1020C000B15A0100FD848600E9868600CDAA86000B
:1020D000A59286006D978600019286008991860000
:1020E000059E8600F19D86005D878600C49E0200E5
:1020F000198A860055AB8600ECF2880035D289003B
:1021000038B50446D0B1806808B1E7F3A7F1236978
:1021100043B90EE0236953F8350008B1E7F39EF1A7
:10212000013500E00025E3689D42F3DB2069E7F319
:1021300095F12046BDE83840E7F390B138BD000086
:102140002DE9F04105461820E7F37CF1044600280C
:1021500033D02B680560DB690C20DB690133584301
:10216000E7F370F1A06040B32B681820DB69DA69EF
:102170005B6F6260E360E7F35FF12061E8B11249F1
:1021800018220026E2F3BEF037460EE00E4BD4F8DC
:1021900010809B1918798000E7F354F1236948F8FF
:1021A00006009B59083643B10137E3689F42EDDBD7
:1021B0006B68064ADC609A6003E02046FFF7A0FFE8
:1021C00000242046BDE8F0812C9F0200B9BC8600A7
:1021D00010B5C468A1420BDA006900EBC104247990
:1021E000A24208DA50F83110002041F8223010BD28
:1021F0006FF0150010BD6FF0150010BD47F06C9B1F
:1022000010B50446FFF7FAFFE084000C84F82800BC
:10221000002010BDD0F8F03310B5044683B1D3F8D8
:10222000280830B1E7F31AF1D4F8F0330022C3F8EC
:102230002828D4F8F003E7F311F10023C4F8F033B1
:1022400010BDC36B10B5044683B1836B5B6B0B2B66
:1022500007D1D0F8E00320B1E7F300F10023C4F880
:10226000E033E06BE7F3FAF00023E36310BD10B551
:1022700004460120E7F3E0F00346E063A8B1002143
:102280000122E2F3C3F0A36B5B6B0B2B0CD14FF479
:102290009470E7F3D1F00346C4F8E00328B10021BD
:1022A0004FF49472E2F3B2F00123184610BD70B5FA
:1022B000044640F678100D46E7F3BEF0C4F8F0038C
:1022C000002831D0002140F67812E2F39FF0B4F8F4
:1022D0005220D4F8F03300261A70D4F8F033204698
:1022E00083F8B660C3F8B060D4F8F03383F8B46014
:1022F000A36B83F88460A36B1E679E673C23C4F8BE
:10230000BC301023C4F8C030C4F8C46000F09AFF99
:10231000A36B022D0CBF1A6F9A6F0020DA6684F847
:10232000C36284F8C26270BD6FF01A0070BD000015
:10233000B0F8C632F7B504460E46FBB10846E2F3E4
:1023400011F107461348E2F30DF13F181037BFB201
:102350003846E7F371F00546B8B1B4F8C6323946ED
:1023600000930D4A3346E2F3B7F0E06C2946E2F3FE
:10237000E9F607462846E7F371F03FB9E06C3146CD
:1023800003B0BDE8F040E2F3DDB60746384603B0DF
:10239000F0BD00BF8F9F02007A9F0200044B1B78A4
:1023A000012B02D1002000707047FFF7C1BF00BFB2
:1023B000FC0300002DE9F3471C46B0F8C63207467F
:1023C00088469146C66C002B32D00846E2F3CAF02C
:1023D00082462248E2F3C6F082440AF1100A1FFA4C
:1023E0008AFA5046E7F328F0054600282FD0B7F8C0
:1023F000C632514600931A4A4346E2F36DF038461E
:102400002946FFF7CBFF074668B130462946E2F37D
:102410008DF640B1484506DD304629464A46E2F38E
:1024200079F6824600E0A2462846E7F317F08FB916
:1024300030464146E2F37AF658B1484509DD304668
:1024400041464A4602B0BDE8F047E2F363B6824631
:1024500000E0A246504602B0BDE8F0878F9F020020
:102460007A9F020010B51446FFF798FF28B10021AB
:102470000A46BDE81040E2F301B4204610BD00005A
:1024800038B500220D4608490446FFF7EBFFC0B2FD
:102490002823A84284F8660384F8D531CCBF84F899
:1024A000663384F8D50138BDD69F0200012238B5C5
:1024B00080F860200A23826B002580F89E31032378
:1024C00080F89F3180F86F5380F8715380F8735310
:1024D00080F8755380F8775380F8BA5182F88A30C3
:1024E0004FF6CE73A0F8783214491422C0F8745213
:1024F0000446FFF7B7FF124984F866032A462046D0
:10250000FFF7B0FF7F2384F87B304FF0FF33A4F850
:10251000983004F5F673C4F88C31642384F858308D
:102520000423C4F8280384F86C50C4F8E453C4F8B6
:10253000745284F8D43184F8D63138BDD69F020065
:102540005E9F02000022FFF78DBF000010B5174903
:102550000446FFF7F7FFC0B284F8E8030138C0B2C1
:10256000FD2802D9732384F8E83394F8E833204631
:1025700084F8E9330E49FFF7E5FFC0B284F8EA03B7
:1025800008B10F2802D1052384F8EA3394F8E82330
:1025900094F8EA33D31A84F8EB33002384F8EC334D
:1025A00084F8EE33112384F8ED3310BD849F0200CC
:1025B000E79F02002DE9F04105460C4617461E46EE
:1025C000FFF7ECFE38B1284621463A463346BDE8CF
:1025D000F041FFF7EFBE3046BDE8F0810023FFF782
:1025E000E9BF000070B501220D463C490446FFF7E3
:1025F00039FF3B4984F8680300222046FFF732FF89
:10260000384984F82C0307222046FFF72BFF364970
:1026100084F82D032046FFF7C1FE88B132492046D9
:10262000A66BFFF78FFF304930672046A66BFFF798
:1026300089FFA36BB067022D0CBF1A6F9A6FDA6621
:102640002A4900226FF095032046FFF7B3FF274980
:1026500084F83403012220466FF09503FFF7AAFFA8
:10266000022584F8350300232A4620461F49FFF738
:10267000A1FF63190135052D83F83403F3D100253B
:102680002A4620461A49FFF7A9FF631901350E2D86
:1026900083F85703F4D1012384F8673306222046D8
:1026A0001449FFF7DFFE002284F865031249204633
:1026B000A56BFFF7D7FE114985F82C0100222046B3
:1026C000FFF7D0FE002384F83E034021204684F823
:1026D0002433BDE87040FFF7D3BE00BF6E9F0200F9
:1026E000449F0200C89F0200A09F0200F89F0200C2
:1026F000C19F0200959F0200AD9F0200699F0200EA
:1027000010B5044628B10468003418BF0124E6F36C
:10271000A5F6204610BD10B5848B0C80018C11806D
:1027200040F2DA321A8090F83520029B01201A809C
:1027300010BD90F834007047C06A7047836B996190
:10274000704738B5044600283ED0C56D013DC565CB
:10275000002D39D1FFF75EFD2046FFF772FDD4F85A
:10276000801229B1A36B186900F08CFDC4F8805267
:10277000002584F89551204646F0E4DEA26B1368EC
:10278000A34202D1A36C136003E09A6CA2421DD154
:102790009D64D4F8943A0BB120469847A36B18690E
:1027A00051F094D8D4F8E41320B141B1204647F059
:1027B0008FD804E019B1A36B986852F0CDDC2046A5
:1027C000E6F34CF6002038BD012038BD012038BDAD
:1027D0002DE9F0478A46002104461546C0680A469E
:1027E00076469946EBF3DCF6804600070CD5276861
:1027F00057B1BB6BC7F84C901869F96A51F02CD8E7
:10280000FB6D0133FB65CEE04FF42F60E6F314F669
:10281000074628B96FF01A00314648F0A3DDC5E03D
:1028200000214FF42F62E1F3F1F5FB6DC7F844A0EE
:102830000133FB652368BC63BB640123C7F84C907C
:10284000276087F85930E26C41F26B039A4205D158
:10285000636C932B0CBF0123182300E01823022D77
:10286000A7F88A3005D118F0010F1CBF4FF40053B0
:10287000FB62BB6BF96A186950F0EEDF7B6CB3F852
:10288000E0831FFA88F808F470631B0AFB615FFAA3
:1028900088F33B62BB6BD868F8F739FCFB69A7F893
:1028A000C602092B04D10423FB613B6A10333B624F
:1028B000012387F824304FEA18333B633846FFF78B
:1028C0009FFC002875D14FF48053A7F856304DF285
:1028D000240241F20103022D18BF1346A7F852301B
:1028E00038463749FFF75AFD38B138463449D7F8EA
:1028F0003880FFF727FEC8F868003846FFF7B7FCB6
:10290000002856D038462946FFF76CFE3846FFF7B8
:10291000CDFD384600F0D2FB00284AD02946384683
:10292000FFF7C5FC0546002843D13846FFF70EFEE9
:10293000384647F001DD3846012146F0AFDD384624
:10294000294648F083DB4FF0FF33C7F8D432C7F88D
:10295000D832C7F8DC32C7F8E032C7F8E432C7F83B
:10296000E832C7F8EC32C7F8F032384607F11C01FC
:102970001C22E1F3C7F4206950F0A8DF60B1BB6B03
:10298000986852F035DEC7F8F80328B96FF01A00DE
:10299000314648F0E7DC0CE03846002148F04CDADC
:1029A000002387F8FC3907F14C03FB643846BDE887
:1029B000F0873846FFF7C5FE0020BDE8F08700BF6E
:1029C000519F020070B505464FF498707646E6F3C5
:1029D00033F5044628B96FF01A00314648F0C2DCDE
:1029E00039E000214FF49872E1F310F52B68A360F1
:1029F0006B68E360AB682361EB6863602B696361BC
:102A00002B8CA3846B8CE3846B6AA362AB6AE36256
:102A1000EB6A23632B6B63636B6B6364AB6BA364C5
:102A2000EB6BE3642B6C23656B6C6365AB6CC4F878
:102A30001C316B69A365AB69E3650F2323663D23F6
:102A400063667923A3660123C4F818310323E36680
:102A5000002384F88B30204670BD00007FB50A4B00
:102A60000A4900930023019302930393049305936F
:102A7000074A0368F9F79EFB002814BF4FF0FF30A8
:102A8000002007B000BD00BF05E3860068F48800A1
:102A9000B95A010001490268F9F731BBB95A01007E
:102AA0000023F0B51C4607E0CE183568C718C5509E
:102AB000756801347D6008339442F5D1F0BD0000A3
:102AC00038B5046C0023C4F8243690F86D53094BD4
:102AD000094A4FF48060002D0CBF15461D46E6F3F1
:102AE000ABF4C4F8240620B129468022FFF7D8FFB2
:102AF000012038BD66AD020066B1020070B517490D
:102B00004FF0FF32046C0546FFF7ACFC1449C4F8E3
:102B1000500517222846FFF7A5FC0026C4F85405E7
:102B200010496FF0250284F858652846FFF79AFC93
:102B30000D49A4F8480532462846FFF793FC0B4997
:102B4000A4F8040C6FF003022846FFF78BFCB4F8DE
:102B50004835C318A4F8063C70BD00BF1DA0020094
:102B600046A802002FA802009CAC020007AD02009C
:102B700038B527490446FFF7E5FCC0B228288CBFCA
:102B80000023012384F8690384F8CA0384F86D33B1
:102B900020462049FFF7D6FC082820461CD81E49AD
:102BA0000022FFF71BFD80B20022C4F8FC001B4985
:102BB0002046FFF713FD1A49C4F800012046FFF72D
:102BC000C1FC184905462046FFF7BCFC80B240EA2C
:102BD0000545C4F8045113E013490022FFF7FEFC39
:102BE00080B2C4F8FC00114900222046FFF7F6FC31
:102BF0000F49C4F800012046FFF7A4FCC4F8040103
:102C000020460C49FFF79EFC84F8080138BD00BF40
:102C10001EA40200EFAC020014A802003DA80200AE
:102C20004CA0020038A0020090AC020035AD0200BA
:102C3000A1A80200C4A70200F8B5A4490022056CAF
:102C40000446FFF7CBFCA14985F8BC0401222046CD
:102C5000FFF7C4FC9E4985F8BD04002207232046E7
:102C6000FFF7A8FC922385F8BE049949012220466B
:102C7000FFF7A0FC974985F8BF0400222046FFF724
:102C8000F1FB9549C5F8C40400222046FFF7EAFB92
:102C90000026A5F85804914985F833642046324649
:102CA000FFF7E0FB8E49A5F80A042046FFF74AFC2F
:102CB000B8B1012385F833342F46422332462046EB
:102CC0008749FFF777FCAB19C0B283F82604B5F843
:102CD0000A340136C018A7F80C0402370D2EECD1C7
:102CE0000DE0804942222046FFF7BCFBC2B285F8C6
:102CF000082420467C49FFF7B5FBA5F806047B496C
:102D000000222046FFF7AEFB794985F838044FF0E2
:102D1000FF322046FFF7A6FB7649A5F868054FF07D
:102D2000FF322046FFF79EFB7349A5F86A054FF076
:102D3000FF322046FFF796FB7049A5F86E054FF06D
:102D4000FF322046FFF78EFB6D4985F870050022A3
:102D50002046FFF787FB002684F8740032462046A1
:102D60006849FFF73BFCAB1901360E2E83F80606C7
:102D7000F4D1A12264492046FFF774FB6349C5F8EA
:102D8000C00546F20F622046FFF76CFB0822C5F82B
:102D9000C4055F492046FFF765FB5E49C5F8C805D5
:102DA0006FF008022046FFF75DFB5B49C5F8CC05D4
:102DB00040F6BB722046FFF755FB0A22C5F8D00546
:102DC00056492046FFF74EFB5549C5F8D4056FF02C
:102DD00044022046FFF746FB5249A5F802066FF071
:102DE0004A022046FFF73EFB0122A5F804064E49A1
:102DF0002046FFF737FB80B2031C18BF012300F009
:102E0000020085F84A353F2285F84B0547492046A0
:102E1000FFF728FB642285F84C0545492046FFF75B
:102E200021FB4449C5F85C054FF0FF322046FFF70F
:102E300019FBC5F86005013018BF012085F864054D
:102E40003D4900222046FFF70DFBC0B200F00F0302
:102E5000000900F0010085F8143685F81706374997
:102E6000002226232046FFF7A5FB3449A5F81806C3
:102E7000012242232046FFF79DFB5023A5F81A06A6
:102E80002E4902222046FFF795FB0622A5F81C06D4
:102E90002B492046FFF7E6FA85F81E062046FFF785
:102EA00067FE94F86D232046002A4DD12549FFF78F
:102EB00095FB2449A4F8820301222046FFF78EFBEC
:102EC0002049A4F87E0320464DE000BFC8AC0200B4
:102ED00073A8020087AC020054AC02007FA8020075
:102EE00074AC0200B1AC0200E3AC020008A0020026
:102EF00055A00200F7AC020061A802001CA8020065
:102F0000BAAC02004CAD020025A802008DA8020058
:102F1000D2AC0200D9AC020014A002005FAD0200E6
:102F20002AAD020067AC0200DFA70200ADA80200D4
:102F3000FAA70200E8A7020041A0020080AC02004C
:102F4000D1A7020045AD020025490022FFF746FB4C
:102F50002349A4F8820301222046FFF73FFB2049C2
:102F6000A4F87E0320460222FFF738FB0023A4F8D2
:102F700080031C4985F8333620460222FFF71AFBEE
:102F800010B1012385F8333695F833362BB3154944
:102F900000222046FFF722FB1249A4F82C0A012246
:102FA0002046FFF71BFB0F49A4F8280A02222046FF
:102FB000FFF714FB0C49A4F82A0A00222046FFF769
:102FC00051FA0A4985F8310628222046FFF74AFAC5
:102FD000002385F8320684F867330120F8BD00BF6E
:102FE0000AA80200A5AC0200DAA702005AAD02004E
:102FF00038B50E49046C0546FFF7A4FA0C4984F86D
:1030000029062846FFF79EFAFF2284F82A06094976
:103010002846FFF727FA084984F830062846FFF7C4
:1030200091FAC4F82C06012038BD00BF5EAC020046
:1030300096A802002BA0020051A8020038B5044651
:10304000056C4FF46770E6F3F7F1C5F82006236CC2
:10305000D3F82006B0B1D4F8DC300B4A934207D045
:103060000A4A934206D00A4A93420AD1094902E029
:10307000094900E009494FF46772E1F343F1012087
:1030800038BD002038BD00BFC0AD3A0280BA8C0107
:1030900000F82401B8A8020082A0020028A40200BF
:1030A00010B504464EF00AD8236CD3F82006E6F398
:1030B000D5F1206CBDE81040E6F3D0B170B5044600
:1030C00040F60840E6F3B8F105462064002800F019
:1030D0008380002140F60842E1F398F10125A36BBB
:1030E00084F8825084F8F050D868EBF3BDF13B4B84
:1030F000C4F8DC00C4F8483A394B2046C4F84C3ACE
:10310000384BC4F8503A384BC4F8543A374BC4F8EB
:10311000A03A374BC4F85C3A364BC4F8643A364BA5
:10312000C4F86C3A354BC4F8703A354BC4F87C3A65
:10313000344BC4F8B43A344BC4F8B03A334BC4F807
:10314000C03A334BC4F8BC3A324BC4F8C43A324BA1
:10315000C4F8C83A314BC4F8CC3A314BC4F8943A6D
:10316000304BC4F8D03A304BC4F8D43A2F4BC4F8A3
:10317000D83A2F4BC4F8DC3A2E4BC4F8E03AFFF7AC
:103180005BFD40B32046FFF759FF20B32046FFF711
:1031900097FC00B32046FFF7B1FC236C204683F870
:1031A000C054FFF725FF244900222046266CFFF774
:1031B00059F9224986F8340600222046FFF752F9D1
:1031C0001F4984F890022A462046266CFFF74AF9E8
:1031D00086F8350600E00546284670BD554B870049
:1031E000114A8700154A8700B95E87008D35870030
:1031F000214B8700915E8700CDEC86002964870013
:103200001D4B8700895F870015F98600D5F8860079
:103210004938870061498700CD218700C5F9000042
:10322000415D0200F50A8700F90A8700F10A87006C
:10323000FD0A87000D0B870072A0020064A0020047
:1032400014AD0200836B93F82C210AB1042200E034
:1032500003221A67DA667047F8B507460C200D4658
:103260001646E6F3E9F0044630B100210C22E1F302
:10327000CDF027606660A5602046F8BD08B1E6F392
:10328000EDB070478068F2F35BB4000070B506469D
:1032900086B06C20E6F3D0F00446D0B100216C2259
:1032A000E1F3B4F00823A3610E4B266000250093E0
:1032B00030680D490D4A2346019502950395049502
:1032C0000595F8F777FF38B93268012382F8923014
:1032D0002371204606B070BD2046E6F3BFF02C46B1
:1032E000F7E700BF0D698700B00A8900665B01003F
:1032F00010B5044668B10368064918682246F8F715
:10330000FEFE204651F048D82046BDE81040E6F3C6
:10331000A5B010BD665B010010B5044648B1054973
:1033200022464068F8F7EBFE2046BDE81040E6F381
:1033300095B010BD5CF4890070B5064686B01020CB
:10334000E6F37AF0044630B300211022E1F35EF098
:1033500033682660636073680025A36004213046EB
:103360000E4A0F4B00950194FCF746FAA842E06024
:103370000DDB0C4B30688DE828000B490B4A2346C7
:103380000295039504950595F8F714FF18B12046AA
:10339000FFF7C2FF0024204606B070BD29748700E5
:1033A000117487007D7487007C0B89005CF48900B0
:1033B00030B5054687B01420E6F33EF0044638B336
:1033C00000211422E1F322F06B682868A360124BFD
:1033D00025606060002500931049114A234601953D
:1033E0000295039504950595F8F7E4FE60B90A2364
:1033F00023730F2363736423A3730223E3730623EE
:1034000023740123637403E02046E6F327F02C467F
:10341000204607B030BD00BF217B8700940B890098
:103420000CE3890010B5044648B1054922464068BE
:10343000F8F765FE2046BDE81040E6F30FB010BD7A
:103440000CE3890010B5044658B1064B21461B8891
:10345000C3581868F8F772FF2046BDE81040E5F33E
:10346000FDB710BDD403000073B505460C20E5F38D
:10347000E9F70446C8B1104B04221A8002214560C6
:10348000002301900D4A28460093FCF7B5F9002867
:1034900020600ADB01232381094B28680093214621
:1034A000084A0223F8F7D9FE18B12046FFF7CAFFF1
:1034B000002420467CBD00BFD40300007D8587002A
:1034C000FC0B8900A985870038B5044680B1094BFB
:1034D00021461B88C5582868F8F730FF2868064938
:1034E0002246F8F70CFE2046BDE83840E5F3B6B7B3
:1034F00038BD00BFD6030000845B0100F0B505466F
:1035000087B01420E5F39EF70446002856D02F4BD1
:1035100004221A80456000260190042128462C4A86
:103520002C4B0096FCF768F9B042206046DB012383
:10353000A3810C232382284B0722E2810093274B8F
:10354000286801932649274A234602960396049643
:103550000596F8F72FFE002830D1234B28680093FA
:103560002146224A0523F8F778FE38BB204BD5F8D0
:1035700094068DE818004FF490712A221D4BFDF738
:1035800003FBD8B9D5F8940680212A221A4B00945F
:10359000FDF712FC90B9B5F8AA0106F023DD801BF7
:1035A00018BF01200A3055F820301B68022B09D1C2
:1035B000012120460A4652F0ABDD03E02046FFF72A
:1035C00083FF0024204607B0F0BD00BFD6030000F3
:1035D0005D89870049898700DD8B8700F58B87002F
:1035E000340C8900845B01000C0C8900098B870076
:1035F000F98C8700E9898700F9888700084B10B5A6
:103600001B88044650B1C358064918682246F8F78B
:1036100076FD2046BDE81040E5F320B710BD00BFA1
:10362000D80300008B5B010070B5054686B01420FE
:10363000E5F308F70446002844D0264B08221A80F8
:1036400000238560042100930190234A2846234BE0
:10365000FCF7D2F80028206034DB0223A381052286
:103660000C23E2812382D5F8940680213D221C4B55
:103670000094FDF7A1FB28BB1A4B029000931A4B54
:10368000039001930490059018492868184A23462E
:10369000F8F790FDB0B9B5F8AA0106F0A3DC2B68E5
:1036A00093F84F201AB1032A14BF032201222046A7
:1036B000012153F063DA204602214FF0FF3253F02C
:1036C0005DDA03E02046FFF799FF0024204606B0AC
:1036D00070BD00BFD8030000319287001D928700A3
:1036E000E99187009993870001958700400C890034
:1036F0008B5B010038B5044698B105682246284620
:103700000849FCF79CF821462868F8F717FE286856
:1037100005492246F8F7F3FC2046BDE83840E5F3BA
:103720009DB638BD1D9E8700C9E3890030B50546AA
:1037300087B00820E5F386F6044600283ED0002333
:103740000560042100930190204A2846204BFCF795
:1037500053F80028606031DB28461E492246FCF7FA
:1037600069F858BB1C4B01900093029003900490A1
:1037700005901A4928681A4A2346F8F71BFDE8B94C
:10378000184B286800932146174A0123F8F765FD76
:10379000A0B9164BD5F894068DE818004FF4907137
:1037A0002822134BFDF7F0F940B9D5F89406802193
:1037B0002822104B0094FDF7FFFA18B12046FFF7BE
:1037C00099FF0024204607B030BD00BFA19D8700AF
:1037D000619D87001D9E8700A59E87009C0C890027
:1037E000C9E38900940C8900799E87009D9F87001A
:1037F000459E8700459D870070B5064686B09C2093
:10380000E5F320F60446002834D006601B4B3068F0
:10381000002560601A4900931A4A234601950295D3
:10382000039504950595F8F7C5FCF8B9D6F88434E6
:103830001E229B7822610422E272022223772273E5
:1038400001230A22E376237263616273A3764FF643
:10385000AF72A37784F899301023A0736072A072BE
:10386000228384F89A3084F8983003E02046E5F308
:10387000F5F52C46204606B070BD00BF19AE870096
:10388000001C890066B50200C0F88410C0F88820CA
:10389000C0F88C307047000010B5044648B10549A7
:1038A00022464068F8F72BFC2046BDE81040E5F3BF
:1038B000D5B510BD66B5020038B5044600B3436BFC
:1038C00005680BB1E9F7C6FC04F11400DBF38AF4D8
:1038D00004F11800DBF386F404F11000DFF382F545
:1038E00004F12400DBF372F4224606492868F8F755
:1038F00006FC2046E5F3B2F52B68002283F862212E
:1039000038BD00BF7AE689002DE9F041054686B052
:103910003820E5F397F5044600287FD0056000269F
:10392000019004212846414A414B0096FBF764FF71
:10393000B042606072DB042128463E4A3E4B00964E
:10394000019400F09FF9B042A06067DB0127E760B7
:1039500038463A493A4A6B68DFF32EF12061002875
:103960005CD006213246D5F80480DFF36BF534498C
:10397000034642463148DBF317F4606200284DD01D
:10398000072132462069DFF35DF539460346E061E1
:103990003246606ADBF3E8F239460246A0612069EC
:1039A000DFF350F5E36939463246606ADBF3DCF257
:1039B0000221024660612069DFF344F5214B4FF09C
:1039C0000308C4F82C808DE848001F4B2868049336
:1039D0001E4B1F4905931F4A234602960396F8F78C
:1039E000E9FBD8B91C4BD5F894068DE81800B02136
:1039F00042461A4BFDF746F880B9194BD5F89406A4
:103A00008DE81800B0215D22164BFDF769F928B941
:103A10001423A3622B6883F8627103E02046FFF74A
:103A20004BFF0024204606B0BDE8F08115D2870088
:103A3000B9060100890501004DE08700FDD087002F
:103A400005D1870099D38700945B01001905010017
:103A5000181C89007AE68900171501008F160100ED
:103A600055140100C11401002DE9F043074687B049
:103A70004FF441700E4615469846E5F3DDF40446D2
:103A8000002878D000214FF44172E0F3BFF42820E1
:103A9000E5F3D2F48146206020B92046E5F3DEF458
:103AA000484668E000212822E0F3B0F423684FF490
:103AB00041721C606261E5604FF0FF320025A26137
:103AC000A760C4F804809D711423A4F80832282349
:103AD000A4F806322D23A4F804326E23A4F80A3287
:103AE000022384F80C326423A4F8383284F80D528F
:103AF0003046224922462B46F2F33AF0C4F8F80148
:103B000030B304F51473C4F81832C4F814321C4BE3
:103B10000526C4F81C6200931A4B029501931A4BB8
:103B2000049503930595234638681849184AF8F711
:103B300041FB034660B9009038682168154AF8F7E0
:103B40008CFB28B984F8406284F84162206812E056
:103B5000D4F8F81119B1A3689868F1F3F1F7206966
:103B600008B100F03FF8206808B1E5F377F420468B
:103B7000E5F374F4002007B0BDE8F08365F6870034
:103B8000C5EF870049F6870039FF87006C1C890064
:103B900000E889006500880038B50546F0B1046882
:103BA000E4B1D4F8F81131B1A3689868F1F3C8F71B
:103BB0000023C4F8F831A368224618680849F8F7CA
:103BC0009EFAA36821681868F8F7B8FB2846E5F361
:103BD00045F42046BDE83840E5F340B438BD00BFA9
:103BE00000E8890010B5044630B159F0B9DE20462E
:103BF000BDE81040E5F332B410BD0000F7B506682B
:103C00000546F3691F6D02373F013846E5F314F4AA
:103C1000044610B300213A46E0F3F8F384E860006C
:103C20001021002628460E4A0E4B00960194FBF701
:103C3000E3FDB042A0610CDB04F1200363614FF4AB
:103C40004773E360D5F8380604F11C01DFF3DEF5B5
:103C500018B12046E5F302F434462046FEBD00BF0D
:103C6000B90888009D08880010B5044648B1C369AA
:103C700013B11C30DFF3E0F52046BDE81040E5F35A
:103C8000EDB310BDF0B5D0F8244100682569C069D6
:103C9000006D854211D267692E01B8190135256181
:103CA0004360059BBA518360069BC360E068C31CF8
:103CB000591821F00301E160F0BD4FF0FF30F0BD75
:103CC00037B505461820E5F3B7F3044638B30021AD
:103CD0001822E0F39BF32B68256063606B6828462D
:103CE000A360FFF765FBE06088B15BF0AFD800230D
:103CF00001468DE8180028460A4A0B4BFFF7C2FF21
:103D00000028206103DB51F04DD8606107E0E068D6
:103D100008B1FFF787FB2046E5F3A0F30024204617
:103D20003EBD00BF1D1B8800F91A880010B504466F
:103D300038B1C068FFF776FB2046BDE81040E5F3D8
:103D40008DB310BD73B505461820E5F375F3044631
:103D5000002838D000211822E0F358F30C20E5F3B6
:103D60006BF3064600282DD000210C22E0F34EF321
:103D70002B686661256063602846FFF73DFDA06003
:103D8000B8B15BF09DD8002301468DE82800284695
:103D90000E4A0F4BFFF776FF0028E06009DB56F074
:103DA00013DA0C4920610C4AA0680C4BFFF76CFD3C
:103DB00009E0A06808B1FFF76FFD2046E5F34EF378
:103DC000002400E0044620467CBD00BFCD1B8800D7
:103DD000A91B8800C1218800B5218800A91E880080
:103DE00010B5044650B18068FFF756FD6069E5F3F1
:103DF00035F32046BDE81040E5F330B310BD0000B8
:103E000070B5444B86B00093002301930293039353
:103E1000414B04460493414B414905930068414A94
:103E20002346F8F7C7F9054600286FD1D4F8843443
:103E30001421A3F86410A36A012683F84C00E36AF6
:103E4000204683F84C60A16A5EF0E8D8E16A20461B
:103E50005EF0E4D8204629465DF0EADBA36A83F8E9
:103E60004D50E36A83F84D50236A1869E7F7F6FE70
:103E7000830707D5D4F884344FF0FF325E73D4F84B
:103E80008434DA812368D4F884545E6951F0BCD953
:103E90000146304651F052D9E862002836D0D4F8B5
:103EA00084341F2283F87820D4F884040522573004
:103EB0004FF0FF31E0F3AAF22368D4F88424B3F87A
:103EC000C810D3F8D80051850A2151631649E1F38F
:103ED00015F1431E0D2BD4F88454236898BF6863F2
:103EE0001249D3F8D800E1F309F185F88A00D4F833
:103EF0008434012283F85120D4F8843400201A78C5
:103F000083F84E20D4F88434586701E04FF0FF3036
:103F100006B070BDE9398800105C0100AD1E0100DB
:103F2000341D89006EB5020081B5020072B5020031
:103F3000D0F8843410B5D96A044611B1406851F004
:103F40000BD9206802492246BDE81040F8F7D7B8DF
:103F50006EB5020038B503680446D0F8845427498A
:103F6000D3F8D800E1F3CAF0287023682449D3F8C5
:103F7000D800D4F88454E1F3C1F0E870D4F8843464
:103F80001A78013AD2B2FD2A01D901221A70D4F866
:103F900084341A785A700023D4F88424D118127803
:103FA0000133052B81F85220F6D1D4F88454012135
:103FB0002846E0F38BF4A870D4F88434DA78013A18
:103FC000D2B2FD2A01D90122DA70D4F88434012159
:103FD000DA785A71D4F88454E81CE0F377F4287145
:103FE000D4F8843420461A799A715DF053DAB4F823
:103FF00058142046BDE838405DF0A49A8EB5020002
:1040000096B5020010B50446D8B140680D49224665
:10401000FBF72BFC236A1BB104F12000DFF30CF447
:10402000237F23B1606808492246FBF708FCA0689B
:1040300006492246F8F763F82046BDE81040E5F34C
:104040000DB210BDD1568800515488007E5C01002D
:1040500030B5054687B02420E5F3EEF1044600288C
:104060003ED000212422E0F3D1F12B680022A3608E
:10407000AB686560E3606B68042123610823A38259
:104080002846194B8DE81400FBF7B6FB002820608A
:1040900022DB284615492246FBF7CCFBE0B9012379
:1040A0002377284612492246FBF7DAFBA0B9D5F858
:1040B000380604F12001DFF3A9F368B90D4B019034
:1040C000009302900390049005900B4928680B4AD6
:1040D0002346F8F76FF818B12046FFF793FF002446
:1040E000204607B030BD00BFC95488005154880035
:1040F000D1568800555588001C1F89007E5C010040
:10410000D0F8D036186ADFF35DB3D0F8D036186A2D
:10411000DFF3BAB3F8B5D0F8846404460D46D1F89D
:10412000D800C149E0F3EAF786F81C01D5F8D800B9
:10413000BE49E1F307F0D4F8846438B1D5F8D8006B
:10414000BA49E0F3DBF786F8E80002E0022386F8DC
:10415000E830D5F8D800B649E0F3F4F7D4F8846431
:1041600038B1D5F8D800B249E0F3C8F786F858015D
:1041700002E0FF2386F85831AE49D5F8D800D4F8CC
:104180008464E0F3BBF7AC49C6F82001D5F8D80049
:10419000D4F88464E0F3B2F7A849A6F82A01D5F868
:1041A000D800D4F88464E0F3A9F7A549A6F82C0157
:1041B000D5F8D800D4F88464E0F3A0F7A149A6F8B4
:1041C0002E01D5F8D800D4F88464E0F397F786F888
:1041D000E900D4F8843493F8E92012B9022283F874
:1041E000E920D5F8D8009849D4F88464E0F386F73C
:1041F000A6F8C600D4F88464B6F9C63013B9012312
:10420000A6F8C630D5F8D8009049E0F377F7C6F89D
:10421000D800D4F88464D6F8D8301BB94CF25033A7
:10422000C6F8D83096F8E93001229A40D6F8D8106E
:10423000D5F8D8008A4288BFC6F8D820022212FAE0
:1042400003F38349C6F8DC30E0F358F7C6F8E4001E
:10425000D4F88464D6F8E4301BB94FF49673C6F8EA
:10426000E430D5F8D8007B49E0F348F7A6F8C4005D
:10427000D4F88464B6F9C43013B91923A6F8C4304D
:10428000D5F8D8007449E0F339F786F86C01D4F812
:10429000843493F86C2112B9052283F86C216F499C
:1042A000D5F8D800D4F88464E0F328F7D4F884343F
:1042B000A6F8F00093F81C21694983F81D21D4F871
:1042C000843493F81D2183F84821D4F88434DA79B2
:1042D00083F8AC20D4F884341A7A83F84521D4F8D2
:1042E00084644FF6A273A6F8EA30A6F8EC30A6F87C
:1042F000EE30D5F8D800E0F301F7A6F8F200D4F8D4
:104300008464B6F9F2301BB94FF6A273A6F8F23006
:1043100096F8E930012212FA03F3D6F8D820514971
:10432000934288BFC6F8D8300023A6F8B230A6F86A
:10433000B430A6F8B630C6F8B830C6F8BC30C6F807
:10434000C030D5F8D8001F46E0F3D8F686F844010F
:104350004549D5F8D800D4F88464E0F3CFF686F860
:104360004B01D5F8D8004149D4F88464E0F3C6F68F
:10437000D4F88434C6F8240183F82971D4F884343D
:10438000D3F824211AB94FF49B72C3F8242193F86F
:104390001D2102B10322C3F84C21C3F85021002291
:1043A000C3F85421D5F8D8003149E0F3CBF640B139
:1043B000D5F8D8002E49D4F88464E0F39FF6C6F807
:1043C0005401D5F8D8002B49E0F3BCF640B1D5F83C
:1043D000D8002849D4F88464E0F390F6C6F84C017C
:1043E000D5F8D8002449E0F3ADF640B1D5F8D800AF
:1043F0002149D4F88464E0F381F6C6F850011F49DE
:1044000022460023A068D4F88454F1F3B1F31C4988
:10441000C5F830012246A0680023D4F88454F1F393
:10442000A7F3C5F83401F8BD2CB60200A4B602000B
:1044300074B6020057B60200CBB50200EEB502001A
:1044400000B6020096B602009EB5020067B60200F2
:104450001FB60200BEB50200CDB60200DDB50200F7
:1044600081B6020012B60200AEB50200BFB602006D
:1044700045B6020035B60200AFB602003F33010078
:10448000AD33010038B5044680B105682246D5F841
:1044900044010749FDF779FC284606492246FBF707
:1044A000CEF92046BDE83840E4F3D8B738BD00BFA8
:1044B0001D708800B16E880037B505460820E4F30A
:1044C000C1F70446C0B105600022019004212846CE
:1044D0000C4B0092FBF790F9002860600CDB28463B
:1044E00009492246FBF7A6F930B9D5F84401074936
:1044F0002246FDF747FC18B12046FFF7C3FF002412
:1045000020463EBD596F8800B16E88001D7088003E
:1045100038B5044670B1056821462868F7F70EFFE4
:10452000286805492246F7F7EAFD2046BDE83840ED
:10453000E4F394B738BD00BF845C010030B5054694
:1045400087B00C20E4F37EF70446002846D0274BC2
:1045500005604FF49071009301902022D5F89406E5
:10456000234BFCF711FB002838D1224BD5F89406D9
:104570008DE818004FF4907123221F4BFCF704FBC9
:1045800000282BD11D4BD5F894068DE8180040214A
:1045900088221B4BFCF718FB00BBD5F89406802142
:1045A0002022184B0094FCF707FCB8B9164B029078
:1045B0000093164B039001930490059014492868CA
:1045C000144A2346F7F7F6FD40B9134B28680093C9
:1045D0002146124A0123F7F740FE18B12046FFF7A3
:1045E00097FF0024204607B030BD00BF2176880029
:1045F000E9738800557688000D748800C1758800BD
:10460000D5738800BD7388005D748800BD7588000F
:10461000781F8900845C0100701F89003174880054
:1046200010B5044660B1074B07491B882246C358A2
:104630001868F7F764FD2046BDE81040E4F30EB7B4
:1046400010BD00BFDA030000885C0100F0B507462A
:1046500087B01420E4F3F6F6054620B3154B064662
:104660000024042206F8044B1A80012347603372A9
:10467000F4607472042101900F4A38460F4B009485
:10468000FFF700FBA04270600DDB0D4B009401931F
:10469000029403940494059438682146094A2B46F1
:1046A000F7F788FD18B12846FFF7BAFF002528461E
:1046B00007B0F0BDDA030000D9778800B977880029
:1046C00029788800885C010070B5054686B01820FE
:1046D000E4F3B8F6044600285AD02B6800260122DD
:1046E00043600560082183F8AD20019032462846DA
:1046F00033460096FFF7C6FAB04220614BDB10212B
:104700002846274A274B00960194FBF775F8B042DC
:10471000C5F898013FDB0423E360234BA06005212B
:104720008DE81800D5F894064422204BFCF72CFAAB
:10473000002830D11E4BD5F894068DE818004FF4B0
:10474000907144221B4BFCF71FFA002823D1D5F8A7
:10475000940605214422184B0094FCF7CBFCD0B9F9
:10476000D5F89406C0214422144B0094FCF7C2FCF7
:1047700088B9134B01900093124B0390029304905D
:10478000059011492868114A2346F7F713FD10B91F
:10479000204606B070BD2046E4F360F60024F7E73B
:1047A000798188005D818800DD80880035808800FF
:1047B0003581880005818800558088003D85880006
:1047C000C5828800CD858800E01F89008C5C0100CF
:1047D00010B5044648B1054922464068F7F78FFCFA
:1047E0002046BDE81040E4F339B610BD8C5C0100F2
:1047F00070B5054686B03020E4F31EF60446002866
:1048000031D000213022DFF301F61A4B25600093EE
:104810000023019302930393049305932868164998
:10482000164A2346F7F7C6FC0646E0B9FF23A375F0
:104830000123E3752B681249D3F8D800E0F382F422
:1048400020B131463246E0F319F2A0752B680D49CC
:10485000D3F8D800E0F376F448B100210A46E0F33B
:104860000DF2E07503E0284661F094DD0024204657
:1048700006B070BDA98C88001C20890056FB8900F9
:10488000E3B60200EDB6020038B50446002820D099
:1048900061F0D4DDA36A73B1204661F099DA0AE0D1
:1048A0002B6868686360E4F3D9F52846E4F3D6F52D
:1048B000237D013B23756568002DF1D123680549EF
:1048C00018682246F7F71BFC2068BDE8384061F005
:1048D000619D38BD56FB8900776C635F626D6163D3
:1048E0005F696E666F5F696E6974000000000000AA
:1048F00000000000000000000000000000000000B8
:1049000000000000000000000000000000000000A7
:104910000000000000000000000000000000000097
:104920000000000000000000000000000000000087
:104930000000000000000000000000000000000077
:104940000000000000000000000000000000000067
:104950000000000000000000000000000000000057
:104960000000000000000000000000000000000047
:104970000000000000000000000000000000000037
:104980000000000000000000000000000000000027
:104990000000000000000000000000000000000017
:1049A0000000000000000000000000000000000007
:1049B00000000000000000000000000000000000F7
:1049C00000000000000000000000000000000000E7
:1049D00000000000000000000000000000000000D7
:1049E00000000000000000000000000000000000C7
:1049F00000000000000000000000000000000000B7
:104A000000000000000000000000000000000000A6
:104A10000000000000000000000000000000000096
:104A20000000000000000000000000000000000086
:104A30000000000000000000000000000000000076
:104A40000000000000000000000000000000000066
:104A50000000000000000000000000000000000056
:104A60000000000000000000000000000000000046
:104A70000000000000000000000000000000000036
:104A80000000000000000000000000000000000026
:104A90000000000000000000000000000000000016
:104AA0000000000000000000000000000000000006
:104AB00000000000000000000000000000000000F6
:104AC00000000000000000000000000000000000E6
:104AD00000000000000000000000000000000000D6
:104AE00000000000000000000000000000000000C6
:104AF00000000000000000000000000000000000B6
:104B000000000000000000000000000000000000A5
:104B10000000000000000000000000000000000095
:104B20000000000000000000000000000000000085
:104B30000000000000000000000000000000000075
:104B40000000000000000000000000000000000065
:104B50000000000000000000000000000000000055
:104B60000000000000000000000000000000000045
:104B70000000000000000000000000000000000035
:104B80000000000000000000000000000000000025
:104B90000000000000000000000000000000000015
:104BA0000000000000000000000000000000000005
:104BB00000000000000000000000000000000000F5
:104BC00000000000000000000000000000000000E5
:104BD00000000000000000000000000000000000D5
:104BE00000000000000000000000000000000000C5
:104BF00000000000000000000000000000000000B5
:104C000000000000000000000000000000000000A4
:104C10000000000000000000000000000000000094
:104C20000000000000000000000000000000000084
:104C30000000000000000000000000000000000074
:104C40000000000000000000000000000000000064
:104C50000000000000000000000000000000000054
:104C60000000000000000000000000000000000044
:104C70000000000000000000000000000000000034
:104C80000000000000000000000000000000000024
:104C90000000000000000000000000000000000014
:104CA0000000000000000000000000000000000004
:104CB00000000000000000000000000000000000F4
:104CC00000000000000000000000000000000000E4
:104CD00000000000000000000000000000000000D4
:104CE00000000000000000000000000000000000C4
:104CF00000000000000000000000000000000000B4
:104D000000000000000000000000000000000000A3
:104D10000000000000000000000000000000000093
:104D20000000000000000000000000000000000083
:104D30000000000000000000000000000000000073
:104D40000000000000000000000000000000000063
:104D50000000000000000000000000000000000053
:104D60000000000000000000000000000000000043
:104D70000000000000000000000000000000000033
:104D80000000000000000000000000000000000023
:104D90000000000000000000000000000000000013
:104DA0000000000000000000000000000000000003
:104DB00000000000000000000000000000000000F3
:104DC00000000000000000000000000000000000E3
:104DD00000000000000000000000000000000000D3
:104DE00000000000000000000000000000000000C3
:104DF00000000000000000000000000000000000B3
:104E000000000000000000000000000000000000A2
:104E10000000000000000000000000000000000092
:104E20000000000000000000000000000000000082
:104E30000000000000000000000000000000000072
:104E40000000000000000000000000000000000062
:104E50000000000000000000000000000000000052
:104E60000000000000000000000000000000000042
:104E70000000000000000000000000000000000032
:104E80000000000000000000000000000000000022
:104E90000000000000000000000000000000000012
:104EA0000000000000000000000000000000000002
:104EB00000000000000000000000000000000000F2
:104EC00000000000000000000000000000000000E2
:104ED00000000000000000000000000000000000D2
:104EE00000000000000000000000000000000000C2
:104EF00000000000000000000000000000000000B2
:104F000000000000000000000000000000000000A1
:104F10000000000000000000000000000000000091
:104F20000000000000000000000000000000000081
:104F30000000000000000000000000000000000071
:104F40000000000000000000000000000000000061
:104F50000000000000000000000000000000000051
:104F60000000000000000000000000000000000041
:104F70000000000000000000000000000000000031
:104F80000000000000000000000000000000000021
:104F90000000000000000000000000000000000011
:104FA0000000000000000000000000000000000001
:104FB00000000000000000000000000000000000F1
:104FC00000000000000000000000000000000000E1
:104FD00000000000000000000000000000000000D1
:104FE00000000000000000000000000000000000C1
:104FF00000000000000000000000000000000000B1
:1050000000000000000000000000000000000000A0
:105010000000000000000000000000000000000090
:105020000000000000000000000000000000000080
:105030000000000000000000000000000000000070
:105040000000000000000000000000000000000060
:105050000000000000000000000000000000000050
:105060000000000000000000000000000000000040
:105070000000000000000000000000000000000030
:105080000000000000000000000000000000000020
:105090000000000000000000000000000000000010
:1050A0000000000000000000000000000000000000
:1050B00000000000000000000000000000000000F0
:1050C00000000000000000000000000000000000E0
:1050D00000000000000000000000000000000000D0
:1050E00000000000000000000000000000000000C0
:1050F00000000000000000000000000000000000B0
:10510000000000000000000000000000000000009F
:10511000000000000000000000000000000000008F
:10512000000000000000000000000000000000007F
:10513000000000000000000000000000000000006F
:10514000000000000000000000000000000000005F
:10515000000000000000000000000000000000004F
:10516000000000000000000000000000000000003F
:10517000000000000000000000000000000000002F
:10518000000000000000000000000000000000001F
:10519000000000000000000000000000000000000F
:1051A00000000000000000000000000000000000FF
:1051B00000000000000000000000000000000000EF
:1051C00000000000000000000000000000000000DF
:1051D00000000000000000000000000000000000CF
:1051E00000000000000000000000000000000000BF
:1051F00000000000000000000000000000000000AF
:10520000000000000000000000000000000000009E
:10521000000000000000000000000000000000008E
:10522000000000000000000000000000000000007E
:10523000000000000000000000000000000000006E
:10524000000000000000000000000000000000005E
:10525000000000000000000000000000000000004E
:10526000000000000000000000000000000000003E
:10527000000000000000000000000000000000002E
:10528000000000000000000000000000000000001E
:10529000000000000000000000000000000000000E
:1052A00000000000000000000000000000000000FE
:1052B00000000000000000000000000000000000EE
:1052C00000000000000000000000000000000000DE
:1052D00000000000000000000000000000000000CE
:1052E00000000000000000000000000000000000BE
:1052F00000000000000000000000000000000000AE
:10530000000000000000000000000000000000009D
:10531000000000000000000000000000000000008D
:10532000000000000000000000000000000000007D
:10533000000000000000000000000000000000006D
:10534000000000000000000000000000000000005D
:10535000000000000000000000000000000000004D
:10536000000000000000000000000000000000003D
:10537000000000000000000000000000000000002D
:10538000000000000000000000000000000000001D
:10539000000000000000000000000000000000000D
:1053A00000000000000000000000000000000000FD
:1053B00000000000000000000000000000000000ED
:1053C00000000000000000000000000000000000DD
:1053D00000000000000000000000000000000000CD
:1053E00000000000000000000000000000000000BD
:1053F00000000000000000000000000000000000AD
:10540000000000000000000000000000000000009C
:10541000000000000000000000000000000000008C
:10542000000000000000000000000000000000007C
:10543000000000000000000000000000000000006C
:10544000000000000000000000000000000000005C
:10545000000000000000000000000000000000004C
:10546000000000000000000000000000000000003C
:10547000000000000000000000000000000000002C
:10548000000000000000000000000000000000001C
:10549000000000000000000000000000000000000C
:1054A00000000000000000000000000000000000FC
:1054B00000000000000000000000000000000000EC
:1054C00000000000000000000000000000000000DC
:1054D00000000000000000000000000000000000CC
:1054E00000000000000000000000000000000000BC
:1054F00000000000000000000000000000000000AC
:10550000000000000000000000000000000000009B
:10551000000000000000000000000000000000008B
:10552000000000000000000000000000000000007B
:10553000000000000000000000000000000000006B
:10554000000000000000000000000000000000005B
:10555000000000000000000000000000000000004B
:10556000000000000000000000000000000000003B
:10557000000000000000000000000000000000002B
:10558000000000000000000000000000000000001B
:10559000000000000000000000000000000000000B
:1055A00000000000000000000000000000000000FB
:1055B00000000000000000000000000000000000EB
:1055C00000000000000000000000000000000000DB
:1055D00000000000000000000000000000000000CB
:1055E00000000000000000000000000000000000BB
:1055F00000000000000000000000000000000000AB
:10560000000000000000000000000000000000009A
:10561000000000000000000000000000000000008A
:10562000000000000000000000000000000000007A
:10563000000000000000000000000000000000006A
:10564000000000000000000000000000000000005A
:10565000000000000000000000000000000000004A
:10566000000000000000000000000000000000003A
:10567000000000000000000000000000000000002A
:10568000000000000000000000000000000000001A
:10569000000000000000000000000000000000000A
:1056A00000000000000000000000000000000000FA
:1056B00000000000000000000000000000000000EA
:1056C00000000000000000000000000000000000DA
:1056D00000000000000000000000000000000000CA
:1056E00000000000000000000000000000000000BA
:1056F00000000000000000000000000000000000AA
:105700000000000000000000000000000000000099
:105710000000000000000000000000000000000089
:105720000000000000000000000000000000000079
:105730000000000000000000000000000000000069
:105740000000000000000000000000000000000059
:105750000000000000000000000000000000000049
:105760000000000000000000000000000000000039
:105770000000000000000000000000000000000029
:105780000000000000000000000000000000000019
:105790000000000000000000000000000000000009
:1057A00000000000000000000000000000000000F9
:1057B00000000000000000000000000000000000E9
:1057C00000000000000000000000000000000000D9
:1057D00000000000000000000000000000000000C9
:1057E00000000000000000000000000000000000B9
:1057F00000000000000000000000000000000000A9
:105800000000000000000000000000000000000098
:105810000000000000000000000000000000000088
:105820000000000000000000000000000000000078
:105830000000000000000000000000000000000068
:105840000000000000000000000000000000000058
:105850000000000000000000000000000000000048
:105860000000000000000000000000000000000038
:105870000000000000000000000000000000000028
:105880000000000000000000000000000000000018
:105890000000000000000000000000000000000008
:1058A00000000000000000000000000000000000F8
:1058B00000000000000000000000000000000000E8
:1058C00000000000000000000000000000000000D8
:1058D00000000000000000000000000000000000C8
:1058E000000000000000000000000000646561642A
:1058F0006D616E5F746F0072616D7374627964695B
:105900007300646561646D616E5F746F00737069CC
:105910005F70755F656E6162005344494F44455640
:10592000006773706964776F72640050434D434938
:10593000414445560073645F6F6F626F6E6C79000F
:1059400073645F67706F75740047535049204477E4
:105950006F7264204D6F646520656E61626C656472
:105960000A0073645F677064630073645F677076D6
:10597000616C0025733A2042726F6164636F6D2021
:10598000534450434D442043444320647269766538
:10599000720A00736470636D64636463256400530A
:1059A00044494F000A525445202825732D2573255C
:1059B00073257329202573206F6E2042434D257374
:1059C0002072256420402025642E25642F25642E16
:1059D00025642F25642E25644D487A0A000043442F
:1059E00043006E6F637263006E6F7469665F63007D
:1059F0006E6F7469665F73006F66646D3267706F97
:105A00003D307825780070612564677725646125CD
:105A1000643D3078257800706131686962303D25D9
:105A20006400706131686962313D256400706131E4
:105A3000686962323D2564006761696E6374726CE7
:105A40007370683D2564007061316D6178707772A4
:105A50003D2564006D656173706F77657225643DE7
:105A6000307825780072786761696E7325646725E0
:105A7000637472656C6E616279706125643D256442
:105A800000706132676125643D307825782C30786C
:105A900025782C307825780072737369736D6335BF
:105AA000673D256400757362666C6167733D30788D
:105AB0002578007061326763636B6125643D3078DF
:105AC00025782C307825782C30782578007064651E
:105AD0007472616E676532673D3078257800757342
:105AE000623330753175323D3078257800737562D8
:105AF00076656E6469643D30782578006167256459
:105B00003D30782578006F656D3D25303278253041
:105B10003278253032782530327825303278253089
:105B200032782530327825303278006F66646D70B7
:105B30006F3D307825780074656D706F66667365AB
:105B4000743D2564006D656173706F7765723D30DB
:105B50007825780072737369736D6632673D2564CA
:105B6000007061706172616D62777665723D256467
:105B700000646F74313161676F66646D687262775B
:105B800032303267706F3D30782578006974743236
:105B90006761303D307825780062786132673D2555
:105BA000640072737369736D6332673D25640070BE
:105BB000613567627734306125643D307825782C13
:105BC000307825782C307825782C307825782C3052
:105BD0007825782C307825782C307825782C3078FA
:105BE00025782C307825782C307825782C3078253D
:105BF000782C30782578006D6373627732303567A2
:105C00006C706F3D307825780000006D63736277AB
:105C10003230756C35676C706F3D30782578006D6B
:105C200063736277343035676C706F3D30782578F8
:105C300000000075736275746D695F63746C3D304C
:105C40007825780065787470616761696E32673DA8
:105C50003078257800616E74737763746C32673DB9
:105C6000307825780070726F647563746E616D654D
:105C70003D25730074785F647574795F6379636C34
:105C8000655F7468726573685F25645F35673D257D
:105C9000640072786761696E65727232676125644B
:105CA0003D3078257800616730006D61787032672B
:105CB0006125643D30782578006277647570706F77
:105CC0003D30782578006E6F6973656C766C35674A
:105CD0006125643D25642C25642C25642C256400F5
:105CE00062773430706F3D307825780070613567A9
:105CF000627738306125643D307825782C307825FE
:105D0000782C307825782C307825782C30782578C8
:105D10002C307825782C307825782C307825782C04
:105D2000307825782C307825782C307825782C30F0
:105D3000782578007573623330753175323D30786F
:105D40002578007064657472616E676535673D30F3
:105D5000782578006D6163616464723D2573007419
:105D6000656D70735F687973746572657369733D8F
:105D70002564006D6373256467706F25643D30781A
:105D8000257800626F617264666C616773323D30C2
:105D900078257800626F617264666C616773333D69
:105DA00030782578006C6564626825643D3078251C
:105DB000780072786761696E732564672563747211
:105DC00069736F6125643D256400616132673D3010
:105DD0007825780070726F6469643D3078257800AA
:105DE00074656D707468726573683D2564006368DE
:105DF00069707265763D2564006C65676F66646DD9
:105E00006277323035676C706F3D307825780000EE
:105E1000006C65676F66646D62773230756C3567EC
:105E20006C706F3D30782578006C65676F66646DC7
:105E30006277323035676D706F3D307825780000BD
:105E4000006C65676F66646D62773230756C3567BC
:105E50006D706F3D30782578006C65676F66646D96
:105E600062773230356768706F3D30782578000092
:105E7000006C65676F66646D62773230756C35678C
:105E800068706F3D307825780075736266733D25C4
:105E9000640074656D70735F706572696F643D2531
:105EA000640073623430616E643830256372356724
:105EB0002563706F3D307825780063633D2564006D
:105EC0002004D002A6A9FFFF646F743131616764BA
:105ED0007570256372706F3D307825780061676159
:105EE00025643D3078257800747269736F35673D9D
:105EF000307825780074656D7073656E73655F73B7
:105F00006C6F70653D2564006D6178703567612543
:105F1000643D307825782C307825782C30782578B9
:105F20002C30782578007061316974737369743D21
:105F300025640070613062303D256400706130621C
:105F4000313D25640070613062323D25640070612E
:105F500035676125643D307825782C307825782C9C
:105F6000307825782C307825782C307825782C30AE
:105F70007825782C307825782C307825782C307856
:105F800025782C307825782C307825782C30782599
:105F900078006D63736277383035672563706F3DC5
:105FA000307825780073756262616E643567766556
:105FB000723D2564007273736973617635673D25A0
:105FC00064006D6373627732303267706F3D307892
:105FD00025780000006D637362773230756C32672C
:105FE000706F3D30782578006D637362773430329E
:105FF00067706F3D307825780000007265677265C4
:10600000763D30782578006363746C3D3078257870
:10601000006E6F6973656C766C32676125643D252F
:106020006400757362333072656773303D30782574
:10603000782C307825782C307825782C3078257895
:106040002C307825782C307825782C307825782CD1
:10605000307825782C307825782C307825780075A4
:106060007362333072656773313D307825782C3038
:106070007825782C307825782C307825782C307855
:1060800025782C307825782C307825782C30782598
:10609000782C307825782C307825780063636B7005
:1060A0006F3D307825780074726935673D2564004E
:1060B00063636B64696766696C74747970653D25A8
:1060C000640076656E6469643D30782578006665A5
:1060D0006D6374726C3D2564007573623330726554
:1060E000677325643D307825782C307825782C30FE
:1060F0007825782C307825780070646F6666736533
:1061000074326725646D6125643D307825780075AB
:10611000736265706E756D3D307825780070613101
:1061200068696D61787077723D2564007278636884
:1061300061696E3D3078257800626F617264666CCB
:106140006167733D307825780070613162303D259C
:10615000640070613162313D2564007061316232EA
:106160003D2564007478636861696E3D30782578F8
:106170000072786761696E732564672563656C6E6C
:10618000616761696E6125643D2564006770646EB6
:106190003D30782578007061306D61787077723DA0
:1061A00025640062786135673D2564006167626738
:1061B00025643D3078257800757362737370687953
:1061C0005F736C656570303D30782578007573625B
:1061D00073737068795F736C656570313D307825D5
:1061E000780075736273737068795F736C6565703E
:1061F000323D307825780075736273737068795F0B
:10620000736C656570333D30782578006C65646427
:10621000633D307825303478006D63733332706FAE
:106220003D30782578007273736973617632673D0B
:106230002564006F706F3D25640069747432676176
:10624000313D30782578007278706F35673D256470
:106250000065787470616761696E35673D307825D7
:1062600078006F66646D356768706F3D30782578AB
:106270000074776F72616E67657473736925646704
:106280003D25640073623230696E3430256372706C
:106290006F3D30782578006D616E6669643D3078B9
:1062A000257800656C6E6132673D30782578007224
:1062B0007063616C32673D30782578000000000023
:1062C000000000727063616C356762303D30782584
:1062D00078000000000000727063616C3567623105
:1062E0003D30782578000000000000727063616C1A
:1062F000356762323D30782578000000000000727A
:106300007063616C356762333D307825780000003A
:1063100000000070613062305F6C6F3D256400707A
:10632000613062315F6C6F3D2564007061306232B4
:106330005F6C6F3D25640073623230696E38306186
:106340006E6431363025637235672563706F3D307A
:1063500078257800636464706F3D3078257800623A
:106360006F617264747970653D3078257800616E74
:10637000747377697463683D3078257800626F6163
:1063800072646E756D3D25640072646C69643D30A5
:10639000782578007874616C667265713D256400BB
:1063A0006D61787035676861303D307825780072AE
:1063B000786761696E73256467656C6E6167616992
:1063C0006E6125643D25640075736273736D646945
:1063D0006F25643D307825782C307825782C3078FE
:1063E00025782C3078257800737562646576696449
:1063F0003D30782578007061316C6F62303D2564E6
:10640000007061316C6F62313D2564007061316CE8
:106410006F62323D25640073746263706F3D307843
:1064200025780072786761696E65727235676125DB
:10643000643D307825782C307825782C3078257894
:106440002C30782578007061316C6F6D61787077D1
:10645000723D25640070646F666673657425646DB3
:106460006125643D307825780074656D70636F72C6
:1064700072783D2564006F66646D3567706F3D30DE
:10648000782578007573626E6F73733D3078257868
:1064900000616135673D3078257800637573746FEE
:1064A0006D76617225643D307825780074785F647C
:1064B0007574795F6379636C655F6F66646D5F2582
:1064C000645F35673D256400757569643D2573001B
:1064D000757362646573635F636F6D706F73697406
:1064E000653D307825780074656D7073656E7365F1
:1064F0005F6F7074696F6E3D2564007061706463D6
:1065000061702564673D2564006C65676F66646D26
:10651000627732303267706F3D3078257800000046
:106520006C65676F66646D62773230756C32677068
:106530006F3D307825780070646761696E25646707
:106540003D2564006D617870356761303D30782598
:1065500078006D617870356761313D30782578005D
:106560006D63732564672563706F25643D307825FE
:10657000780070687963616C5F74656D7064656CD8
:1065800074613D2564007061256467256377256427
:106590006125643D307825780063636F64653D3024
:1065A00078300072656777696E646F77737A3D251E
:1065B00064006F66646D6C72627732303267706F40
:1065C0003D3078257800776F776C5F6770696F7002
:1065D0006F6C3D256400616E74737763746C35670E
:1065E0003D307825780063636B3267706F3D30789B
:1065F00025780074726932673D25640063636B62BD
:106600007732303267706F3D307825780000006354
:10661000636B62773230756C3267706F3D3078250E
:106620007800697474356761303D30782578006989
:106630007474356761313D30782578006D63736C13
:106640007235672563706F3D307825780070646F10
:106650006666736574326725646D76616C69643D46
:10666000307825780072786761696E732564677485
:1066700072656C6E616279706125643D25640062AB
:106680006F6172647265763D30782578007261774B
:1066900074656D7073656E73653D3078257800752F
:1066A000736273737068795F75746D695F63746C1E
:1066B000303D307825780075736273737068795F48
:1066C00075746D695F63746C313D30782578007541
:1066D000736273737068795F75746D695F63746CEE
:1066E000323D307825780000000000006F66646D50
:1066F00035676C706F3D3078257800706130697453
:10670000737369743D25640074737369706F7335B6
:10671000673D30782578007278706F32673D256468
:106720000074737369706F73736C6F706525646741
:106730003D2564007472693567683D2564006D61AC
:106740006E663D25730074726935676C3D25640083
:106750006D637362773230356768706F3D307825CE
:10676000780000006D637362773230756C3567684E
:10677000706F3D30782578006D6373627734303503
:106780006768706F3D3078257800000073726F6D18
:106790007265763D2564006C65676F66646D3430A4
:1067A000647570706F3D30782578006D6178703554
:1067B000676861313D307825780064657669643DAD
:1067C000307825780072786761696E732564677424
:1067D0007269736F6125643D2564006D6178703561
:1067E000676C61303D30782578006D617870356771
:1067F0006C61313D30782578006570616761696E44
:106800002564673D2564007770736770696F3D2567
:106810006400776F776C5F6770696F3D2564007205
:10682000737369736D6635673D25640074726973AF
:106830006F32673D307825780074737369706F73B9
:1068400032673D30782578007770736C65643D253C
:106850006400656C6E6135673D3078257800706145
:1068600035676277343038306125643D307825787B
:106870002C307825782C307825782C307825782C99
:10688000307825782C307825782C307825782C3085
:106890007825782C307825782C307825782C30782D
:1068A00025782C30782578006D6373627732303527
:1068B000676D706F3D307825780000006D637362FE
:1068C000773230756C35676D706F3D3078257800A4
:1068D0006D63736277343035676D706F3D30782546
:1068E0007800000063636F64653D25632563006D78
:1068F0006373627731363035672563706F3D30786A
:10690000257800496E76616C69642F556E737570D9
:10691000706F72746564207874616C2076616C7538
:106920006520256400726D696E00636C646F5F6240
:106930007572737400706C6C2564006C6E6C646F9F
:106940003100722564640072256474007874616C8F
:1069500066726571000000000C0000000200160065
:106960000200000004000D000700000001000A0002
:106970000800000004000D000A00000004000D00E3
:106980000D000000010007001700000004000400D3
:106990001B000000040001001C00000001000700B3
:1069A00000000000020002000100000001000100E0
:1069B00003000000020002000400000001000100CA
:1069C00005000000010001000600000001000100B8
:1069D00009000000010005000B000000010001009B
:1069E0000C000000020030000E0000000100010059
:1069F0000F00000001000100100000000100010074
:106A0000110000000100010012000000030003005B
:106A1000130000000100010014000000010001004B
:106A20001500000001000100160000000100010037
:106A300018000000020013001900000002001300FB
:106A40001A000000020013001D00000001000100F8
:106A50001E000000010001000C00000002003000D8
:106A6000726D61780000004B00079065000C189271
:106A7000000F6C706C646F310000000001000000BA
:106A80000000000000000000000000000200000004
:106A900000000000010000000000000004000000F1
:106AA00000000000030000000000000008000000DB
:106AB00000000000000000000000000010000000C6
:106AC000000000000700000000000000200000009F
:106AD000000000005711000000000000400000000E
:106AE000000000001701000000000000800000000E
:106AF000000000005701000000000000000100003D
:106B00000000000003000000000000000002000080
:106B10000000000000000000000000000004000071
:106B2000000000000300000000000000000800005A
:106B3000000000000704000000000000001000003A
:106B400000000000570100000000000000200000CD
:106B500000000000D7150000000000000040000009
:106B600000000000F7BDC20E000000000080000021
:106B700000000000F73DC20E000000000000010010
:106B80000000000000000000000000000000020003
:106B900000000000F73DC00E0000000000000400EF
:106BA00000000000F73DC20E0000000000000800D9
:106BB00000000000F73DC20E0000000000001000C1
:106BC00000000000F73DC0060000000000002000AB
:106BD00000000000F73DDA0E000000000000400059
:106BE00000000000F73D00060000000000008000EB
:106BF00000000000F73D400600000000000000011A
:106C00000000000000000000000000000000000282
:106C100000000000D7010000000000000000000498
:106C200000000000D70D0000000000000000000878
:106C300000000000F73DC00600000000000000104A
:106C400000000000F73DCA0E000000000000002018
:106C500000000000F73DCA1E0000000000000040D8
:106C600000000000F73DFA3E000000007265672555
:106C70006400636C646F5F70776D00636869706354
:106C8000256400626F617264747970650070726F60
:106C900064696400737764656E61626C6500677037
:106CA000646E00626F617264666C61677300627427
:106CB0006378776172666C616773007874616C6683
:106CC00072657100626F61726472657600646576E8
:106CD0006964006D7578656E616200776C30696417
:106CE00000776C25643A2042726F6164636F6D2097
:106CF00042434D2573203830322E3131205769728E
:106D0000656C65737320436F6E74726F6C6C657223
:106D10002025730A0074656D705F74686F72745F0C
:106D20006D6F6E69746F725F74696D650074785F02
:106D30006D696E696D756D5F647574795F63796394
:106D40006C650074785F647574795F6379636C65F2
:106D50005F63636B00616762673000616762673120
:106D60000061676267320074656D706261736564AB
:106D70005F647574795F6379636C655F656E0061EC
:106D800061300074785F647574795F6379636C65F2
:106D90005F6F66646D00000011338200253482004D
:106DA00000000000000000004E5652414D52657632
:106DB00000736172326700616132670020432543CE
:106DC000034321432443184319431A4311431343F4
:106DD00012431443154316431B431C431D432843CE
:106DE00029432A432B432C432D43414340435043E3
:106DF00051435243534357439DA9760554435F4340
:106E00003F434F432F43344335433643374338439F
:106E10003943164748472747434360434643474360
:106E20004843314332433343AA43584359435A43B7
:106E3000A94355435643634380438143824364439C
:106E40006543664374436743A043A143A243AE43F3
:106E5000AF43B043AB43AC43AD43E343E443E5430B
:106E6000E243D043D143D243BA43BB43BC43B143D3
:106E7000B243B343A343A443A543B743B843B94381
:106E8000C043C143C243D343D443D543D643D7437E
:106E9000D843D943DA43DB43DF43E043E143EC43E8
:106EA000ED43EE43E943EA43EB432243D6A867A808
:106EB00068A89CA9D8A89DA91343144386A8314368
:106EC000A7A9DBA8D1A8DCA8A4A952AAC6A902AA8E
:106ED00031AA32AA74785F74656D705F74687265E8
:106EE00073680064657669640031316E5F6469734C
:106EF00061626C650061673000616B6D00000000CD
:106F0000299483005DB78300059283000000000090
:106F100045338400DD3984000000000000000000DB
:106F20007A6263786763696770696F00616E747312
:106F30007763746C326700616E74737763746C3559
:106F40006700776C25643A646D6125640061613285
:106F500067006C74656378666E73656C0062746359
:106F60005F6D6F646500626F617264666C61677308
:106F7000006D616361646472006C74656378706154
:106F8000646E756D0076656E646964007A6263781C
:106F9000666E73656C00627463786C657363616EB2
:106FA000007A6263787061646E756D0063757374E6
:106FB0006F6D7661723100637573746F6D76617297
:106FC00032006274635F706172616D732564006288
:106FD00074635F666C616773006274637877617273
:106FE000666C61677300626F617264666C6167737F
:106FF00032006C746563786763696770696F0062FB
:107000006F617264666C6167733400626F61726491
:107010007265760064657669640073726F6D72657F
:10702000760062745F64656661756C745F616E742E
:10703000006D6F6E69746F725F74696D655F6F75F7
:10704000740062746364796E5F64656661756C7404
:107050005F6274635F6D6F64650070726F74656307
:107060007465645F74696D655F6F757400627463E5
:1070700064796E5F6D73775F726F773000627463EF
:1070800064796E5F6D73775F726F773100627463DE
:1070900064796E5F6D73775F726F773200627463CD
:1070A00064796E5F64736E735F726F77730062747E
:1070B0006364796E5F636F65785F74776F5F616E2D
:1070C00074007478635F6475725F74687265736866
:1070D0000062746364796E5F6D73775F726F77338C
:1070E0000062746364796E5F6D73775F726F77733C
:1070F0000062746364796E5F64666C745F64736E5F
:10710000735F6C6576656C0062746364796E5F6250
:1071100074727373695F6879737465720070726FEB
:10712000745F6274727373695F7468726573680008
:107130006374733273656C665F6475725F746872D2
:1071400065736800616C6572745F74696D655F6F0B
:1071500075740062746364796E5F686967685F6400
:10716000736E735F6C6576656C007266615F636FEA
:10717000756E745F746872657368006274636479B5
:107180006E5F6D69645F64736E735F6C6576656C6A
:107190000062746364796E5F6C6F775F64736E73A3
:1071A0005F6C6576656C0062746364796E5F666CB3
:1071B0006167730062746364796E5F64736E735F9A
:1071C000726F77300062746364796E5F64736E739C
:1071D0005F726F77310062746364796E5F64736E9F
:1071E000735F726F77320062746364796E5F647389
:1071F0006E735F726F77330073636F5F727373695F
:107200005F7468726573680063636F6465006363CD
:1072100000726567726576006576656E74710068E8
:1072200073323000B1968600F19686006184860044
:10723000B1848600B1968600F1968600618486004E
:10724000B1848600B1968600F19686002D85860071
:107250009986860000000000000000000000000089
:10726000000000002D858600998686000000000041
:1072700000000000B1968600F1968600B196860067
:10728000F1968600B1968600F19686000000000017
:107290000D060F000000000004063004000000008E
:1072A0000206400672737369636F72726E6F726D5D
:1072B00000676C616369616C74696D65720063611C
:1072C0006C5F706572696F64006C647063007473E6
:1072D00073696C696D75636F640025732E666162F6
:1072E0002E25640074656D70746872657368002E75
:1072F0006661622E00747870777262636B6F6600ED
:10730000696E746572666572656E636500676C6947
:107310007463685F62617365645F6372736D696EE5
:107320000032675F6367610072737369636F7272C3
:10733000617474656E0070687963616C5F74656D0B
:107340007064656C74610074656D70735F687973E7
:10735000746572657369730072737369636F7272B7
:10736000706572726732670074737369666C6F6FF1
:1073700072326700766261745F616464007061708C
:107380006476616C6964746573740073776469769C
:107390005F6770696F5F31006D63733267706F3064
:1073A0000073707572636F6E666967006D63733228
:1073B00067706F310063636B64696766696C7474CE
:1073C0007970650065755F656474687265736832AD
:1073D00067007265645F7278626C6F636B696E6779
:1073E000000001006C094B007601130032301600DA
:1073F0000300417E0006000AD90327002500000093
:10740000910900006C090000000005035BE708001B
:107410003F5812122F141F1F1F1F205127610000F9
:1074200009603F70020071094B0076011300323091
:1074300016000300417E0006000AD903270025003C
:1074400000009109000071090000000007030D828F
:1074500008003F5812122F141F1F1F1F20512761B1
:10746000000009603F70030076094B0076011300AD
:10747000323016000300417E0006000AD9032700BF
:1074800025000000910900007609000000000903B2
:10749000BF1C08003F5812122F141F1F1F1F20511E
:1074A0002761000009603F7004007B094B007601F2
:1074B0001300323016000300417E0006000AD90393
:1074C000270025000000910900007B090000000052
:1074D0000A0371B708003F5812122F141F1F1F1FF5
:1074E00020512761000009603F70050080094B00B2
:1074F00076011300323016000300417E0006000AB8
:10750000D903270025000000910900008009000030
:1075100000000C03235208003F5812122F141F1FA3
:107520001F1F21512761000009603F700600850977
:107530004B0076011300323016000300417E000636
:10754000000AD903270025000000910900008509E1
:10755000000000000D03D5EC08003F5812122F1454
:107560001F1F1F1F21512761000009603F70070086
:107570008A094B0076011300323016000300417E69
:107580000006000AD9032700250000009109000029
:107590008A09000000000F03878708003F58121275
:1075A0002F141F1F1F1F21512761000008603F700B
:1075B00008008F094B0076011300323016000300DB
:1075C000417E0006000AD90327002500000091092A
:1075D00000008F09000000001103392208003F5805
:1075E00012122F141F1F1F1F215127610000086056
:1075F0003F70090094094B007601130032301600E9
:107600000300417E0006000AD90327002500000080
:10761000910900009409000000001203EBBC08006F
:107620003F5812122F141F1F1F1F215127610000E6
:1076300008603F600A0099094B0076011300323060
:1076400016000300417E0006000AD903270025002A
:1076500000009109000099090000000014039D57E3
:1076600008003F5812122F141F1F1F1F215127619E
:10767000000008603F600B009E094B00760113007C
:10768000323016000300417E0006000AD9032700AD
:1076900025000000910900009E090000000015036C
:1076A0004FF208003F5812122F141F1F1F1F2151A5
:1076B0002761000007603F600C00A3094B007601C2
:1076C0001300323016000300417E0006000AD90381
:1076D00027002500000091090000A3090000000018
:1076E0001703018D08003F5812122F141F1F1F1F70
:1076F00021512761000007603F600D00A8094B0081
:1077000076011300323016000300417E0006000AA5
:10771000D90327002500000091090000A8090000F6
:1077200000001903B32708003F5812122F141F1F1F
:107730001F1F21512861000007603F600E00B4093F
:107740004B0076011300323016000300417E000624
:10775000000AD90327002500000091090000B409A0
:10776000000000001D035E0108003F5812122F1494
:107770001F1F1F1F21512861000007603F606D61BE
:10778000787032676130000001006C093400040138
:107790000D0023304F000300417E0006000AD9038C
:1077A00027001A000000A20900006C090000000078
:1077B000B208277608003F5817173C191F1F1F1FD4
:1077C0003B511961000009603F70020071093400EB
:1077D00004010D0023304F000300417E0006000A23
:1077E000D90327001A000000A20900007109000057
:1077F0000000B708B11308003F5817173C191F1FA6
:107800001F1F3B511961000009603F70030076099A
:10781000340004010D0023304F000300417E0006B8
:10782000000AD90327001A000000A2090000760907
:1078300000000000BB083BB108003F5817173C1977
:107840001F1F1F1F3C511961000009603F70040099
:107850007B09340004010D0023304F000300417EFA
:107860000006000AD90327001A000000A209000040
:107870007B0900000000C008C44E08003F581717DD
:107880003C191F1F1F1F3C511961000009603F7008
:1078900005008009340004010D0023304F0003006F
:1078A000417E0006000AD90327001A000000A20941
:1078B0000000800900000000C4084EEC08003F589A
:1078C00017173C191F1F1F1F3C5119610000096049
:1078D0003F7006008509340004010D0023304F007D
:1078E0000300417E0006000AD90327001A000000A9
:1078F000A2090000850900000000C908D889080015
:107900003F5817173C191F1F1F1F3C5119610000DA
:1079100009603F7007008A09340004010D0023301C
:107920004F000300417E0006000AD90327001A0019
:107930000000A20900008A0900000000CE086227AA
:1079400008003F5817173C191F1F1F1F3C51196192
:10795000000008603F7008008F09340004010D002A
:1079600023304F000300417E0006000AD9032700A0
:107970001A000000A20900008F0900000000D208D0
:10798000ECC408003F5817173C191F1F1F1F3C511C
:107990001961000008603F70090094093400040177
:1079A0000D0023304F000300417E0006000AD9037A
:1079B00027001A000000A20900009409000000003E
:1079C000D708766208003F5817173C191F1F1F1F62
:1079D0003C511961000008603F600A0099093400B9
:1079E00004010D0023304F000300417E0006000A11
:1079F000D90327001A000000A2090000990900001D
:107A00000000DC08000008003F5817173C191F1F32
:107A10001F1F3C511961000008603F600B009E0968
:107A2000340004010D0023304F000300417E0006A6
:107A3000000AD90327001A000000A20900009E09CD
:107A400000000000E008899D08003F5817173C1906
:107A50001F1F1F1F3D511961000007603F600C0090
:107A6000A309340004010D0023304F000300417EC0
:107A70000006000AD90327001A000000A20900002E
:107A8000A30900000000E508133B08003F58171742
:107A90003C191F1F1F1F3D511961000007603F6007
:107AA0000D00A809340004010D0023304F0003002D
:107AB000417E0006000AD90327001A000000A2092F
:107AC0000000A80900000000E9089DD808003F5800
:107AD00017173C191F1F1F1F3D5119610000076038
:107AE0003F600E00B409340004010D0023304F0044
:107AF0000300417E0006000AD90327001A00000097
:107B0000A2090000B40900000000F4084EEC0800CF
:107B10003F5817173C191F1F1F1F3D5119610000C7
:107B200007603F6070726F70627732303267706FDB
:107B30000072636F725F61636900706D696E0070DF
:107B40006170646D6F64650063616C69647865730E
:107B50007474617267657432670063616C6964781C
:107B6000657374626173653267007061326761309A
:107B70005F6C6F0063636B3267706F0063636B737E
:107B800063616C650074656D705F6D756C74007019
:107B90006170646570736F6666736574006F6664A8
:107BA0006D3267706F00706163616C696478326711
:107BB0000073776469765F73776374726C5F656E68
:107BC000006F66646D64696766696C74747970656A
:107BD0006265004176566D6964495163616C00636A
:107BE000636B6964787063686F6666730074656D53
:107BF000705F6164640073776469765F6770696F52
:107C0000006D6373627732303267706F007061703D
:107C100064656E646964780001006C092600C00028
:107C20000A001A3080000300417E0006000AD903D2
:107C3000270013000000B00900006C0900000000DC
:107C4000C70B000008003F5817173C191F1F1F1FC4
:107C500050511961000009603F700200710926004F
:107C6000C0000A001A3080000300417E0006000AAE
:107C7000D903270013000000B009000071090000BB
:107C80000000CD0B004008003F5817173C191F1F7C
:107C90001F1F51511961000009603F7003007609F0
:107CA0002600C0000A001A3080000300417E000652
:107CB000000AD903270013000000B009000076096C
:107CC00000000000D30B008008003F5817173C1934
:107CD0001F1F1F1F51511961000009603F700400F0
:107CE0007B092600C0000A001A3080000300417E94
:107CF0000006000AD903270013000000B0090000A5
:107D00007B0900000000D90B00C008003F5817177E
:107D10003C191F1F1F1F51511961000009603F705E
:107D2000050080092600C0000A001A308000030008
:107D3000417E0006000AD903270013000000B009A5
:107D40000000800900000000E00B000008003F5820
:107D500017173C191F1F1F1F51511961000009609F
:107D60003F70060085092600C0000A001A30800016
:107D70000300417E0006000AD9032700130000001B
:107D8000B0090000850900000000E60B0040080073
:107D90003F5817173C191F1F1F1F51511961000031
:107DA00009603F7007008A092600C0000A001A30E7
:107DB00080000300417E0006000AD903270013005B
:107DC0000000B00900008A0900000000EC0B0080F0
:107DD00008003F5817173C191F1F1F1F51511961E9
:107DE000000008603F7008008F092600C0000A00EC
:107DF0001A3080000300417E0006000AD9032700E4
:107E000013000000B00900008F0900000000F20B11
:107E100000C008003F5817173C191F1F1F1F525161
:107E20001961000008603F70090094092600C00035
:107E30000A001A3080000300417E0006000AD903C0
:107E4000270013000000B0090000940900000000A2
:107E5000F90B000008003F5817173C191F1F1F1F80
:107E600052511961000008603F600A00990926001C
:107E7000C0000A001A3080000300417E0006000A9C
:107E8000D903270013000000B00900009909000081
:107E90000000FF0B004008003F5817173C191F1F38
:107EA0001F1F52511961000008603F600B009E09BE
:107EB0002600C0000A001A3080000300417E000640
:107EC000000AD903270013000000B00900009E0932
:107ED00000000000050C008008003F5817173C19EF
:107EE0001F1F1F1F52511961000007603F600C00E7
:107EF000A3092600C0000A001A3080000300417E5A
:107F00000006000AD903270013000000B009000092
:107F1000A309000000000B0C00C008003F58171711
:107F20003C191F1F1F1F52511961000007603F605D
:107F30000D00A8092600C0000A001A3080000300C6
:107F4000417E0006000AD903270013000000B00993
:107F50000000A80900000000120C000008003F58B3
:107F600017173C191F1F1F1F52511961000007608E
:107F70003F600E00B4092600C0000A001A308000DD
:107F80000300417E0006000AD90327001300000009
:107F9000B0090000B40900000000210C0000080036
:107FA0003F5817173C191F1F1F1F5351196100001D
:107FB00007603F606974737369636F7272007377EF
:107FC0006469765F656E0065646F666674686432C6
:107FD00030756C00696E69747869647870636800E4
:107FE000647373667468007473736974696D650093
:107FF00063636B627732303267706F0070617064F8
:1080000074656D70007061326761305F32707772D5
:1080100000696E6974786964780063636B70777265
:108020006F666673657430004176566D69645F6390
:10803000300074656D705F7100766261745F6D759C
:108040006C740063636B696E69747869647800733B
:10805000726F6D726576006F66646D6469676669DC
:108060006C7474797065007061706474656D7062B1
:10807000696173006C636E32305F6E6F6973656344
:10808000616C5F74626C5F656E0065646F6E7468CE
:108090006432306C006C65676F66646D6277323095
:1080A0003267706F0070613267613000747870778A
:1080B000726F6666736574326700706D6178007602
:1080C0006261745F710006073F038A0000000607C3
:1080D0003F038400000006073F03800000000607FE
:1080E0003F037B00000006073F0377000000060700
:1080F0003F037200000006073F036E000000060702
:108100003F036A00000006073F0367000000060700
:108110003F036300000006073F03610000000607FD
:108120003F035C00000006073F035A0000000607FB
:108130003F035700000006073F03540000000607F6
:108140003F035100000006073F034F0000000607F1
:108150003F034D00000006073F034B0000000607E9
:108160003F034800000006073F03460000000607E3
:108170003F034400000006073F03420000000607DB
:108180003F034000000006073F033F0000000607D2
:108190003F033D00000006073F033B0000000607C9
:1081A0003F033A00000006073F03380000000607BF
:1081B0003F033600000006073F03350000000607B6
:1081C0003F033400000006073F03320000000607AB
:1081D0003F033100000006073F03300000000607A0
:1081E0003E032F00000006073C032F000000060797
:1081F0003B032F00000006073B032D00000006078D
:108200003A032D00000006073A032C000000060781
:108210003A032B00000006073A0329000000060776
:10822000390329000000060738032800000006076C
:108230003803270000000607380326000000060761
:108240003803250000000607380324000000060755
:108250003703240000000607370323000000060749
:10826000370322000000060737032100000006073D
:108270003503210000000607350320000000060733
:10828000340320000000060734031F000000060727
:1082900032031F000000060733031E00000006071C
:1082A00033031D000000060731031D000000060710
:1082B00032031C000000060730031C000000060704
:1082C0002F031C00000006072D031C0000000607FA
:1082D0002B031C00000006072A031C0000000607F1
:1082E00029031C000000060728031C0000000607E5
:1082F00028031B000000060727031B0000000607D9
:1083000027031A000000060726031A0000000607CC
:1083100024031A000000060723031A0000000607C2
:1083200022031A000000060721031A0000000607B6
:1083300021031900000006072003190000000607AA
:108340001F031900000006071E031900000006079E
:108350001E031900000006071E031900000006078F
:108360001E031900000006071E031900000006077F
:108370001E031900000006071E031900000006076F
:108380001E031900000006071E031900000006075F
:108390001E031900000006071E031900000006074F
:1083A0001E031900000006071E031900000006073F
:1083B0001E031900000006071E031900000006072F
:1083C0001E031900000006071E031900000006071F
:1083D0001E031900000006071E031900000006070F
:1083E0001E031900000006071E03190000000607FF
:1083F0001E031900000006071E03190000000607EF
:108400001E031900000006071E03190000000607DE
:108410001E031900000006071E03190000000607CE
:108420001E031900000006071E03190000000607BE
:108430001E031900000006071E03190000000607AE
:108440001E031900000006071E031900000006079E
:108450001E031900000006071E031900000006078E
:108460001E031900000006071E031900000006077E
:108470001E031900000006071E031900000006076E
:108480001E031900000006071E031900000006075E
:108490001E031900000006071E031900000006074E
:1084A0001E031900000006071E031900000006073E
:1084B0001E031900000006071E031900000006072E
:1084C0001E0319000000060F3FFF62000000060FA8
:1084D0003FFF5E000000060F3FFF59000000060F3F
:1084E0003FFF55000000060F3FFF51000000060F40
:1084F0003FFF4D000000060F3FFF4A000000060F3F
:108500003FFF47000000060F3FFF44000000060F3A
:108510003FFF41000000060F3FFF3E000000060F36
:108520003FFF3C000000060F3FFF3A000000060F2F
:108530003FFF37000000060F3FFF35000000060F29
:108540003FFF33000000060F3FFF32000000060F20
:108550003FFF30000000060F3FFF2E000000060F17
:108560003DFF2E000000060F39FF2F000000060F10
:108570003AFF2D000000060F39FF2C000000060F07
:1085800037FF2C000000060F36FF2B000000060FFF
:1085900036FF2A000000060F35FF29000000060FF5
:1085A00035FF28000000060F33FF28000000060FEB
:1085B00031FF28000000060F30FF27000000060FE3
:1085C0002FFF27000000060F2DFF27000000060FD9
:1085D0002EFF25000000060F2CFF25000000060FCF
:1085E0002BFF25000000060F29FF25000000060FC5
:1085F00028FF24000000060F26FF25000000060FBC
:1086000024FF26000000060F22FF26000000060FB0
:1086100021FF26000000060F21FF25000000060FA5
:1086200022FF23000000060F20FF23000000060F9A
:108630001FFF23000000060F1FFF22000000060F8F
:108640001FFF21000000060F1CFF22000000060F84
:108650001CFF21000000060F1CFF20000000060F79
:108660001CFF1F000000060F1CFF1E000000060F6D
:108670001AFF1F000000060F1AFF1E000000060F61
:1086800019FF1E000000060F19FF1D000000060F55
:1086900018FF1D000000060F18FF1C000000060F49
:1086A00016FF1D000000060F16FF1C000000060F3D
:1086B00017FF1B000000060F17FF1A000000060F2F
:1086C00017FF19000000060F16FF19000000060F23
:1086D00015FF19000000060F14FF19000000060F17
:1086E00016FF17000000060F15FF17000000060F09
:1086F00017FF15000000060F16FF15000000060FFB
:1087000015FF15000000060F14FF15000000060FEE
:1087100015FF14000000060F14FF14000000060FE0
:1087200014FF13000000060F15FF12000000060FD3
:1087300012FF13000000060F13FF12000000060FC7
:1087400012FF12000000060F11FF12000000060FBA
:1087500010FF12000000060F0DFF14000000060FAE
:108760000FFF12000000060F0EFF12000000060FA0
:108770000CFF13000000060F0DFF12000000060F93
:108780000CFF12000000060F0BFF13000000060F85
:108790000CFF11000000060F08FF14000000060F78
:1087A00009FF13000000060F08FF13000000060F6A
:1087B0000AFF11000000060F08FF12000000060F5C
:1087C00007FF13000000060F08FF11000000060F4E
:1087D00007FF12000000060F07FF11000000060F40
:1087E00005FF13000000060F08FF0F000000060F32
:1087F00009FF0E000000060F08FF0E000000060F24
:1088000007FF0F000000060F04FF11000000060F15
:1088100005FF10000000060F03FF12000000060F06
:1088200004FF10000000060F01FF14000000060FF7
:1088300002FF12000000060F01FF13000000060FE8
:1088400002FF11000000060F01FF12000000060FDA
:1088500002FF10000000060F01FF11000000060FCC
:1088600001FF10000000060F01FF10000000060FBE
:1088700001FF10000000060F01FF10000000060FAE
:1088800001FF10000000060F01FF10000000060F9E
:1088900001FF10000000060F01FF10000000060F8E
:1088A00001FF10000000060F01FF10000000060F7E
:1088B00001FF10000000060F01FF10000000060F6E
:1088C00001FF100000007261746573656C007374C1
:1088D000660063636B5F6F6E65636F72655F74786C
:1088E0000074656D70735F706572696F6400747891
:1088F000636861696E007278636861696E0073779E
:108900006469765F736E72746872657368007377FA
:108910006469765F74785F776569676874007377F8
:108920006469765F736E726C696D007377646976E3
:108930005F73776374726C5F6D61736B00737764E0
:1089400069765F63636B736E72636F7272007377C5
:108950006469765F73776374726C5F616E74300004
:1089600073776469765F73776374726C5F616E743A
:10897000310073776469765F77656967687400733F
:10898000776469765F736574746C65007377646986
:10899000765F656E0073776469765F72785F706F7B
:1089A0006C6963790073776469765F63656C6C5F8B
:1089B000706F6C6963790073776469765F7377634E
:1089C00074726C5F656E0073776469765F74687249
:1089D0006573680073776469765F6770696F5F318C
:1089E0000073776469765F63636B6E6F6973656547
:1089F00073746C696D0073776469765F6C6F67324E
:108A00006176670073776469765F6770696F00737A
:108A1000776469765F74785F706F6C6963790073EF
:108A2000776469765F74696D656F757400616E74E3
:108A30006469765F72737369646966667468726587
:108A4000736800776F776C5F6770696F00776F7717
:108A50006C5F6770696F706F6C00000073B543697D
:108A6000164600222F2B04460D46019208DD332BBB
:108A700006D013460121E2F3D9F183059B0D07E0EF
:108A8000002120460A46E2F331F2064B03401B0C5C
:108A90001B022046336001A92A4600F005F8019820
:108AA0007CBD00BF0000FF03F8B504460E46154626
:108AB000E5F380F540F61201002207462046E6F372
:108AC0001BF32046E5F37EF520463946E6F322F314
:108AD000024B33604FF4C8632B60F8BD4C64030055
:108AE0000B46C06F11461A46FFF7B8BF10B50121FB
:108AF0000446C06FE2F35CF2E06FE6F337F3002068
:108B000010BD37B50024694601AA054600940194BA
:108B1000FFF7E6FF9DE806000346284624F052DCF6
:108B200020463EBD38B50446C06FE2F3D3F148B1EC
:108B30002046FFF7E6FF054638B92046FFF7D6FF87
:108B4000284638BD4FF0FF3038BD002038BD2DE934
:108B5000FF4107464FF4B6700E4615469846E0F3BF
:108B60006BF40446002832D000214FF4B672DBF3D8
:108B70004DF40A9B3846009304F18003019304F1FD
:108B80008403029331462A464346F2F7F1FBE0673D
:108B9000C0B10123637440F612010022E6F3ACF287
:108BA0000C210022C4F88800E06FE5F3F7F42046BA
:108BB000F5F722FF2046FFF7B5FFE06FF2F780F9E7
:108BC000002500E00B252046E0F348F400E01E25D8
:108BD000284604B0BDE8F081CDAB000001BC6003C5
:108BE00000104E03BFDE02F00E5C0280C1270000C1
:108BF0000403BFDE02F0105903A85E02F000120366
:108C0000A65E02F0001202825E5300001202855E30
:108C1000AF000012020200BF00000F03A85E02F0C6
:108C200000120282DEBB0000120282DEB3000012DC
:108C300002845EB700001202845EB3000012028656
:108C400000C7000012028480C300001201BC63FF51
:108C50001FF04000008000000000035B5E02F00097
:108C60001401BC601300104300015E02F00000001C
:108C7000025E02F0182C020200BF0000B402045E83
:108C8000FF00001B006B446556801B01846002F7E7
:108C9000F7BF01BC6003000AA600025E02F01237B3
:108CA0000202DEFF000020006B4465552020018297
:108CB000E002F7F7BF03BFDE02F006C30201AC7BA0
:108CC00000002500E844656177A101BC607F0817BA
:108CD000A2006D5E86F4402500A82C7B010B1E00CF
:108CE000682B4F00002A0280DEFF0000B4006B44B6
:108CF000655A60B40184E006F577AB00025E02F0CD
:108D0000159B020480C700002C028180C700002E42
:108D100001806002F7F7BF01BC6003000ADA00902F
:108D20002BE300D7A200E02BDEF457A3006D446ACA
:108D3000F4603200B02BD7000AF001876002F7F729
:108D4000BF00682BBF00003A00E944655DF7A3004F
:108D5000E8C4695E77A20068DE8B00003A006DDE31
:108D60008D5E003A0286ABD300003A01876006F7B9
:108D7000F7BF0207DEFF00003F00E844655A37A254
:108D8000006D5E895A003F0187E002F7F7BF01BC22
:108D90006003000AD100682C6F00004501BC61F738
:108DA0000017A100E844656377A2006D5E8AF42095
:108DB0004501BC6003000B1B00A82C7B002B1E0090
:108DC000682AE700005100E844655737A1006DDECE
:108DD0008556404C00682B2300005100E84465593B
:108DE00017A1006DDE8556404E03BFDE02F0005134
:108DF00001BC6003000ABA01BC6003000AB901BCEF
:108E00006003000AC801BC6003000AC000A82C7BF4
:108E1000004B1E0202DEB3000054020042030000B9
:108E20005400025E02F00D2F0203C57300005702CA
:108E3000845EB30000B40068AAEF0000B40284DED0
:108E4000B7000059020180C700007900B02AAB00CA
:108E500017A202802BD300006000B02B030017A1E3
:108E6000006DDE855BE0AB00685E87000060006837
:108E70002BE700006000B02BE70017A200682AEB88
:108E800000006600E844655757A101856006F5D7E4
:108E9000AE006DDE86F440AB00E05E8554F7A100C5
:108EA0006DDE86F440AB01856002F5D7AE0202DECE
:108EB000BB00007900682A9B00007900E8446555F2
:108EC000D7A100E02A9B0157A2006EDE86F4407213
:108ED0000182E002F5D7AE0181600163CB1E01BCC7
:108EE0006003000AEA01BC6003000AA601BC60033B
:108EF000000AE503BFDE02F00079006EAA9AF420B2
:108F00007800E82A9AF437A100902A9B0037A20043
:108F10006E2A9EF4407700B02A9F0017A20069DEF7
:108F200086F4407903BFDE02F000AB0284DEB700B6
:108F3000009E028881AB00009C02045EB70000B472
:108F4000020480C700008500682AF70020850068B9
:108F50002AF700808500682ADF00008400682AF76D
:108F600002E0820068AAF708608400E8446556378A
:108F7000A1006D5E8556E0B402005EFF00009C0219
:108F80008080BF00009C00682B2300008B02802B98
:108F9000D300008B00B02B2B0017BB006E2B02F709
:108FA00060B403BFDE02F0009C0205DEB700008E55
:108FB00000682AF70860B403BFDE02F0009C028458
:108FC00000C7000090028600C700009200682AEBEC
:108FD00000009C02812C2700009C00E84465563765
:108FE000A10206ABD300009600E845C95AF7A203D8
:108FF000BFDE02F0009700E845895AF7A20286AB6F
:10900000D300009A00E85E86F457A10069DE855718
:10901000009C006CC4655660B402855EB70000B465
:1090200000025E02F015BE03BFDE02F000B402854E
:10903000ABD30000A50206ABD30000A301BC63FFC5
:109040001FF7A1006845C6F4209C03BFDE02F000B4
:10905000A501BC63FF1FF7A100684586F4209C02B0
:1090600003C5730000AB02855EB70000AB020100D0
:10907000C70000B4006B44655680B40020E3FE14C2
:1090800060B40282DEBB0000B402022C270000AEF6
:109090000282DEBB0000AE03BFDE02F0009C02884D
:1090A00081AB0000B40282DEB30000B4028080BF56
:1090B0000000B40284DEAF0000B402825EBB000098
:1090C000B400025E02F015EE018060020D906C03A8
:1090D000595E02F000B603D85E02F000B703D8DE96
:1090E00002F000B801BC618300112900B0007B00D0
:1090F000112B01BC630300112303125E02F00CB0BC
:1091000003975E02F00D4303D05E02F0039403D098
:10911000DE02F0063D03D5DE02F00C6203915E0232
:10912000F006980396DE02F00C5D0288C173000120
:109130002303C45E02F0081003C75E02F008340384
:10914000DCDE02F0163503AA5E02F008A40386DE18
:1091500002F00CA10287C037000CA103835E02F06D
:109160000A50020680C70000D00202B0E70000D01B
:10917000006C30EE2320D00182E001872C3901BC45
:10918000607F1FF7A201E05E8A1070830391DE0208
:10919000F00720020680C7000107020601AB0000AD
:1091A000E3020030E70000E30068DE4B0620E30244
:1091B0000042030000E3028445230000E30280B084
:1091C000E70000E3006E45170020E301BC600300E8
:1091D000108000A8412300F04803D0DE02F000DC3C
:1091E00003D05E02F000DD03D5DE02F000DE00E019
:1091F00001DF0020770180E005872C3901BC600386
:10920000000C3A00025E02F0180700025E02F0183D
:109210001B020E01AB0000F0028445230000F002A7
:109220000130E70000F000E001E3002078018160F8
:1092300001872C390180E001872C39010C81430022
:1092400017A60068DE9B0060ED01BC6003004C3A8D
:1092500003BFDE02F000EF0068DE9B0040EF01BCC0
:109260006003002C3A00025E02F01807020681AB90
:10927000000107020230E70000FB02804203000009
:10928000FB028445230000FB03915E02F006980078
:10929000E001EB00207A0180E005872C3901826033
:1092A00001872C3901BC6003000C3A00025E02F019
:1092B000180700025E02F0181B0201B0E70000FE72
:1092C000006C30F22320FE0181E001872C3902037B
:1092D00030E7000107006C30F623210701836001AD
:1092E000872C390200420300010700685E4B0441ED
:1092F0000500685E4B00410503BFDE02F001070177
:1093000082600609104801BC600300114503C2DEFB
:1093100002F00D0A00025E02F0123603D4DE02F003
:1093200007B903A3DE02F0000203C85E02F005FBEA
:109330000204DEB300011002014523000110018484
:10934000E002F597AC00025E02F006370201C52389
:109350000001120187E002F577AB00025E02F00E19
:10936000AF00025E02F0117702182E2700011600EE
:10937000025E02F0118A03A25E02F0012003565E33
:1093800002F0011D01866006091048031F5E02F00D
:10939000011D006A5E2300011C00B0002700178831
:1093A00000E85E2300378803A65E02F0018E00020B
:1093B0005E02F011F80028600E08E1B403C4DE027A
:1093C000F00D7A0020C2030021BC03BFDE02F002D0
:1093D0000D03815E02F001250300DE02F000C301EF
:1093E00088E0020B905C03BFDE02F003910287402D
:1093F00063000127018EE00EF430180287406300FD
:1094000001290002DE02F000000287406300012B08
:1094100000B05E8B001019018EE00AF430180002D3
:10942000DE02F0000001BC606300107B01BC601B29
:1094300000107A01AC607EF47075028741D700019C
:10944000320002DE02F0000001BC606300107B010C
:10945000BC601B00107A01AC60BEF47075028741DD
:10946000D70001370002DE02F0000001BC6063009B
:10947000107B00B05E8B00107A01AC607EF430751A
:10948000028741D700013C0002DE02F0000001BC6F
:10949000606300107B00B05E8B00107A01AC60BE90
:1094A000F43075028741D70001410002DE02F0006E
:1094B0000001BC60030280060280DE0700014D014E
:1094C000DA6002F0178002085E0700016101BC60EB
:1094D000031E17A100E05E02F4306501BC60031CAE
:1094E00017A100E05E02F4306401BC6003002811A3
:1094F00003BFDE02F0016701105E030017A1010344
:109500005E030017A200E05E86F457A100885E8724
:109510000037A200E05E86F457A100E0015AF43063
:1095200063028600C300015800B0560B00106200B1
:10953000B0540300106201BC600300281103BFDEB9
:1095400002F0016900B0418F0010620109DE0300E2
:1095500017A10068DE8700415C00E05E870037A14C
:1095600000885E870057A100E05E8504B7A100E097
:109570005E8703C00601BC600300481103BFDE0222
:10958000F0016901BC60070217A100E05E02F4303F
:109590006501BC60070017A100E05E02F4306401C1
:1095A000BC600318000601BC600300081100B05A3B
:1095B0000300106200B058030010630002DE02F0E6
:1095C000000001BC600306379201BC63FF1FF0C3BB
:1095D00001BC60031890E301BC60FB1C10E501BCFA
:1095E000600300501000B0404300180000B0404736
:1095F0000010E70002DE02F0000000E840330097B0
:10960000A100B0400B0017A3006D5E86F4617700E7
:10961000905E8F0037A303BFDE02F0017800905EFA
:10962000870037A301BC601B0437A100E05E8EF405
:1096300037A301F041970017A1006DDE86F4618C1D
:109640000287C19700018001385A030017A1013C2D
:109650005A030017A203BFDE02F00182013C5A0345
:109660000017A101385A070017A200685E86F4812E
:109670008700D85E8B0037A200E14196F450650068
:10968000E1C19700306503BFDE02F0017A00D85EC9
:109690008B0037A200E14196F457A100E1DE87007C
:1096A00037A101F05E870017A1006EDE86F4618DA0
:1096B00001BC63FF1FF7A40002DE02F000000206F7
:1096C00081AB00019001826001872C390020E38E7C
:1096D000090002031EDE02F00196039F5E02F00104
:1096E0009601BC60430117A100A84122F430480351
:1096F000BFDE02F000020208411F000193018160F9
:1097000005610B0800025E02F00D2F00B000AB00F7
:10971000108600B0016300108A00025E02F0107330
:1097200001BC600304179200B0003B00111D0190C2
:10973000600609104803A1DE02F001AE0181E006D7
:1097400009104801BC600300904201BC6003001195
:109750002D039EDE02F001B101846002F2979400B5
:10976000B0451700178F00B05E1700179002004435
:109770001F0001AA018560020910480181600700ED
:10978000104701F0DE0F0037A1020400BF0001AD59
:1097900001F084C70037A100A044B6F43145039E10
:1097A000DE02F001B101BC613712B08003BFDE02FE
:1097B000F0000200A044B42A314501BC61271270B8
:1097C0008003BFDE02F000020020E08209000201F7
:1097D0000CDE530017A101885E8700104701BC60B2
:1097E000030050420108411F0017A1018CDE86F2E0
:1097F000979403BFDE02F000020002DE02F00000D8
:109800000020E07E09000200025E02F012020283E4
:10981000C21F000002020280F30001C600B04467CC
:109820000017A1017C5E862357A302835EFF00011F
:10983000C500E000FAF4682901836006F7F7BF006D
:109840006BDE8D0521CA0206D0030001CE00E9506F
:10985000862337A100E8D08A2357A20069DE8B0057
:1098600001CE00025E02F00D2F0191601684F427F4
:1098700000E020A700882903BFDE02F0036E00028B
:109880005E02F00371020400BF0001D603945E0281
:10989000F000020020C28F06000200A0428F01F7F4
:1098A0008000685E002DC00200025E02F00D2F03F2
:1098B000BFDE02F000120201C28F0000020114009C
:1098C000630017A100685E8700600200025E02F07C
:1098D0000D2F0194600F00001800025E02F001DD00
:1098E00003BFDE02F00012011400630017A100B0F4
:1098F0005E870010A501BC60131B906000685E8746
:109900000001E400E0418306D06000E85E87003794
:10991000A103BFDE02F001E0028050C30001F201AA
:109920008760040310A000B000630010B400B042D0
:10993000D3001800008841830030B601BC60030BDF
:1099400010B500B0006300B0B40317DE02F001EB05
:109950000397DE02F001EC01806006861430006897
:10996000D0D30001F20068D0D70001F200B0446704
:1099700000143400B0446B0014350002DE02F00025
:10998000000020E01280420C018760040310A00058
:10999000B000630010B401BC60030E10B500B0004D
:1099A0006300F0B401BC60570310B600B000630060
:1099B00010B401BC600302D0B50207500B000209CD
:1099C00001BC600303D0B5018E6002F297940204DB
:1099D000500B0002020204D00B0002020186600656
:1099E000F2979400E042D700D0B500A0500B1117B9
:1099F000A10068DE871102080186E006F297940054
:109A0000E042D70050B50207D00B00020800E04248
:109A1000D70090B500B042D70011E100B00063005C
:109A2000B0B40317DE02F0020A0397DE02F0020B65
:109A30000002DE02F00000006820C3000210006C8B
:109A4000C46506001201BC6003000830006820BB3A
:109A500000021600B044670017A2006C446988A297
:109A600015006B446988A012006EDE8905E01201C2
:109A7000BC600300082E0020E0BE0900020206813F
:109A8000AB00021A0281B0E70000020280B0E700DA
:109A9000000203905E02F0001203A25E02F0022CAC
:109AA00000025E02F01163020200BF00022B02847A
:109AB000DEAF00022302045EB700022B00025E024A
:109AC000F0156902045EB700022B03BFDE02F0004E
:109AD0000202045EB7000226020480C700022B02C5
:109AE000805EFF00022B00025E02F0150D0206AB45
:109AF000D300022A02052C2300022A03BFDE02F053
:109B0000022B03BFDE02F0000200025E02F012022E
:109B10000200421F000243006842F300022F006D62
:109B200042F3006243011400630017A100B05E8796
:109B30000017A203A25E02F0023703145E02F002D5
:109B400045006EC4568062450281452300024500EF
:109B50006E5E8700624301BC60030077A2008860EC
:109B600006F457A300885E8B01001800E85E8B00A6
:109B700037A20020C28EF4623D006ADE86F44237CE
:109B800003BFDE02F00243020400BF00026F009038
:109B90000063010165008085970217A100E06482DF
:109BA0000DA16600025E02F011DF03BFDE02F002CB
:109BB0006F0182600209104803BFDE02F00002015B
:109BC000BC600300111500B0017F0017A6031F5EE3
:109BD00002F00254020300C300024A0020C28F02B6
:109BE000024E03255E02F002540020C28F02024E94
:109BF00000688153FFE01203BFDE02F002500194BF
:109C0000601300001803BFDE02F0026F039EDE0245
:109C1000F002530068DE980BC2530201411F000F8F
:109C2000250185600209104800685E980BC2580043
:109C3000695E9F0062720298428F00025803BFDE85
:109C400002F002720201411F000F25020400BF0052
:109C5000025F0218428F000F2500025E02F011C160
:109C600000025E02F011DF0194058700001803BFB7
:109C7000DE02F0026F0200150B000268020016BB44
:109C800000026B00B014970017A10068DE84B222B6
:109C90006800B0149B0017A10068DE84B24268001F
:109CA000B0149F0017A10068DE84B26268029E149F
:109CB000E700026B0201C28F00026D0194600F0089
:109CC000001803BFDE02F0026F0201C28F00026DB6
:109CD000018060060D906C0200C28F000F25019478
:109CE000600700001800025E02F001DD020400BF00
:109CF0000002A103BFDE02F002A101BC6003181044
:109D0000600129500B00179200B0017B0010650024
:109D10006800EB00027A00885A130117A100E8449A
:109D200066F437A1006EDE8407427A03BFDE02F0DC
:109D300007B2019060120910480194601F000018DA
:109D400001085A0F00178101885E0681540A013408
:109D50005A0F00178000025E02F0014300B0017B41
:109D600000106500B056230017A100E05E86A097A2
:109D7000A100E85E8400F40300E85E8400F41600AD
:109D8000B05A0300141300B05A0700141400B05A5C
:109D90000B0014150068DE0700429200E8009700EF
:109DA00057A101BC5E86F0141B017C5E8700F41C89
:109DB00000B0204700178100025E02F0108400B05E
:109DC000017B00106501085A0F00178100B05E8703
:109DD00000141E03BFDE02F0029500B056170014F7
:109DE0001B00B0561B00141C00B0541300141E00BE
:109DF000B05013001086006D00A700829B019001F7
:109E00006300108A00B0418F00106200025E02F011
:109E1000160200B0422B00140601BC60031817A103
:109E2000006DC18C20029E01BC60030297A100E07E
:109E30005E840377A100E05E86B0111D03BFDE02E1
:109E4000F00337020300C70002B1020CD003000286
:109E5000B1011400630017A1028500630002B10084
:109E600080DE8701F7A201BC601B1857A200E05EEC
:109E70008A0DB06500B041970014320080DE870083
:109E8000B7A201BC601B15D7A200E05E8A0DB064CA
:109E900000B041930014330068D8130002BF0200E1
:109EA0005A1B0002B30180600684F42703BFDE0260
:109EB000F006C30201D0030002B300B0509B0014AF
:109EC0002F0281D0C700036B00025E02F003710114
:109ED0000BD0030017A1013C502B0017A2018C5E90
:109EE00086F457A1014801430017A2010C814300E9
:109EF00017A300685E8F0022BC018CE0000A17A245
:109F000000685E86F442BF0191601284F42703BFAB
:109F1000DE02F0036E00025E02F001F300B05013A7
:109F200000108600B0501700108A03A25E02F003F2
:109F30000B020CD0030002DE020300C70002DD00AA
:109F4000B050CB00106500025E02F016980203507C
:109F5000C70002CB01BC60230097A100A85002F407
:109F6000340003BFDE02F002E2020481AB0002CD46
:109F7000006D4246C0801200B05A130017800002E4
:109F80005E02F0014D00B0540F00141E00B05A07DD
:109F90000017A100B05A1300178001875A16F01756
:109FA0008000B0418F00106500025E02F0160B00C9
:109FB000E05E86A0740302875E030002DC0109DE16
:109FC000030017A300E05E8B0077A200E05E8AF436
:109FD00077A200885E8B0037A100E05E86F450898E
:109FE00003BFDE02F002E2006D424A8480120106E5
:109FF00050070017A1028CD0030002E100685E87C1
:10A000000002E20182DE86863431018260028634FB
:10A01000310020D0030402E800B0504F0011F200DC
:10A02000B050530011F300B050570011F401BC6060
:10A03000030091F0020601AB00030402015003008B
:10A040000304020601AB00030403A25E02F0030452
:10A05000028030E700030401806005872C3900E0AE
:10A0600001E700207901BC60430890E600025E022F
:10A07000F0016A01BC60031910E401BC6003000038
:10A080000601BC600301D78201D2DE0877F0E00050
:10A09000B00F030010E100B0004700108600B00FC1
:10A0A0001F00108A01BC600300378100025E02F0CD
:10A0B000107000B0059B00106400E8581A28F145A4
:10A0C00000B0058B001064006A4516C082FF0002D4
:10A0D0005E02F01095006E451700430101BC60035D
:10A0E00000514501BC60030010BB01BC610303B01B
:10A0F0008003BFDE02F0001203945E02F0030B0245
:10A100000650030003070287DEAF00030B028150F5
:10A11000030005DC0202D0C700030A0208502B002E
:10A12000030B0285D0030005F301906012863431E1
:10A13000011050070017A60068DE9B004317013A84
:10A14000500700178000885E0300778000E000AEB3
:10A15000F0106400B05E0700081301BC602306D74E
:10A160008100E0418301706300E0418F00B0650031
:10A17000025E02F010AB00B0204F00178103A25E18
:10A1800002F0032300B0500F0011160202D0C700E6
:10A19000031B00B0505B0011160282D003000323A2
:10A1A000028147C300031C0280504F00032100209E
:10A1B00047C73F83230020C7DB00C36D03BFDE0218
:10A1C000F0032303A55E02F003230280C7DF000330
:10A1D0006D028850C700033F0129500B00179202FF
:10A1E0000300C7000330020CD00300033002835089
:10A1F000C700033000B050CB00106501385A13007F
:10A20000178001825A17005781010E5A130017A1B7
:10A21000018E5E86F037810202D0C700033F00B096
:10A22000501B00108A03BFDE02F0033F0282D0C73A
:10A23000000337013850270017800108501300171A
:10A2400081010250130017A101825E86F037810060
:10A25000B0507F00108903BFDE02F0033F01385089
:10A260006F0017800108502B0017810106D00700EE
:10A2700017A101825E86F0378100B0501B00108A62
:10A2800000B05083001089010E50730017A1018E99
:10A290005E86F0378100025E02F0014300025E023A
:10A2A000F010700102421B00178101825E05023727
:10A2B0008100025E02F01084020680C700034B0199
:10A2C0000C81430017A60068DE9B00634900885E8E
:10A2D000870057A103BFDE02F0034B0068DE9B003E
:10A2E000434B00885E870037A100E05E840117A120
:10A2F00001D9DE8700108301BC613703B791006884
:10A300005E4B02837F020400BF00035202875003AA
:10A3100000035203945E02F0035303225E02F00333
:10A3200060020681AB00035E00685E4B0443570089
:10A33000685E4B00435703BFDE02F0035E00E0019E
:10A34000EF00207B01BC600302914501836005871B
:10A350002C3900E044670A0C3D018C600E1770BB7D
:10A3600001BC610302308003BFDE02F0000201BCC9
:10A37000610300308003BFDE02F0000201BC6133E4
:10A3800003B79102850063000366009000630097A5
:10A39000A100E06482F43065006E5A130023660168
:10A3A00088E006F23791020601AB00036A0068DE1E
:10A3B0004B05A36A01BC610300308003BFDE02F0DD
:10A3C000000203BFDE02F0037F0191600E84F427D8
:10A3D00003BFDE02F0036E0191600684F42701BC26
:10A3E00060030010B40181E00686343103BFDE0251
:10A3F000F006C3011C508F0017A10080DE87019773
:10A40000A200E0015E0DB06502805A7F00037E026B
:10A41000815A7F00037A0203DA7F00037E00685AC4
:10A420008700037E00886006F437A100201CBAF480
:10A43000237E00025E02F00D2F0191601E84F4273E
:10A4400000015E02F0000003BFDE02F0036E0002B6
:10A45000DE02F0000003C4DE02F00D7A02065003B3
:10A460000003870207DEAF00038701BC61030037EA
:10A47000910207500300038501BC620300F79100BD
:10A48000E0010B00204203BFDE02F0038801BC6044
:10A490000300204200B05E47001080020400BF00AD
:10A4A000039000B0058B001064006E451700000299
:10A4B0000068DE4B02838F00A044B42A314503BFFD
:10A4C000DE02F0000200025E02F010950068C5177F
:10A4D00000000203D05E02F0039400025E02F0105E
:10A4E0009503BFDE02F00002020601AB00039700F5
:10A4F00068DE4B05A39701806001872C39020E01AD
:10A50000AB00039A0200B0E700039A01816005875F
:10A510002C3900E10DB228E36C00E08DB700036D2B
:10A5200001836002F7F7BF01BC600300900400A83C
:10A53000412330104801BC620F0011E0018160022C
:10A54000F5D7AE020200BF0003B80068DE4B02037D
:10A55000A400025E02F017BA0068DE4B0623B802C0
:10A56000045EB30003B80206ABD30003A90204C51E
:10A57000AF0003B803BFDE02F003AA0200456F007C
:10A5800003B800E844655637A100E82A96F437A1DD
:10A5900000695E870823B80206ABD30003B2006BE4
:10A5A000AC422323B100E04467014B100183E00279
:10A5B0002B915C03BFDE02F003B80183E0022B9114
:10A5C0005C01BC600318517800B045E3001800013D
:10A5D0008360022F317900A84138F9D7A100B05E1D
:10A5E00084FE704E0187E002F577AB0068810B00B6
:10A5F00023BB00B044670000430182E00609104815
:10A6000000A841B310906C01826006289144018833
:10A61000E0020B905C00025E02F012360185E0025F
:10A62000F7F7BF0288421B0003C30185E006F7F776
:10A63000BF035B5E02F003C501BC60130010430161
:10A64000BC600300108501BC60030010B800885096
:10A65000770090B90208502B0003CC0138507300EA
:10A6600017A1017C506EF437A100885E870090B975
:10A67000020047A30003D001BC60030011EA009070
:10A6800042E70091EB00B047A300D1E8020047B3D6
:10A690000003D201B0E08E3D91EC01D2E0021090B7
:10A6A0008403A95E02F004FD01BC60030010840075
:10A6B000E001C300207000B04467000C0D00B044FE
:10A6C0006B000C0E0320DE02F0044B00685E4B189A
:10A6D000A3E30068DE4B0783EC01BC63FF1F7084BB
:10A6E00001BC600300F085013813630010B500E081
:10A6F00042D700D0B501BC60030010A601BC6023A6
:10A7000014D0B400E013570024D503BFDE02F004D8
:10A71000930184E006F597AC01BC60FF1FF0840054
:10A72000025E02F0042801BC60030010B401BC60AA
:10A73000030010A601BC600302D0B501BC60230475
:10A74000D0B400E0135B0024D603BFDE02F0049314
:10A7500001816006F5B7AD0068DE4B04A3FF02037C
:10A76000DEBB0003F100E02E0B00106503BFDE022C
:10A77000F003F201BC602301106500A05E7FFE10B3
:10A78000EC00B05A030010ED00B05A070010EE00C4
:10A79000B05A0B0010EF00B05A0F0010F001BC636C
:10A7A000FF1EF08401BC600300308501BC60030023
:10A7B00010B401BC600301D0A601BC60030450B515
:10A7C00001BC602304D0B400E002AF0020AB03BFA3
:10A7D000DE02F0049301BC61FF1FF08401BC600342
:10A7E0000010850068DE4B05240701BC60030010E3
:10A7F000B401BC600B0B50A601BC600302D0B501D4
:10A80000BC602304D0B403BFDE02F004130068DE92
:10A810004B02441E00B030670010840285C38F00D5
:10A82000040B00E05E2700378901DA5E270010EE96
:10A8300001BC63FF1FF0CE01BC60030010B40080B8
:10A84000E02183180000E069820DB0A601BC60031E
:10A8500003D0B501BC602304D0B400E001D30020D4
:10A8600074018460070011E00282DEB30005BC02BF
:10A87000045EB30005BC0181E006F5D7AE0183E0BC
:10A880000609104800B0412300180001BC6003060F
:10A89000B78E0188204610D78100025E02F0108436
:10A8A00000885E8700708303BFDE02F005BC01BC38
:10A8B00060031FF0840103DE530017A200680ECF6F
:10A8C00000042300B00ECF0017A200901CBAF4576A
:10A8D000A202005EFF00042501BC60030037A20055
:10A8E000682B4F00042701BC60030037A201865E7D
:10A8F0008A1C70E3006AC39300043100E8439000AF
:10A90000D0E40202421B00042F0090001B0037A17C
:10A910000020421B00442E00B020970017A100E049
:10A920004392F430E40069C39300043101BC600336
:10A930000010E400682B4F00043300E043915B30CB
:10A94000E401BC60030010B401BC60030010A60168
:10A95000BC60030210B501BC602304D0B400685E83
:10A960004B06A44900E001CB002072020681AB0037
:10A9700004930280B0E70004930203B0E70004935D
:10A9800001BC600704F7A60288421B00044101BC19
:10A99000600F0017A60282421B00044101BC601731
:10A9A0000017A6010C81430017A50068DE9700641C
:10A9B0004400885E9B0037A600E04466F4CC3C016E
:10A9C00081E005872C3901826005872C390183E0FD
:10A9D00001872C3903BFDE02F0049300E001CF00B1
:10A9E000207303BFDE02F0049303205E02F0049A9A
:10A9F0000181E00209104800E001D7002075031E24
:10AA0000DE02F0047A01BC60030017A2006A5E2334
:10AA10000004530102428F0017A201855E8A0910CB
:10AA2000480180E0061030810284DE5300045A00A1
:10AA3000B000770017A100E05E840437A100885EB3
:10AA4000870057A100E05E870D57A103BFDE02F02B
:10AA5000045B01BC60030D57A10068002700047A65
:10AA600000E05E8401F7A101BC60230090650088CE
:10AA700041970030B601BC60030010B400905E87BF
:10AA80000050A601BC60030110B501BC602300B0FA
:10AA9000B40317DE02F004630397DE02F0046400DF
:10AAA00020DE8700446D0020DE8700246A01B85E46
:10AAB00022D0168001805E8AD0368103BFDE02F08C
:10AAC000047301BC5E22D0168001845E8AD0368178
:10AAD00003BFDE02F004730020DE8700247101B89A
:10AAE0005E22D0368101805E8AD0568203BFDE02AC
:10AAF000F0047301BC5E22D0368101845E8AD05698
:10AB00008201886002F430A800B05A030010B0003F
:10AB1000B05A070010B1028042A300047600E04260
:10AB2000A30090A800B05A0B0010B000B05A0F005C
:10AB300010B10187600610908400E05E270037891D
:10AB400001DA5E270010EE01BC60030010B401BC06
:10AB500060030350A600B000330010B50284DE533A
:10AB600000048400E0606803B0A600E0429804306E
:10AB7000A600B000370010B501BC602304D0B401BA
:10AB8000846006F2979401866002091048039EDEF5
:10AB900002F0048E0280441F00049100B05E3F006A
:10ABA000114501BC600300178F00B05E430017859C
:10ABB00000B05E0F00179003BFDE02F0049100B0FA
:10ABC0005E0F0017850280441F00049100A044B668
:10ABD000F0B14501BC600301104201836006F297A9
:10ABE00094018460070011E003A05E02F005BA0240
:10ABF000065EAF0005BC0186E006F577AB01BC60E0
:10AC00000300108000025E02F00D3703BFDE02F089
:10AC1000072003A15E02F00527011400630017A1BD
:10AC20000068DE8700E49F0181600609104803BFC9
:10AC3000DE02F00527028500630004A10183E0061F
:10AC40000D906C01816006F5D7AE011C508F00039A
:10AC5000BD0206508F0004A900B044670010F30045
:10AC6000B0446B0010F401BC63FF1FF0D301BC6360
:10AC7000FF1FF0D400B042170310850020600E863D
:10AC800024D0018760040310A000B000630010B45A
:10AC900001BC60030B10B500B0006300F0B4020308
:10ACA00000C70004BB020CD0030004BB028050C7E5
:10ACB0000004B300B054130017A100E05E86807456
:10ACC0001A00B0506B0010E400B04213021084026E
:10ACD00009502B0004BB00B0421300308401D2E0C5
:10ACE0003AA030E0028050C70004C101D2E052A077
:10ACF00030E003BFDE02F004C10202D0C70004C18D
:10AD000000B0505F0010E000B050630010E100B0F0
:10AD100050670010E200B0506B0010E400B0421326
:10AD200002F084020050C70004CB018AE00E1090AC
:10AD30008401BC60FB1C10E501BC60030890E600C8
:10AD4000B000630010B401BC60030210B500B00095
:10AD50006304D0B4018460070011E001BC6003000B
:10AD6000178E03BFDE02F005C700E001C7002071A7
:10AD700000B000630010B401BC600302D0B500B0A5
:10AD8000006304D0B403BFDE02F0055403225E0268
:10AD9000F004D200E002A70020A90103500300172D
:10ADA000A100B85E870037A101875E86101080027F
:10ADB0000400BF0004E0032BDE02F004E002000008
:10ADC000F30004DA00E8002300514201BC600A28C5
:10ADD000514203945E02F004E000B0058B00106461
:10ADE00000E05823003608006858030004E000B073
:10ADF000446700111200B05803001115020CD00373
:10AE0000000526020300C70004F300B050CB001079
:10AE10006501BC600300168500E05A3300368C02E1
:10AE20000350C70004E800E05A2700368903BFDE5C
:10AE300002F0052701BC60030017B200B05A0B00F6
:10AE40000B8301385A130017A101BC5A06F430E0F5
:10AE5000013C5A130017A1017C5A06F430E101812C
:10AE6000E0061090840185E0070010E30185E0070B
:10AE70000010C30282D0C70004F803BFDE02F00452
:10AE8000FB0202D0C70004FD00B02A330017A10165
:10AE9000B8506EF430E000B050730017A101B82A2A
:10AEA00036F430E1028242130004FB00B0507B0014
:10AEB00010E400B042130210840185E0061C30E16A
:10AEC00000B04213007084018760040310A00203E5
:10AED00000C700051300B050CB001065006D5ECABE
:10AEE000D1C5030185E0021870C300E05ECB0036D7
:10AEF0008E01BC601B1FD06500E04196F6506500D6
:10AF0000B050970016800068DECB00050B01BC60D6
:10AF1000230150B800E001F300207C00682E0F00F0
:10AF2000251103BFDE02F0051E00B05ECB0010B598
:10AF300000B000630870B4028342D300050D01BC69
:10AF400060030170B80068AE0F00251E01BC6003ED
:10AF50000170B802BC506700051D03BFDE02F0059A
:10AF60001C010CD0030017A103A95E02F005190112
:10AF7000BC60230150B800E001F300207C00685E53
:10AF80008700651C03BFDE02F0051E01BC600301E3
:10AF900070B800685E8700451E01BC60030170B890
:10AFA0000181E0021710B801BC600300F0A501BCEC
:10AFB00060030E10B500E001F700207D00B00063D3
:10AFC0000010B400B0006300F0B400B042D3001829
:10AFD00000018860080310B4018160060D906C03C5
:10AFE000BFDE02F005540202D0C700052D00B050AC
:10AFF0006F0010E000B050730010E100B050770017
:10B0000010E20282421300052C00B0507B0010E4D5
:10B0100000B0421302F08400E05E9F0037A703A156
:10B020005E02F0053601BC60030017A701876004CB
:10B030000310A000B000630010B401BC60030E1048
:10B04000B500B0006300F0B4018860080310B403D9
:10B05000BFDE02F0054900B0017B00106500B05A68
:10B06000030010E500B05A070010E600B05A0B00CC
:10B0700010E70068A04B00053C00E05E2700378920
:10B080000068204B0005400185E0070010E30185C2
:10B09000E0070010C300B0421301108401DA5E27FC
:10B0A0000010EE0187600610908400B042131C105F
:10B0B0008401BC60030010B400E0606803B0A60027
:10B0C000B000970010B501BC602304D0B4018460C7
:10B0D000070011E003BFDE02F005A901085E4B0086
:10B0E00017A100685E870025540202500300055333
:10B0F000029E509F0005500201D00300055000E061
:10B100005E2700378901585E2700142D01DA50B7F9
:10B110000010EE0187600610908403BFDE02F00588
:10B120005401BC600300142D0104C1070017A100E5
:10B13000680EF700055900B00EF70017A100901C2B
:10B14000BAF437A103BFDE02F0055B03225E02F012
:10B15000055B0103DE530017A100B05E870017A254
:10B1600002005EFF00055E01BC60030037A20068BC
:10B170002B4F00056001BC60030037A202885E4BC4
:10B1800000056300685E4B06856301BC6003001721
:10B19000A200688EF70005650183DE86F2979401B0
:10B1A00083DE8684F4270281C21300056B01865E6C
:10B1B0008B0010E3018660070010C30181E00610D8
:10B1C000908403BFDE02F0056D01865E8A1C70E389
:10B1D000018660061870C302B847A70005A502A043
:10B1E00047B70005A703A95E02F0057501085E4B8D
:10B1F0000017A100685E870025A6021E509F00056B
:10B20000750185E0061C70E30185E0061870C30136
:10B210001400630017A10068DE8700857E00B0017E
:10B22000530017A20068DE8BFFE57A0068424700F2
:10B23000257B0068DE8A84C57E018560020910488E
:10B240000186E0021C70E30186E0061870C301105D
:10B2500050070017A600685E9B0005A601BC6003AE
:10B260000011E4013A500700178000885E03007760
:10B270008000E000AEF010640068DE9B00458B02A9
:10B2800007D00300058901BC602B11F7A200E05E26
:10B29000000B37A300025E02F010D601BC6023064B
:10B2A000906401BC60470017A200025E02F010FE2D
:10B2B00000685E9B0045A701A46046F471E0006849
:10B2C000DE9B00C59901BC611300B7A1020600F323
:10B2D00000059201BC601300B7A10192C21AF437B5
:10B2E000A203295E02F0059701BC60030011EE0085
:10B2F0009042E70091EF0192E00EF437A200B05EB9
:10B300008B0011EC03BFDE02F005A700685E9B0016
:10B31000659E00685E9B00A59E00B0502F0011E264
:10B3200000B050330011E203BFDE02F005A7018731
:10B3300060023D11E80068DE9B00A5A10187600660
:10B340003D11E801BC60030011EA009042E7009162
:10B35000EB0192C21B00B7A201B85E8A3D11E8035F
:10B36000BFDE02F005A7018460070011E001BC60A8
:10B370000300112D00B0448300142C03A3DE02F05F
:10B3800005BD01BC600300178E00685E4B05A5ADCE
:10B39000020050030005B70183E00609104800B021
:10B3A000412300180001BC600306378E00685E4B25
:10B3B00005A5BC00E002A30020A801BC600304B7FF
:10B3C0008E03A95E02F005BC00685E4B0425BC013B
:10B3D000BC600306B78E03BFDE02F005BC018160CE
:10B3E00006F577AB00B05E0F00178500025E02F035
:10B3F000109501BC600300178C01BC600300178D21
:10B400000323DE02F005C7020680C70005C6010C53
:10B4100081430017A10068DE870065C60108421B52
:10B420000017A10068DE870005C601BC607F1FF71A
:10B43000A101E05E861070830182E005872C39004F
:10B44000E04467258C3B0187E006107083006D00A7
:10B45000A70085D903295E02F005D9020300C700C1
:10B4600005D600B050CB0010650282D0C70005CED3
:10B4700000E05A2300368803BFDE02F005CF00E06B
:10B480005A2700368900682E0F0025D600E05ECBD3
:10B490000037B2010A5ECB0017A100E050CAF430B9
:10B4A0006500D06006F657A200205A1AF445D6036C
:10B4B000BFDE02F005D000025E02F012360350DE5D
:10B4C00002F005D603BFDE02F0063D02055EAF00C6
:10B4D00005DB0187E00626713303BFDE02F00002C0
:10B4E0000190600A8634310282D0C70005E5013C34
:10B4F00050270017800109502B00178101075007C2
:10B500000017A101825E86F0378100B0501F001045
:10B510008A00B0500F00111603BFDE02F005EB01E8
:10B5200038505F001780010A502B0017810107D0A7
:10B53000070017A101825E86F0378100B05023001A
:10B54000108A00B0505B001116020300C70005F01E
:10B55000020CD0030005F002085E070005F0013878
:10B5600054070017800190422AA1308A028050C7F8
:10B570000005F901BC600305B79203BFDE02F003CA
:10B580001B01906006863431020300C70005DD020E
:10B590000CD0030005DD00B0001F0017A100E05E25
:10B5A0008680741A03BFDE02F005DD01BC6003066D
:10B5B000379203BFDE02F0031B00E0135F0024D7C5
:10B5C0000204DEB300000200B0130B001065011985
:10B5D00098870017A101095A130017A201895E86F6
:10B5E000D0968400B013070017A3006DDE84982660
:10B5F0000400B05E870017A301885E8ED096840099
:10B6000068DE8AF4210E01BC63FF1FF0D000B05A3F
:10B61000130010F001BC60030017A501825E961EA6
:10B6200010F001BC63FF1FF0CF01BC601B00F0EF06
:10B6300001BC63FF1FF0D100B044670010F101BCF2
:10B6400063FF1FF0D200B0446B0010F201BC600336
:10B650000404D801BC63FF1FF0C301BC60031C10CD
:10B66000E301BC63FF1FF0C400B052130010E401FB
:10B67000BC63FF1FF0C500B0522F0010E501BC6392
:10B68000FF1FF0C600B052330010E601BC63FF1F7D
:10B69000F0C700B052370010E701BC63FF1FF0C8CD
:10B6A00000B052170010E801BC63FF1FF0C900B0E2
:10B6B000521B0010E901BC63FF1FF0CA00B0521F0B
:10B6C0000010EA01BC63FF1FF0CB00B0134700106D
:10B6D000EB01BC63FF1FF0CC00B0134B0010EC017A
:10B6E000BC63FF1FF0CD00B0134F0010ED00B0138E
:10B6F0006700106201BC600300281100025E02F0C6
:10B70000107400025E02F00D2F01BC602B1877A1AF
:10B7100000025E02F00127016040670011C000E0F6
:10B7200040649B17A100E05E870097A101BC63FF06
:10B730001FF0C001BC600301550101D2DE86A030BC
:10B74000E000905E870177A101BC6003079792013A
:10B7500090600A09104803BFDE02F0035301BC6089
:10B76000070011C101BC602B1817A101BC600300C8
:10B7700017A200025E02F0012B01BC60030011C1A0
:10B780000002DE02F000000201C2E30006650203CF
:10B7900000C700064200682E0F002652006E424687
:10B7A000F6465203BFDE02F00644006E4247002612
:10B7B00052020300C700064F0355DE02F0064401A3
:10B7C000806002861430013850830017A100B05009
:10B7D000CB001065006DDA32F42C6200A84123140E
:10B7E00010480114006300106500E041970ED06519
:10B7F00000E05A0300368001BC621F0011E003BF65
:10B80000DE02F000120181E0068634310191600E03
:10B8100084F42703BFDE02F00665013C5067001781
:10B82000A101AC5E861750BA01BC60030190B8025A
:10B830000300C700065F0068AE0F00265A0181E0D2
:10B84000021710B80350DE02F0065803BFDE02F004
:10B85000066500E82E0F002B8300B05ECB0010B50C
:10B8600000B000630870B4028342D300065D03BFDA
:10B87000DE02F006600186E0040310A000025E0212
:10B88000F001E603D5DE02F00C6203D6DE02F00C16
:10B890007A0350DE02F0066103BFDE02F003C3014B
:10B8A000BC600300F0A50182E00209104801BC62FF
:10B8B0001F0011E001BC60030011EC01BC600F002F
:10B8C00011E80285500B00066C01826002091048E5
:10B8D00003A0DE02F0067003D5DE02F00C6203D690
:10B8E000DE02F00C7A03205E02F006760188600228
:10B8F00009104801BC600300083100685E4B18A0C5
:10B90000020068DE4B07867500025E02F006370310
:10B91000BFDE02F0001201BC60030037A100025E2E
:10B9200002F00E9603A3DE02F00012020050C700E0
:10B93000068201BC60030010800182600609104885
:10B940000180600286343100688EF70006800104B1
:10B95000C1070017A10183DE86F2979400E001CBB6
:10B9600000207203BFDE02F0020D00B0010B0017D1
:10B97000A1006DDE840806C300E844640877A100D6
:10B980006E5E840826C30187E006F577AB020200ED
:10B99000BF000697028881AB000697028400C700AB
:10B9A00006970129500B0017A10068DE8702069751
:10B9B0000282DEBB0006970203C57300069602836F
:10B9C000DEB30006960286ABD30006920282DEBB8F
:10B9D00000069200682AE7000697006DDE2F01E658
:10B9E000970182E006F7F7BF01BC613B0417A10095
:10B9F000E04466F42AA903BFDE02F0001203BFDEB2
:10BA000002F006C301BC600300114902825EAF0070
:10BA100006B201826006F577AB00B0446700081CEF
:10BA2000020400BF0006A30068451F0006A30185AD
:10BA3000E002F577AB032BDE02F006A10185E006FC
:10BA4000F577AB00B0058B00106400025E02F011C8
:10BA50009700B0014B0017A20208421B0006A60087
:10BA6000B0016B0017A200685E8B0006AE00904527
:10BA70002B0097A10080DE86F457A1006E20BA0D3E
:10BA8000A6AE00B041B700082E00E120BA23282F4F
:10BA900000E0DE86234C4500B041B6F4282E0205B6
:10BAA0005EAF0006B001BC610300113300E10D82FE
:10BAB00029436000E08D8700036100E84465039737
:10BAC000A5006D5E970100C1020200BF0006C00024
:10BAD00068DE4B06A6B70184E002F7F7BF0068DE18
:10BAE0004B0406BA0282DEB30006BA01BC60030052
:10BAF0000B0A02045EB30006BD0068DE4B0626BDDD
:10BB000000025E02F0158F00025E02F0123703A3FE
:10BB1000DE02F006C00183E002F597AC00025E028F
:10BB2000F017C001826002F577AB03D15E02F0002E
:10BB300002020050C30007190325DE02F006C70108
:10BB400083600684F42703BFDE02F006F9020CD0FE
:10BB5000030006F7020300C70006E60114006300B5
:10BB600017A1006DDE870086F701BC600300178017
:10BB700000B050CB00106500B050CF0010640181C0
:10BB800060060D906C0182600686343100B05A2345
:10BB90000017A101BC600300168801BC5A2AF437C3
:10BBA000A101BC600300168A00B05E8700148F00FC
:10BBB000B05A270017A101BC600300168901BC5AC6
:10BBC0002EF437A101BC600300168B00B05E870025
:10BBD000149000B05A1B00148D00B05A1F00148E30
:10BBE00001BC60030016040068DE030006E30203E4
:10BBF00050C70006E20100509F00178001805E02DE
:10BC000091B48D01BC5E0292149001BC60030037B8
:10BC10008000025E02F016E400B05E0300148C03A4
:10BC2000BFDE02F006F20068C2470006EB0181E0C9
:10BC3000068634310191600E84F42701BC60030054
:10BC4000143003BFDE02F0000200B0509F0017A1C5
:10BC500000025E02F001E500B05E87001427018655
:10BC6000E0040310A000B04283001800010CD003D0
:10BC70000017A10068DE870066E6010250C70017C2
:10BC8000A101805E8684F427018AE00E84F42700F7
:10BC9000B050BF00142603BFDE02F006F90186E0B3
:10BCA000040310A00200509F0006F90286C107009D
:10BCB000071403295E02F006FE00B0523300142D73
:10BCC00000B052370017A1019E5E8684F42700B0B1
:10BCD000509F0017A10180DE86F437A1020580C3C2
:10BCE00000070500B0303B00108F00B03037001067
:10BCF0008E00B050D700108D00B050D300308C00B3
:10BD0000B050BB00108F00B050B700108E00B05084
:10BD10009B00108D01806006F4308C020250C70039
:10BD2000071100B0524300108F00B0523F00108E38
:10BD300000B0523B00108D011A52370017A1019834
:10BD4000DE870437A101B85E8691B08C0182600263
:10BD5000863431018160020D906C01BC60030014D7
:10BD60003401BC60030014350325DE02F00717011F
:10BD70009C600284F42703BFDE02F0071B0285509B
:10BD80000B00071900A850C70D143101BC60030057
:10BD9000143001816002F5D7AE0183600284F4277C
:10BDA0000185E00209104801BC600300142E03A2C3
:10BDB0005E02F0020D03BFDE02F000120323DE027A
:10BDC000F0079103A35E02F0079103A2DE02F007E1
:10BDD0009101816006F577AB03AA5E02F00791013D
:10BDE00083E0020910480351DE02F0072C020680AE
:10BDF000C70007290182E001872C3900E0026B00AF
:10BE0000209A0180E006F577AB03BFDE02F0073130
:10BE10000301DE02F0072F00685E4F06272F01BCEA
:10BE200060030017A803A45E02F0073103C1DE021D
:10BE3000F0079402045EB300073A01846002F597AC
:10BE4000AC0183E00209104800B02B3F0017A100AD
:10BE50006D2AEEF4200200E0027B00209E01BC600F
:10BE600003000ABB00025E02F0159203BFDE02F07F
:10BE700000020203DEB300074A0183E002F597AC3B
:10BE800000E020CF00283302015EBB00074A00B06B
:10BE90002A830017A1006D20CEF4274501BC600362
:10BEA00000083300E0027F00209F03A95E02F00734
:10BEB000480191601A84F42703BFDE02F0036E018B
:10BEC000BC63FF1FF7A100025E02F00E9603295E1D
:10BED00002F0074A0191601A84F42703BFDE02F0E2
:10BEE000074A0184600209104800E10DC22943702D
:10BEF00000E08DC7000371020400BF00075101BCC0
:10BF00006003001115011400630017A100E0660230
:10BF1000F4306500025E02F0109A0182600209109E
:10BF20004800685E3B18A7550068DE3B07075603CC
:10BF3000BFDE02F0000203295E02F0075902015041
:10BF40000300075900685E3B04A76001F0DE17009C
:10BF5000378500A05E16F0978500685E3B06276077
:10BF60000201500300075F028780BF00075F018561
:10BF7000E0060910480280D00300077000B05E1B85
:10BF80000017A300B0008B0017A4020400BF000735
:10BF900066006E419730676601185A030017A301C7
:10BFA0001A5A030017A40068C18318076900E00249
:10BFB000930020A403BFDE02F0076B006D5E2EF439
:10BFC000876B0182E00686343100E05E3300378CF7
:10BFD0000068DE32F4676E00B05E0F001785006DFA
:10BFE000DE2EF4677C03BFDE02F0078C00B05E1F1C
:10BFF0000017A300B0008F0017A4020400BF0007C1
:10C0000076006E4197306776011C5A030017A30132
:10C010001E5A030017A4006D5E2EF487780182E09B
:10C020000686343100E05E3700378D0068DE36F476
:10C03000677B00B05E0F001785006D5E2EF4678C85
:10C040000185E00209104803D1DE02F0077E0329D2
:10C050005E02F00780020300C700078100B05E0F98
:10C0600000178500025E02F01095006841831807F2
:10C07000B2020300C7000788020CD0030007880241
:10C080008350C70007880068DE4B05A78803BFDE22
:10C0900002F016640181E0068634310068DE3B065A
:10C0A000278B00E0029F0020A703BFDE02F006C33B
:10C0B00000025E02F0109501816002091048032918
:10C0C0005E02F00791028300C700166403BFDE0220
:10C0D000F006C303D1DE02F0079203A5DE02F006EC
:10C0E000C303BFDE02F0001200E10DBA29436E0067
:10C0F000E08DBF00036F0206500300079C00B001F3
:10C10000030017A1006D810AF4279C00E84464082D
:10C1100077A1006E5E8408279C0187E006F577AB67
:10C1200001085E4B0017A100685E4B05279F006861
:10C130005E870027A000B05E0F00178500025E0238
:10C14000F0109500685E3B0627A601BC600300174F
:10C150008C0200D0030007AB01BC600300178D0305
:10C16000BFDE02F007AB01BC600300178C020300C6
:10C17000C700020D020CD00300020D019C60028476
:10C18000F42703BFDE02F0020D006841831807B1F7
:10C190000180600684F42703295E02F006C3018251
:10C1A0006006863431028300C700166403BFDE02D6
:10C1B000F006C300E002970020A50181600209108B
:10C1C0004801BC600300081200E0017B00A05E0192
:10C1D000BC60131417A1006D017AF4201201BC6039
:10C1E000130C805E03BFDE02F0001200025E02F05C
:10C1F0000D2F0338DE02F00012039EDE02F0001263
:10C2000000E8444C00F7A100E85E840117A1006A31
:10C21000DE840107C200E85E8401118701BC60036F
:10C2200000118801A5E02230118001BC60030011DB
:10C230001301BC600300111400B044670017A10093
:10C24000B0446B0017A200B05E8700110400B05E1E
:10C250008B00110503B8DE02F007C403BFDE02F055
:10C26000001201BC600304B79201BC60030417A173
:10C2700001BC63FF1FF0CE00B052170010E800B001
:10C28000521B0010E900B0521F0010EA01BC60030D
:10C290000010E4028600C30007E200B0540F00174C
:10C2A000A20069DE8A9087D500E85212F450E400BB
:10C2B00068A0470007E201BC60030010E400B0542E
:10C2C000270010E000B0542F0010E103BFDE02F0A1
:10C2D00007EB01BC60030297A101BC60031890E862
:10C2E00001BC60030010E901BC60030010EA03BF59
:10C2F000DE02F007E203A4DE02F00A5003A9DE0228
:10C30000F00A5001BC600301D7A1020600C3000778
:10C31000E40280DE5F0007E900B054070010E0008F
:10C320006820470007E701D2DE86A030E000B05465
:10C330000B0010E103BFDE02F007EB01BC5E86904C
:10C3400010E001BC601F0010E101BC60030010E2BE
:10C3500000B052230010E500B052270010E600B0F4
:10C36000522B0010E700025E02F0107403A9DE02F7
:10C37000F00AB100685E4F04280701BC63FF1FF09C
:10C38000C300685E4F16A7F900685E4F05A7FC0161
:10C39000BC60031A90E301BC600306B79200685EBC
:10C3A0004F05280703BFDE02F0080101BC60031837
:10C3B000B79201BC60030E90E303BFDE02F007FEFC
:10C3C00001BC600306379201BC60031890E3028E43
:10C3D00001AB00080102984407000BB50280460734
:10C3E000000BB500B0204700178100025E02F0107C
:10C3F0008400E85E8400D7A1006A5E86908807000A
:10C40000E85212F430E403BFDE02F0080A01BC6017
:10C41000030010E40338DE02F0080A0187E0061C7E
:10C4200090E40190600A09104801BC61030437914F
:10C4300000685E4F16AC4000685E4F05ABB50383E5
:10C440005E02F00A5003BFDE02F000020204416304
:10C4500000081D01876002F577AB01BC6003001185
:10C460004901BC6003010B8900E10DB228E36C00B7
:10C47000E08DB700036D018460020B105802055E69
:10C48000AF0008190187E006267133020400BF00DF
:10C49000081C0185E002F577AB00025E02F01197FF
:10C4A00003BFDE02F0000203A35E02F0081F0002D9
:10C4B0005E02F017C00285C52300000201846006F9
:10C4C0000B10580200DEFF0008250180E002F7F79C
:10C4D000BF00682B4F00082500E044655A4AD3028C
:10C4E000055EAF00082701BC61030011330205801F
:10C4F000BF00082D01BC60131157A100025E02F0BD
:10C5000001270196600E03301900B040670017A2A2
:10C5100000025E02F0012B0203C03700082F03BFA8
:10C52000DE02F0001202875EAF00083100E0021F59
:10C530000020870182600628914401BC6003010B42
:10C540008903BFDE02F00012020601AB00083601CB
:10C55000806001872C39020681AB0008380183E036
:10C5600001872C390183E0020F107802814013000B
:10C5700000020200420300083D01846002F597AC0E
:10C5800001BC6003000ABB01BC600300108003A370
:10C59000DE02F008400190600209104800B04467D4
:10C5A00000179E00B0446B00179D00B0446F001749
:10C5B0009C00B0447300179B0068DE7A232840007B
:10C5C000E002230020880115403B001797006D8092
:10C5D000A700884B00A05E5F003797006880A70027
:10C5E000084B01BC600300379700B001430017A15E
:10C5F000010C81430017A300685E8F00284F018C57
:10C60000E0000A17A101C9DE840527FF01BC600311
:10C610001077950191E0020D906C0286403700087A
:10C620005500E002BB0020AE03BFDE02F00CA40107
:10C63000BC600300148001BC600300148101B86079
:10C640000A04902401BC600304082401BC600300B8
:10C65000482301BC600300D02A01B3600700100426
:10C6600001BC600300080801BC600300080901BCAC
:10C67000600300080A01BC600300080B0183E002AC
:10C68000F5D7AE00E044671F4C1F0287C037000C8F
:10C690009E00025E02F012360286403700086703F1
:10C6A000C35E02F0087903BFDE02F00C9F0068C091
:10C6B00033004877006B446583E87700B04127007A
:10C6C00017A100B0412701D04900B05E870017A133
:10C6D00000B05E870017A100B05E870017A100B010
:10C6E0005E870017A100B05E870017A100B05E87CB
:10C6F0000017A100B05E870017A100B05E87001789
:10C70000A100B05E870017A100B05E870017A100EE
:10C71000B05E8700104903BFDE02F00D1303435ED5
:10C7200002F008620286403700088500685E5F00FC
:10C730000C9F00685E5F004C9F0152D2030017A15E
:10C740000185D206F437A203BFDE02F00880013C67
:10C7500052030017A101BC5206F437A20323DE02E4
:10C76000F008830068DE8B01CC9F03BFDE02F00877
:10C770008500685E8B0288850068DE8B038C9F00D5
:10C780006D403300CCA400685E5F00489800685E8E
:10C790005F002895006800A700C88A006880A7008D
:10C7A000A88B00E0446690283001BC62C30017A14A
:10C7B0000280520300088E019652030017A10080E8
:10C7C000DE8690379A0203520300089300E05E6A07
:10C7D00090379A0207D20300089300E85E6B003797
:10C7E0009A029E5E6B000CA403BFDE02F0089C015F
:10C7F00052D2030017A10185D206F4379A03BFDE97
:10C8000002F0089C013C52030017A101BC5206F43F
:10C81000379A006E5E680BACA400685E6B000D1367
:10C820000204C03B0008AE0181E0060D906C0207D7
:10C83000C0AF0008A4020740370008A200E002735E
:10C8400000209C03BFDE02F00CA400025E02F01286
:10C850003603BFDE02F0089E00B02023000C11005A
:10C86000B02027000C1200B0202B000C1300B020C9
:10C870002F000C1400B05E7F000C150287C0AF00C3
:10C880000C9E0282403B000C9E015840AF00179A5C
:10C8900001BC603F1E17A1006DDE6AF42C9E035B95
:10C8A0005E02F008B001BC601300104301BC60FFE1
:10C8B0001E17A1006E5E6AF42C9E00B04123281062
:10C8C0004801806002F297940184E0020910480157
:10C8D0005840AF00102A006840AB002C9E01BB5EA0
:10C8E0005600900402035E570008C1020047A300EF
:10C8F00008BE01BC621E3C11E001BC60030011EAED
:10C9000000B05E6B0011EB0198601E3D11E8020063
:10C9100047B30008C100B05E6B0011EF01B0E0CE7C
:10C920003D91EC03835E02F008C400025E02F01247
:10C9300036006D403304C8C103AADE02F008E001EE
:10C94000BC63FF1FE3B301BC601F10D06401BC6077
:10C950000300B7A101BC63FF1FE79300E04186F429
:10C96000306501BC63FF1FF60000E05E870077A121
:10C9700000025E02F00F1F0200C0770008D60129F6
:10C9800040770017A2006D5E8B04C8D400E85E8B70
:10C9900004D60001BC601F05F06300E0418EC010AA
:10C9A00063010C56030003B30068DE870168D600FC
:10C9B000B05E8B000793006DDE8701C8D900E041AF
:10C9C0009300306403BFDE02F008C903B05E02F0DA
:10C9D00008DF018360020D906C00681E1BFFE8E019
:10C9E00001BC601F05F06500E04194F0D0650200D5
:10C9F0005A030008E0018360060D906C0020402F70
:10CA000008A8E201BC60030003B301BC6003000797
:10CA1000FC0188E00F0007FD006D4033020A4A0167
:10CA200029520F0017930109520F0017AA0068DE60
:10CA30004F03A8EA0129522300179301A95E4F0072
:10CA4000379301966002F2979400E0418701F06508
:10CA500001BC600F0017A10028DE869068F10186F6
:10CA60006006F2979400E0419700706500E0209323
:10CA700000C82401065E530017A200A05E4F047791
:10CA8000A10068DE870448FF0186E006F297940063
:10CA9000B85E8B0037A200B05A030017A0020ADA72
:10CAA000030008F901876006F297940284C03B00F6
:10CAB00008FF0203DA030008FF03AB5E02F008FD83
:10CAC000020441070008FF01806004FFA7FD010682
:10CAD0005E530017A20182DE8A00900403AADE02E0
:10CAE000F0094503AB5E02F00917018460020D9066
:10CAF0006C01BC63FF1FF79900B01E230017A20052
:10CB000068DEAB00290900A05E4FFF77A10068DE58
:10CB10008707291503BFDE02F0090B0284520F00BC
:10CB200009150204D20F00090E03B15E02F00914C8
:10CB300000B01E1F0017A203BFDE02F0090F03B3EF
:10CB40005E02F009140200521700091500685E8B9E
:10CB5000FFE91500E0015EF4506502015A47000943
:10CB60001500B01E4F001799018460060D906C02ED
:10CB700000521700094303315E02F009430202002C
:10CB8000BF0009430180E001610B08020052170059
:10CB9000091E0068DE4F04091D00B02AD70017A245
:10CBA000006DDE895509310202AB2F00093E028378
:10CBB0002B2F00092000685E5F00092B01BC600379
:10CBC0000017A3013852030017A30283AB2F0009FB
:10CBD000270068DE5F00292701085E8F0017A30089
:10CBE000695E8F00693E03BFDE02F0092B006DDE37
:10CBF0005F00492903BFDE02F0093E02842B2F00AB
:10CC0000093E0068DE8F00093E00682A9B00093E4D
:10CC100000B02B930017A2006DAA9AF4493E006859
:10CC20005EAB00493100685E4F06893103BFDE020A
:10CC3000F0093A00B02B9B0017A200B02A9B001706
:10CC4000A10283AC2700093600682C870009370051
:10CC50006D5E8564293700B02C7F0017A2006D5EE1
:10CC6000895CA93900B02C4B000B110184E006F758
:10CC7000F7BF0068DE4F02893E00025E02F017BA7D
:10CC80000206DEFF00093E00E02BC7002AF1006823
:10CC9000DE5F0009410068DEAB0049410180E0052C
:10CCA000610B0800682B4F0009430180E006F7F78D
:10CCB000BF01BC63FF1FF7A5032B5E02F00946000E
:10CCC000B01E4F0017A50207520F0009C20280478D
:10CCD000A30009BF028047B30009BF00E020930012
:10CCE000882400E8208F00882301BC60030011E441
:10CCF00001BC600303D1E102065E5300094F01BC91
:10CD000060030491E10206DE5300095300E0478707
:10CD10000051E10207D20F00095300E0478700915C
:10CD2000E1006D403302CA4A00685E4F0589560033
:10CD300068DEAB0049C203AB5E02F0095902005243
:10CD4000170009C2020580F300095E00685E97FFC4
:10CD5000E95B00E05E970097A50068DE97FFE95E5B
:10CD6000028052170009C2020700BF0009C201BCBD
:10CD7000601B0437A20090478700306500E04196B1
:10CD8000F4506500E0478701081A03835E02F0094A
:10CD90006500025E02F01236006D40310349620008
:10CDA0006D4031034A4A01BC600B1D57A10068DE8B
:10CDB00097FFE975010F5A070017A5031EDE02F061
:10CDC000097502005217000975032C5E02F009C2B2
:10CDD00000685E67FFE97500E05E6700979900E014
:10CDE0005E66F43064012A58030017990100DE974B
:10CDF0000017A500E05E66F4B79900E05E670037B3
:10CE000099011558030017A603BFDE02F00985003B
:10CE1000E05E96F43064012A5803001799020580F9
:10CE2000F30009840182E002F337990200521700EF
:10CE300009840116D8030017A6010F5A070017A48A
:10CE4000010CD8030017A10068DE92F4298000E0ED
:10CE50005E6702179903BFDE02F00989010DD8034E
:10CE60000017A10068DE92F429C200E05E67041793
:10CE70009903BFDE02F00989011058030017A600CC
:10CE800068DE9B00C9890181DA030017A100B85E42
:10CE900086C017A10281DE870009C200885E670094
:10CEA000778000E000AEF0106401AADE64FF87FC2A
:10CEB0000068DE9B0049A302078187000996006D88
:10CEC000DE030C09960285520F0009960298523B28
:10CED0000009960181E004FFA7FD00E05E000B372A
:10CEE000A300E05E8F0097A300E041870077A200D7
:10CEF000025E02F010D600E8208F01082301BC601A
:10CF00002306D78100885E970077A100E85E86F44B
:10CF1000B06301BC60070E17A100E0418EF43063DE
:10CF200000B056170017A100B0561B0017A20068EA
:10CF3000DE86D049C20068DE8AD069C200025E0285
:10CF4000F010AB01BC602306906401BC624F001777
:10CF5000A200025E02F010FE00E047870217A10364
:10CF6000835E02F009A7006EC032F429A5006EC0EE
:10CF700032F42C9E00685E9B0049BF01BC621EF427
:10CF800071E00068DE9B00C9B201BC611300B7A16B
:10CF9000020600F30009AE01BC601300B7A101BC9A
:10CFA00060030011EE00B05E6B0011EF0192E00E25
:10CFB000F431EC03BFDE02F009BF00685E9B00693C
:10CFC000B40068DE9B00A9BF019860063D11E8002F
:10CFD000E0209300882400E8208F00882301BC60B3
:10CFE000030011EA0068DE5F0049BA00B05E6B0022
:10CFF00011EB0192DE5E3D11E8018760023D11E810
:10D000000068DE9B00A9BE018760063D11E801981B
:10D0100060163D11E80181E004FF87FC01AADE648F
:10D02000FF87FC03BFDE02F009C701BC620F0011DD
:10D03000E001BC60030011E40181E000FFA7FD01F5
:10D04000BC600F0011E801BC60030011EC02001F7E
:10D05000F70009CE00E0208EF3482300B0209300B3
:10D06000102500E8208E04A823006AA08F01C9CEF5
:10D0700001B860060490240182E006F297940188CA
:10D08000600A00900401BC600318779503A0DE02DB
:10D09000F009DB00685E4F06A9E001385203001773
:10D0A0008000B05E5F0017810204DEB70009DA007D
:10D0B000685E070009D901BC600301778001BC608C
:10D0C0000300378103BFDE02F009DA01BC6003010F
:10D0D000578000025E02F001430068DEAB0049E0C9
:10D0E00000A05E4F0477A100685E87004C2D0068A9
:10D0F0005E87044C2D03BFDE02F00E350180600117
:10D1000086EC37006EB083002A1C0068DE4F040AEC
:10D110001C03335E02F00A1C0180600184AC250010
:10D12000E030B3002C2C0392DE02F00A1C00E03049
:10D1300093002C2400B030830017A1006D3092F4CE
:10D1400029EB03BFDE02F00A1A0180600584AC25DA
:10D1500001BC60270897A100025E02F00127018749
:10D16000E006032C2A00B00143000C2B03835E026F
:10D17000F00A18006DC03305C9FB00E860BA0197DA
:10D18000A60080DE9B0117A500685E5F0009F6001F
:10D1900080DE9B0057A500B041B7000C360080B080
:10D1A000DB0C8C3600B041B7000C3600B030DB0031
:10D1B00010400000800000000001BC601B06D0652C
:10D1C00001BC600300B7A400025E02F001720068B7
:10D1D0005E9300AA0303835E02F00A18006DC0315B
:10D1E000842A1801BC6003064C3603BFDE02F00936
:10D1F000F70207C197000A0601385A070017BB0358
:10D20000BFDE02F00A07013C5A030017BB01BC60F5
:10D210001B0437A600E84196F4D7A300885E8F0070
:10D2200037A300E05E8EF777A500E05E970057A574
:10D2300003835E02F00A18006DC031842A18006D65
:10D24000C032F4AA1800E85E960197A60080DE9B23
:10D250000117A400685E5F000A130080DE9B005780
:10D26000A400B041B70017A40080DE930C97A4007F
:10D27000B041B70010400000800000000003BFDE96
:10D2800002F00A0C0386DE02F00CA103BFDE02F0FE
:10D290000D8B0180600184AC2501BC6003000C246F
:10D2A0000386DE02F00CA10287C037000C9E00024C
:10D2B0005E02F0123603035E02F00A1C03A9DE02CE
:10D2C000F00A2600025E02F0123602074037000A1A
:10D2D000210386DE02F00CA10287C037000C9E00FD
:10D2E000025E02F00EA3006E4030020A500301DE1F
:10D2F00002F00A500068DEAB000A37032B5E02F032
:10D300000A2C00E0022B00208A03BFDE02F00A3064
:10D3100002805217000A2F00E0024300209003BF52
:10D32000DE02F00A3000E0025700209500685E4FF0
:10D33000040D8500685E4F028D8500685E4F020B0C
:10D34000C100685E4F050E2500685E4F060E250081
:10D35000685E4F068E2F03BFDE02F00E350068DEDA
:10D36000AB002A49032B5E02F00A3B00E0022F00CB
:10D37000208B03BFDE02F00A3F02805217000A3EF4
:10D3800000E0024700209103BFDE02F00A3F00E008
:10D39000025B00209600685E4F06AB8E00685E4F11
:10D3A000042E4D00685E4F04AE4D00685E4F05AC24
:10D3B0003200685E4F062B8E00685E4F052E2300FC
:10D3C000A05E4FFF77A100685E87072E4000685E71
:10D3D0004F16AC3D03BFDE02F00BB503BFDE02F01B
:10D3E0000BB900E0020F00208301BC60030011ECC8
:10D3F00001BC600F0011E80284C03B0009C2018437
:10D40000E00609104803BFDE02F009C20200C09323
:10D4100000000203A35E02F00A5403C35E02F00A96
:10D420005303BFDE02F00D1100025E02F01236025D
:10D4300007C0AF000A5702074037000A540107C06F
:10D44000AF0017A100B85E870037A101825E860D8C
:10D45000906C00B0447F0007FE0183600209104811
:10D460000287C037000C9E0386DE02F00CA100028A
:10D470005E02F0123603435E02F00A5C0287C03798
:10D48000000C9E0301DE02F00A7B03305E02F00A0C
:10D490007B01BC601F15506500E04194F5306501CB
:10D4A00038402B001680012D406B0017A200885ECB
:10D4B0008B0137A202884027000A6A01846006D0E7
:10D4C000168000B05A02F456800205C027000A6D8B
:10D4D0000187E006D0168001BC601B0DD7A10002B9
:10D4E0005E02F0012700B0406700168101BC601B9E
:10D4F0000DF7A100025E02F0012700B040670016A0
:10D500008200B05A0B0017A100E85A06F437A200B7
:10D51000E15E8AF457A100E0DE86F457A100985E30
:10D520008700B7A100E01EA70067A900691EA70138
:10D530008A7B01BC60030007A902801FF7000A7DF7
:10D54000006E4030020B890381DE02F00A8A00E09F
:10D5500002170020850329DE02F00A8102902E279F
:10D56000000A8201BC6003002B8903A9DE02F00AD5
:10D57000860184E0060910480180E0020910480194
:10D5800084E002F7F7BF0386DE02F00CA1018060A1
:10D5900004FF87FC01806006F2979403BFDE02F06F
:10D5A0000B370068DE4F040A8D03335E02F00A8DEC
:10D5B00001BC6003000C2401836002F7F7BF03295C
:10D5C000DE02F00A910288AE27000AA301BC6003C4
:10D5D000000B8903AB5E02F00A9E00685EAB002A76
:10D5E000A200685EAB000A9C010C520F0017A1005C
:10D5F000685E87002A9800685E87004A9A03BFDE4B
:10D6000002F00AA203B0DE02F00A9E03BFDE02F0BF
:10D610000AA003B15E02F00A9E03BFDE02F00AA078
:10D6200003B35E02F00A9E03BFDE02F00AA001BC53
:10D630006003004B8903BFDE02F00AA301BC600354
:10D64000008B8903BFDE02F00AA301BC6003002B3C
:10D65000890386DE02F00CA103AB5E02F00AA8018A
:10D66000F0521300118601A5E00A30118003BFDEDD
:10D6700002F00ACA03A9DE02F00AAE0068DEAB00BF
:10D680004ACA00B0523B00179F00B0523B0017BE81
:10D6900001BC600300280803BFDE02F00ACA02874B
:10D6A0005E53000AD703A0DE02F00AB903BFDE0210
:10D6B000F007CA0190600A09104800B0523B0017F9
:10D6C0009F00B0523B0017BE019E5E8300B0EB018D
:10D6D00006520F0017A100B85E870037A10182DE55
:10D6E00086F577AB01BC610300308000E8523AF365
:10D6F000F7A2006BD23AF3EABC00E85E7E91D7A2B3
:10D7000000905E8B0097A101BC6023011064006B48
:10D71000523AF3EAC701185E870017A2010A5E8732
:10D720000017A300886006F457A200E04192F4704D
:10D730006400B05802F45600006BDEFA91CACA00C9
:10D74000B0523B0017BE03BFDE02F00ACA00025E01
:10D7500002F0164F00B0202300280800B0523B0012
:10D76000179F0320DE02F00AD702075E53000ACE9D
:10D770000180E00209104803BFDE02F00AD700680A
:10D78000DE5F000AD4021A5407000AD20103C02740
:10D790000017A101825E8610D0860102C027001703
:10D7A000A100E0422AF4308A0180E004FF87FC03F4
:10D7B000A9DE02F00AD700B05E4700108001085EC3
:10D7C0004F0017A100685E87002B0503AB5E02F0D7
:10D7D0000B0902005217000AEF0068DEAB004ADDB9
:10D7E00000E0025300209402865E53000B3702844F
:10D7F000520F000D130284D20F000AE203AC5E0246
:10D80000F00AED03BFDE02F00AF8032C5E02F00A14
:10D81000F800685E4F040AED0106D20F0017A10060
:10D82000808ECF0197A200E0015E0DB0640181DE21
:10D8300086C3F61F0187DE8624912400683077FFB7
:10D84000EAED00B04467000C1E02005E87000AED9E
:10D8500000E0446583AC1E00685E4F020B3703BFD7
:10D86000DE02F00B24031EDE02F00AF503315E0235
:10D87000F00AF50068DEAB004AF500808ECF019714
:10D88000A200E0015E0DB0640181E002C3F61F005A
:10D8900068DEAB004AFA00E0023F00208F03BFDEE3
:10D8A00002F00AFD00685EAB004AFD0280522F00C4
:10D8B0000B3702024107000AFD00685E4F040B3778
:10D8C00000685E4F028B370206DE53000B02002811
:10D8D000E01EF40B0200A044B703E14500B00513BD
:10D8E0000017A100E05E8428A14602844107000BD6
:10D8F0003701806006F2979403BFDE02F00B370316
:10D900002B5E02F00B3700685E4F05AB2400685EAB
:10D910004F052B2403BFDE02F00B370068DEAB009F
:10D920004B12006D8ECF002B1201BC6003000AB5B4
:10D9300001826002F5D7AE02805EFF000B10006826
:10D940002B4F000B1200E044655A4AD300682B6B42
:10D95000FFCB1200E02B6B002ADA02065E53000BAD
:10D960001500E0026300209803BFDE02F00B3703CE
:10D9700023DE02F00B1F0129500B0017A30068DE05
:10D980008F052B1F020680C7000B1A0182E001875A
:10D990002C390187E002107083018460020910486D
:10D9A00000B05E870017A1006EE003002B1E03D1BC
:10D9B000DE02F00B1F0068DEAB004B2100E0022707
:10D9C00000208900685E4F000B3700685E4F010B36
:10D9D0003700685E4F058B3700808ECF0197A2001D
:10D9E000E0015E0DB0650020DA7F140B370280473E
:10D9F000C7000B870329DE02F00B2D0102DEAF000A
:10DA000017A10106520F0017A200385E86F44B37AB
:10DA10000182DE8AF577AB00B052230011F200B02C
:10DA200052270011F300B0522B0011F40106520FDF
:10DA30000017A100E05E870031F500B0005B001127
:10DA4000F000B047C30018000134C7C70017A10099
:10DA50006EDE8402AB3701BC60030810420283C152
:10DA600007000B3B0301DE02F00B3A03B55E02F048
:10DA70000B3B02805E53000D1300B040330017A132
:10DA800001089FF70017A200685E8B006B4300E857
:10DA900040310497A102811FF7000B4300B020938F
:10DAA0000017A102809FF7000B4300B05E630017D0
:10DAB000A1006E5E84020B8900B05E870007F4014E
:10DAC000816000FF87FC0202C013000B4900E05E8A
:10DAD000840347F401816004FF87FC02011FF70003
:10DAE0000B8201035E530017A10187DE84FF87FCD0
:10DAF0000386DE02F00CA100025E02F012360385FE
:10DB00005E02F00B4C018E60023D11E80107C783F5
:10DB10000017A101825E84FF87FC02019FF7000BC2
:10DB2000550103C7970017A101825E84FFA7FD007E
:10DB3000B020330017A1018E5E84FFA7FD032A5E8B
:10DB400002F00B5D00025E02F00E870329DE02F098
:10DB50000B5C0301DE02F00B5C0182E0060D906CB1
:10DB600003BFDE02F008A401BC60030011EC01BC9D
:10DB7000600F0011E801846004FFA7FD01075EAF9C
:10DB80000017A10185DE84FF87FC00B04027000755
:10DB9000F600B0406B0007F800B0406F0007F900D6
:10DBA000B0402B0007F701BC601B0DD7A100025E3F
:10DBB00002F0012700B040670017A201BC601B0DF6
:10DBC000F7A100025E02F0012700B040670017A134
:10DBD00000E85E8AF437A200E15E8AF457A100E013
:10DBE000DE86F457A100985E8700B7A101BC5E866F
:10DBF0000147F700681F33000B7C018F6006012787
:10DC0000F600681F33002B7900B01FC70017A10072
:10DC1000025E02F0012700A04064F9D7A200B85EBE
:10DC200088FE17A103BFDE02F00B7A00A04138FE88
:10DC300017A10068DE87000B7C018F60020127F6C8
:10DC400001846004FFA7FD01075EAF0017A10185F5
:10DC5000DE84FF87FC00025E02F00EA301BC63FFBE
:10DC60001FD7A800025E02F0109A00025E02F00EBA
:10DC70008701A8600A00900402011FF700163B000C
:10DC8000A8401300500403BFDE02F0072000E002AA
:10DC9000870020A103BFDE02F00B8A00E0020B0028
:10DCA000208203A9DE02F00D1301846006091048EA
:10DCB0000184E00609104803BFDE02F00D13032BB8
:10DCC0005E02F00BB10068DE4F06AB9200E0023B53
:10DCD00000208E03BFDE02F00B9300E0023700202D
:10DCE0008D0323DE02F00BB50068DE4EF1CBB502EA
:10DCF0000680C7000B970182E001872C390187E07D
:10DD0000021070830184600209104800B05E870031
:10DD100017A1006EE003002B9B03D1DE02F00B9CE9
:10DD200000685E4F062BAF01BC6003000833032977
:10DD30005E02F00BA10203DEB3000BA20191601A98
:10DD400084F4270183E002F597AC020200BF000BC8
:10DD5000AE0206ABD3000BA7020345AF000BA9012F
:10DD600085E0062D716B03BFDE02F00BA9020345AF
:10DD70006F000BA90185E0062B715B02045EB30006
:10DD80000BAE0187E0021070830183E002091048A6
:10DD900000025E02F0159303BFDE02F00BB5020530
:10DDA000500B000BB50182600609104803BFDE026C
:10DDB000F00BB500025E02F00BBC0068DE4F062BD4
:10DDC000B500E0024F00209303BFDE02F00BB50365
:10DDD000AB5E02F00BB702044107000BBA028341AD
:10DDE00007000A5003BFDE02F00BBA0284410700AD
:10DDF0000A5001806006F2979403BFDE02F00A50D9
:10DE0000028700C3000BC00068D213000BC001BC26
:10DE1000600300118301BC60030011820002DE0276
:10DE2000F00000039F5E02F00BC4039EDE02F00EC2
:10DE30003502035E53000E35010C81430017A1002B
:10DE400068DE87002BC9010001630017A10102C031
:10DE5000270017A20038DE86F44BB903AB5E02F050
:10DE60000BCB02005217000BB90280522F000BCDD2
:10DE700003335E02F00E3502181DF3000BF101BCF6
:10DE8000601B06106501BC60031BB7A400025E02A4
:10DE9000F0017200B05E8F0017A60068DE931BAB26
:10DEA000ED0207C197000BDA01385A070017A101EC
:10DEB0003C5A070017A201BC5A0AF457A2013C5A67
:10DEC0000B0017A301BC5A0EF477A303BFDE02F0C8
:10DED0000BDD013C5A030017A100B05A070017A23E
:10DEE00000B05A0B0017A3006D5E87008BE701BCE2
:10DEF00061BF0A17A50068DE8AF4ABE201BC6027A7
:10DF00001357A500685E8EF4ABE601BC605F001796
:10DF1000A50068DE8AF4ABE701BC60171E57A500B8
:10DF200068DE8EF4ABE703BFDE02F00C2900D85E9A
:10DF3000870037A100E14196F4306500E1C1970008
:10DF4000306501F041970017A200E05E8B0077A2D8
:10DF5000006D5E8AF4CBD000E840330097A5006ED8
:10DF60005E96004C2900B01DEF0017A10068DE840A
:10DF70000A0E35023C523F000C02013C523F001792
:10DF8000A10068DE84048C2701BC600316106401C4
:10DF9000BC601B06306500685E87002BFE00B05A2F
:10DFA000030017A20068DE8AC00C2700E04197003A
:10DFB000306500E0419300306400E85E870057A1BF
:10DFC000006A5E87002BF700685E87000C0301384B
:10DFD0005A030017A1013858030017A20068DE8613
:10DFE000F44C2703BFDE02F00C030285C107000ECC
:10DFF0003501BC601B06106501BC600305B7A400B9
:10E00000025E02F00172028000C3000C2701BC60B6
:10E01000131417A600E0017F00B7A5006D5E96F40B
:10E02000CC0B01BC60130C97A500685E940BCC2B45
:10E0300000B0017B00106500B052270017A200B0AD
:10E04000522B0017A3006841940BEC160068DE8E7B
:10E05000D04C1200685E8AD02C2700E0419700B0B7
:10E0600065006D4196F4CC0F01BC60130C90650304
:10E07000BFDE02F00C0F00E0028B0020A200B00116
:10E080007F00106500B0522300168000B0522700B8
:10E09000168100B0522B00168200808ECF0197A20D
:10E0A00000E0015E0DB0640203587F000C2001BC4B
:10E0B000602F0037A103BFDE02F00C2101BC520229
:10E0C000F2F7A101A95E02F43683009044670116BD
:10E0D00084020281AB000C250068DE9305AC2601AA
:10E0E000846006D0968400B05E9700005F020781CE
:10E0F000AB000C2901806006F2979403AB5E02F03E
:10E1000007DF03BFDE02F00A5000E0028F0020A309
:10E1100003BFDE02F00BB903835E02F00C2F006D2B
:10E120004033038C2D006D4033038BB9032B5E020B
:10E13000F00E3903BFDE02F007DF032B5E02F00CA6
:10E140003700E0023300208C020681AB000C360160
:10E1500083E005872C3903BFDE02F007E100E0020F
:10E160004B002092008800230037A200E05E880068
:10E17000F7A200E0001AF451890186E00630118010
:10E1800003BFDE02F00BB5032B5E02F00C3800E09B
:10E1900013530024D403BFDE02F007DA020452470F
:10E1A000000BB501BC601F10F06401BC6003017777
:10E1B000A101BC63FF1FE79300E04186F4306501D5
:10E1C000BC63FF1FF60000E05E870077A100025EDF
:10E1D00002F00F1F0200C077000BB5012940770045
:10E1E00017A2006D5E8B04CBB500E85E8B04D600F1
:10E1F00001BC601F05F06300E0418EC010630200A7
:10E20000D603000BB502065603000BB50184E006E9
:10E21000F597AC0116D6030017A200885E8B007735
:10E22000A200E0019EF4506500B041970004C201D5
:10E23000BC602B1817A100B05A0F0017A200025E95
:10E2400002F0012B01BC602B1837A100B05A13005B
:10E2500017A200025E02F0012B00B0418B0004D92E
:10E2600003BFDE02F00BB503A2DE02F000C203A37F
:10E27000DE02F00C7A00E001FF00207F01BC6003A9
:10E280000017A303BFDE02F00C7C018760040310BB
:10E29000A001BC60030051E400B0479300180001E6
:10E2A000BC600302900401BC620F0011E001BC607D
:10E2B0000F0131E800B047A300180001BC600F0057
:10E2C00011E801BC60030131EC00B047B300180055
:10E2D00001BC60030011EC018460060910480020B5
:10E2E000601E090C7100E001FB00207E03BFDE020E
:10E2F000F00C8501BC60030ED7A101140063001768
:10E30000A200E05E86F4506500E05A030036800209
:10E310000300C7000C7703A95E02F00C7C02915049
:10E320009F000C7B0191601A84F42703BFDE02F08A
:10E330000C7B00E001FF00207F01BC60030037A3DD
:10E340000323DE02F00C850183E0020910480184FA
:10E350006002F597AC01BC6003000ABB01BC60031E
:10E3600000178E020680C7000C830182E001872C13
:10E37000390187E0021070830182600209104803AE
:10E38000D0DE02F00C8603D05E02F00C870182E042
:10E390000209104803D5DE02F00C8901BC600300BD
:10E3A00010B401BC600300F7A1006800A7000C8D49
:10E3B0000185421AF437A100025E02F0012700B085
:10E3C00040670017A501BC63FF1FF7A200025E02B1
:10E3D000F0012B008860070157A400B85E86F4970F
:10E3E000A100025E02F0012B0283C21F000C940008
:10E3F000025E02F0114C02844523000C9603D0DE2D
:10E4000002F00C9800685E8F0000020020E01E09F8
:10E410000C9C00B05E9700142E03BFDE02F0036E6A
:10E4200000A8412300F04803BFDE02F00002018390
:10E43000600209104800E0021300208403BFDE02DE
:10E44000F00CA401BC6007001042006E4030020CCA
:10E45000A400E0027700209D00025E02F0170A038C
:10E46000A35E02F00A5003C6DE02F00CA7032ADE08
:10E4700002F00CAE00B0304700080800B0304B008E
:10E48000080900B0304F00080A00B0305300080BF4
:10E4900000B0305700179F03BFDE02F00D13018458
:10E4A000E00609104803BFDE02F00D13020681AB3F
:10E4B000000CB30281B0E70000BD028330E700002A
:10E4C000BD028445230000BD0320DE02F00CBB002A
:10E4D00068A0C7000CB801BC609F0217A100E0440F
:10E4E00066F42831006B4465062CBC0020E102096B
:10E4F00000BD00025E02F00D2F01BC600300083178
:10E500000020E38A0900BD028445230000BD00B05D
:10E510005E870017A103915E02F000BD0396DE0244
:10E52000F000BD03965E02F000BD00025E02F00D39
:10E530002F00E10DB228E36C00E08DB700036D0100
:10E54000BC600300114701BC60030060200068014B
:10E5500073000CD701BC60130890E600025E02F065
:10E56000016A00B001730010E401BC600300000602
:10E5700001BC600300005C01BC600301D78201D2D2
:10E58000DE0877F0E000B00F030010E100B00047B4
:10E5900000108600B00F1F00108A01BC6003003716
:10E5A0008100025E02F010700190600A09104801BB
:10E5B000BC610300308003BFDE02F0000201BC60DA
:10E5C000030030420187E00224712300025E02F062
:10E5D00014DB03975E02F00D4303125E02F00CDAC7
:10E5E00001BC600300402001BC6003000B8901BC3A
:10E5F000600300114901BC618300112500B0007B5C
:10E6000000112701BC60130C805E01BC60130C80FC
:10E610005F0180E006F5D7AE0107C1070017A10131
:10E62000805E86F577AB01BC600F0011E801BC622B
:10E630000F0011E000025E02F00CF701BC61CF0C8C
:10E64000105C01BC600300105D01BC61CF01F05E95
:10E6500001BC603B0AF05F01866005610B080002A7
:10E660005E02F0145C01866001610B0801BC60036E
:10E6700000082E020300C700001201BC6003000660
:10E68000B201BC60030006B701BC60030006BC0118
:10E69000BC60030006C103BFDE02F0001201BC60D3
:10E6A000430017BB00A04122F7704801BC63FF1F65
:10E6B000F05401BC63FF1FF05501BC63BF1FF0564F
:10E6C00001BC63FF0FF05700025E02F0170A0187DA
:10E6D000E00624712301BC600300105401BC6003F8
:10E6E00000105501BC600300105601BC600300100F
:10E6F0005701BC600F0020170106C1070017A101D8
:10E70000825E8402E017010741070017A100B85E8E
:10E71000870037A10180DE870000160002DE02F0CC
:10E7200000000285C03700000200025E02F01236CF
:10E7300002864037000D0A00E0021B00208601BC63
:10E740006003010B890386DE02F00CA10287C0374B
:10E75000000CA100025E02F017D003BFDE02F00041
:10E760001201B8600A04902403AA5E02F00D16019B
:10E7700058600300102A01BC600302900400B040FE
:10E78000130018000183600209104801806000FF37
:10E79000A7FD00025E02F0123603855E02F00D1A3C
:10E7A00001BC620F0011E001BC600F0131E800B054
:10E7B00047A300180001BC600F0011E801BC600312
:10E7C0000157A100E85E870037A10068DE87000DD1
:10E7D0002101BC600302900400B040130018000146
:10E7E000BC60030131EC00B047B300180001BC600D
:10E7F000030011EC0324DE02F0072001866006F519
:10E8000077AB00025E02F00D2F01806006103081B0
:10E8100000B05E870017A10180600210308103BF45
:10E82000DE02F00720020601AB000D31018060011D
:10E83000872C3901BC610300108000B0420300182E
:10E8400000006EE003002D3403505E02F00D37002F
:10E85000015E02F0000003BFDE02F0039401846059
:10E8600002F597AC01BC6003000ABB00A841230479
:10E87000F048018260020910480206DEAF000D3E3A
:10E8800003D5DE02F00D3E0350DE02F00D3C01BC6C
:10E8900060030010B40284C783000D4101BC600B0B
:10E8A0000011E0018E6002F577AB0002DE02F0009D
:10E8B0000003A2DE02F000BD02BC4287000D4A0147
:10E8C000BC60030037A401BC60031FF7A301140060
:10E8D000630017A200886006F457A203BFDE02F0AF
:10E8E0000D4F008860070117A401BC63FF0017A348
:10E8F000011400630017A200E05E8B0117A20088DC
:10E900006006F457A201BC60131B906501BC601B3C
:10E9100018506401BC60030017A50020C286F48D66
:10E920005900E0419706D06500E0419301F0640092
:10E93000E05E970037A500885E930037A400205E54
:10E9400092F46D7803BFDE02F00D520068DE92F49F
:10E950004D5E00680083006D5E03A0DE02F00D5E78
:10E960000020C123160D5300025E02F00D2F006D32
:10E97000DE93200D74020300C7000D68006DDE9762
:10E98000008D6801BC600300160801BC600300161E
:10E990000901BC600300160A01BC600300160B01EC
:10E9A000BC600300160C01BC600300160D01BC60C6
:10E9B0000300160E02005AC3000D73023C5A9F005A
:10E9C0000D7300680083006D730385DE02F000BDE7
:10E9D00003855E02F000BD03A2DE02F000BD03A3CA
:10E9E000DE02F000BD0397DE02F000BD00B04197EB
:10E9F0000010600191600A84F42703BFDE02F00377
:10EA00006E01806002D616B000B05E930010A101C6
:10EA1000836002F7F7BF01BC600300304303BFDE31
:10EA200002F00D53006880830060BD03BFDE02F07A
:10EA30000CDB0283C21F00000200B05E870017A13A
:10EA400003D0DE02F0063D01BC6003041042039EC9
:10EA5000DE02F0001200B05E3F00114501BC600311
:10EA600000178F00B05E4300178500B05E0F0017DF
:10EA70009000025E02F00D2F03BFDE02F0001200D4
:10EA80006D4033058BBA03AC5E02F00D8A00685E00
:10EA90004F028DEB00E0026700209903BFDE02F019
:10EAA0000DEB00685E4F028DEB028030DF000D8EB3
:10EAB00000E0025F0020970180600586EC370002CD
:10EAC0005E02F00EAF01866002F5B7AD0182600212
:10EAD000F5D7AE01BC6003000AB5039EDE02F00D5F
:10EAE000A00321DE02F00DA000E0026F00209B00D9
:10EAF000025E02F00D2F0186600209104800A84155
:10EB00002301304801BC60030210420280441F0010
:10EB10000D9F00B05E3F00114501BC600300178FE0
:10EB200000B05E4300178500B05E0F00179003BF72
:10EB3000DE02F00DA000A044B6F07145028200C3D1
:10EB4000000DEB00B000730017A100E05E86B01767
:10EB5000A100E15E7AF4379E00E1DE7700179D00A8
:10EB6000E1DE7300179C00E0DE6F00179B039EDE62
:10EB700002F00DAF006E5E6E924E21006D5E6E92E1
:10EB80004DAF006E5E72922E21006D5E72922DAFBF
:10EB9000006E5E76920E21006D5E76920DAF006D76
:10EBA000DE7A91EE2102003097000DB400B05E7B5A
:10EBB000000C3200B05E77000C3300B05E73000CC6
:10EBC0003400B05E6F000C35028201AB000DC50051
:10EBD000B0446700082D00B0446B00082C00B0441E
:10EBE0006F00082B00B0447300082A0068A0B62309
:10EBF0002DAF00E920B6F3D79E00E9A0B2F3B79D90
:10EC000000E9A0AEF3979C00E8A0AAF3779B00E18F
:10EC10005E7A91F7A100B05E8700111900E1DE76FF
:10EC200092111A00E1DE7292311B00E0DE6E925109
:10EC30001C0068DE86232DBE03BFDE02F00DEB0054
:10EC4000E9523EF3D7A100E9D242F3B7A200E9D2DC
:10EC500046F397A300E8D24AF377A400880ECF00CA
:10EC600057A500E0015EF4B06400E95E86C9A781A3
:10EC700000E9DE8AC9C78200E9DE8EC9E78300E8C1
:10EC8000DE92CA078400808ECF0197A501BC601F69
:10EC900007778000E05E020DB06500885A0F00F72C
:10ECA000A500B05E970817A50134DA0F0017A6007B
:10ECB000E95E94F037A500E8DE98F057A6017BDE08
:10ECC00096F4D7A500685E96D06DEB00E85E96D00E
:10ECD00077A600B05E9700168300685A13000DDD1A
:10ECE00000E05A16F4D68500685A1B000DDF00E0DC
:10ECF0005A1EF4D68700885E9B00F7A10134DE9B84
:10ED00000017A201BC60030017A301BC6003001739
:10ED1000A40069DE9B000DE701BC63FF1FF7A301A0
:10ED2000BC63FF1FF7A401C3DE8EF457A200E959AC
:10ED300036F4364D00E9D93AF4564E00E9D93EF49E
:10ED4000764F00E8D942F49650031EDE02F00E2101
:10ED5000039F5E02F00E2100685E4F028E21032C9D
:10ED60005E02F00E2101BC601B06D06501BC600391
:10ED700000B7A400025E02F0017202003097000D9D
:10ED8000F600685E9300ADF600E030C7002C31035A
:10ED9000BFDE02F018840068DE9300AE210207C1D6
:10EDA00097000DFC013C5A070017BB013C5A0B00B1
:10EDB00017A101385A07000C2603BFDE02F00DFF31
:10EDC00001385A070017BB01385A0B0017A1013C44
:10EDD0005A03000C2600B05E87000C2700808ECFFF
:10EDE0000197A200E0015E0DB06400B05EEF001676
:10EDF000280181DE86C3F61F00683073FFEE08022B
:10EE0000005E87000E080088307300712600903085
:10EE10007301B12800683077FFEE0C00B044670042
:10EE20000C1E02005E87000E0C00E0446583AC1EE1
:10EE30000187DE86249124020680F3000E100181F2
:10EE4000E002C3F61F0187E00224912402003097FC
:10EE5000000E2100E030B7002C2D028680F3000E5A
:10EE6000140281D87F000E1F00B0309F0017A10050
:10EE7000025E02F00F0802805E8B000E1F00E85E4B
:10EE80006984D7A100685E85846E1B00E030BF00F6
:10EE90002C2F03BFDE02F00E1F00E030BB002C2E33
:10EEA00001BC6003000C2501BC600700104303BFD8
:10EEB000DE02F00D1300E85E6984CC2303BFDE029E
:10EEC000F0188403AB5E02F007DF03BFDE02F00A36
:10EED00050032B5E02F00BB903BFDE02F007DF0325
:10EEE000AB5E02F00E28032C5E02F00BB903BFDE0E
:10EEF00002F00E3900B052230011F200B052270088
:10EF000011F300B0522B0011F401BC60030091F525
:10EF100001BC600308104200B0005B0011F003BFA9
:10EF2000DE02F007DF0138523F0017A102065E53F0
:10EF3000000E320138524B0017A10068DE87008EA8
:10EF40003503AB5E02F007DF03BFDE02F00A5000BC
:10EF500068DE4F020E38020781AB000E3801806078
:10EF600006F2979403AB5E02F007DF020000F300A5
:10EF70000E3E0206DE53000E3E01185E830017A10E
:10EF80000068DE8700AE3E01BC600B025142020009
:10EF90005217000BB903BFDE02F00A5001BC600338
:10EFA00000118301BC6003001182032C5E02F00E8D
:10EFB000450199E00620110003BFDE02F00E490171
:10EFC00019402F0017A100685E87000BB50199DE7C
:10EFD0008620110003315E02F00BB500A05E3B00FD
:10EFE00097A200205E4EF44BB501846002091048E0
:10EFF00003BFDE02F00BB503AB5E02F00E50000261
:10F000005E02F00BBC03BFDE02F00BB50068DE4F02
:10F01000042E5400B0523300179F00B0522F00103E
:10F02000EB0281522F0007CA00E002AB0020AA02C7
:10F0300081522F000B9303295E02F00E5A0203DE69
:10F04000B3000E5A0191601A84F4270183E002F59F
:10F0500097AC0208522F0007DF03BFDE02F00A5010
:10F0600001BC600300106701BC6003001046018012
:10F07000E0060930490282C11F000E6401BC603FF6
:10F080001FF06501BC600300168000E84197003066
:10F09000650069C197000E6101BC600B0017940107
:10F0A000BC60030017AB01BC60030017AC01BC607F
:10F0B000030017AD01BC60030017AE01BC60030084
:10F0C00017BF01BC63FF1FF7B501BC600300202020
:10F0D00001BC60030017A100025E02F001270138A5
:10F0E0004067000028011C406700002901BC600344
:10F0F00000504901BC60030017A701BC6003001762
:10F10000A801BC60030017A901BC60030017AC0193
:10F11000BC60030017AD0182E0060F10780206C143
:10F12000E3000E77006880A7000E7A03BFDE02F0CE
:10F130000E7B006880A7008E7B01BC60130260001C
:10F1400001BC60230E400101BC63F318600201BCE6
:10F15000614B15600301BC600300000401BC604307
:10F1600005200501BC601B04306101BC6017025022
:10F170006001BC600300082200B05E0F001785002C
:10F18000A044B6F0714503BFDE02F00CC30183E07A
:10F19000060F107801885E5CFEC7F601BC601F1E7A
:10F1A000900701BC6003019008018860060090048C
:10F1B0000386DE02F00CA10305DE02F00E8C03864E
:10F1C000DE02F00CA10385DE02F00E8E00B05E8739
:10F1D0000017A1006EE003002E920386DE02F00C01
:10F1E000A1006EC0146FEE9501BC600700104200D4
:10F1F00002DE02F0000003215E02F00E9A00E02021
:10F200004AF4281200B0204B00178B03BFDE02F037
:10F210000EA2028150C7000E9F011C509F00178B49
:10F2200000E05E2EF4378B019C5E2E84F42703BF32
:10F23000DE02F00EA2011E509F00178B00E05E2E32
:10F24000F4378B019E5E2E84F4270002DE02F0006C
:10F2500000006800A7008EA80102C0270008210056
:10F260006880A700AEAE00E020870028210002DE03
:10F2700002F0000001BC600300282101BC402B000B
:10F2800017A100985E870117A10098402B0117A2D3
:10F29000006ADE8AF42EAE01BC6003008821000201
:10F2A000DE02F00000028280BF000F0700B0418F35
:10F2B00000081300B0418B00081400B04467001729
:10F2C000A2017BDE8A2357A101BC601F0770650184
:10F2D000BC60030017A201BC601F03D06401BC60C6
:10F2E0001F11506300685A03000EFE01BC601F0F1F
:10F2F000B06200E0418AF450620090540300F7A627
:10F30000006B5E86D06ED400B05A030017A300E0F5
:10F310005A0EF4D58000E05A0EF4768300E85A2F96
:10F3200000368B0069DA2F000EC300E85A0700365A
:10F330008B006CDA0EF42EBE00E85A0EF437A400EF
:10F34000905A030077A5006EDE92F4AECA01BC604D
:10F350000300360001BC600B00104301BC600300D9
:10F36000278900205A0B080ECD01BC6003002792AC
:10F3700003BFDE02F00ED400205A0B140ED400207E
:10F380002C27080ED000205A0B040ED401866006EC
:10F39000F5B7AD0088009B00D1260090009B01517D
:10F3A0002801BC6303001124006B5E86B00EDC00F4
:10F3B000685A13000ED901886006D0568200B056F4
:10F3C000030017A400E05E92D0968500E05A0EF488
:10F3D000D58000205A0B080EDC01BC6003000792A8
:10F3E00000685A13000EE4006B5E86D0AEE401881C
:10F3F000600AD0568200B056030017A400E05E9267
:10F40000D0968501BC600300360101BC600B001082
:10F410004301BC600300278900685A1B000EFE00F0
:10F420006B5E86D0EEFE02015A0B000EF300E85A26
:10F430001B00368600B05A270017A300E05A1EF4BE
:10F44000768701BC601F11D06200E0418AF45062EF
:10F4500000B05A2B0017A300E05402F47500020319
:10F46000D403000EF100E05A1F0036870130540328
:10F4700000150001816002D0568203BFDE02F00E4B
:10F48000F600B05A230017A300E05A1EF476870155
:10F49000816006D0568200685A1B000EF8006CDAB4
:10F4A0001EF42EE602015A0B000EFB01BC600300A5
:10F4B000360203BFDE02F00EFC01BC60030036031F
:10F4C00001BC600B00104301BC600300278900E011
:10F4D000419701906500E05E8B0037A200E0419308
:10F4E00000906400E0418F003063006D5E8B008E01
:10F4F000B802981DF3000F0501BC600300079200DD
:10F50000B0204F00106300B020530010620002DEF4
:10F5100002F0000001BC60030017A20068018B002C
:10F520000F1E0090018B0077A201806002F437A1CA
:10F53000006E5E86F44F1E0207C197000F1001385F
:10F540005A070017A303BFDE02F00F11013C5A0354
:10F550000017A300E85E8F0097A300E85E8AF437E7
:10F56000A2006A5E8AF46F1E00D0419700306400EA
:10F57000E05E8B00B7A300E04192F4706400D841D4
:10F58000930030640207C193000F1B013C58030035
:10F5900017A103BFDE02F00F1C013858030017A1AA
:10F5A00000A0018B00F7A200905E86F457A2000233
:10F5B000DE02F0000000B05A0300101F00B05A072E
:10F5C00000102000B05A0B001021018060070010CD
:10F5D0001D02804077000F230002DE02F0000001D0
:10F5E00087E002F577AB03915E02F000020020E3B2
:10F5F000FE0900020200421F0000020068C2F30080
:10F600000002028445230000020068C017000002C7
:10F610000068AB9700000200025E02F00EAF0068C7
:10F620003073FFEF310207C493000F3C006830775E
:10F63000FFE00200683077FFEF350068307B000F95
:10F640003B006BC46583CF3C03BFDE02F0000201C8
:10F65000BC601F07706400E041930617A20068D8E1
:10F660002F000F390281D80B00000200E041930106
:10F670009064006D4192F44F370287C493000002FA
:10F6800000689E4B00000202815E53000F4A028315
:10F69000411F000F400281DE53000F5B01BC60037D
:10F6A00000115101BC600300115201BC6203001142
:10F6B0005301BC600300515001896006F297940128
:10F6C000BC60E700107701BC600300107601BC60ED
:10F6D000031117A300025E02F0013403BFDE02F043
:10F6E00000020280C54300000201F0C54700115628
:10F6F0000107C5470017A101F0C54AF4315500B014
:10F70000455700107700B0455B00107601BC6003E0
:10F710000E97A300025E02F0013400B04557000CC2
:10F720001000B0455B000C0F01BC600300115501D7
:10F73000BC60030011560090303F00CC0F00B03089
:10F74000430017A101AD5E8581EC0F0189600AF2CB
:10F75000979401BC60030810470392DE02F00FAFDC
:10F76000020480BF000F6001BC63FF1FE7F301BC10
:10F7700061FF1FE80E03BFDE02F00FB101866002D9
:10F78000F597AC01BC601F07706501BC601F0FB02E
:10F790006401BC60030037A101BC60030017A30033
:10F7A000685A03000F9D01BC60030017A502035AAD
:10F7B0000B000F6E02805A0B000FAF00E9440AC025
:10F7C00017BB00E8C40F0017A4017BDEEEF497A47A
:10F7D00000685A13000F7C03BFDE02F00F79006847
:10F7E000DE87002F700203DE53000FAF0203DA0B37
:10F7F000000F8400B05A0F0017A400685A07002FAA
:10F800007500685A2F002F7501BC60030037A500F2
:10F81000685A13000F79006CDE92D0AF7900B05AAD
:10F82000170017A401BC60030037A500201CBAF420
:10F830002F7C00685A1B000F9703BFDE02F00F7F7A
:10F8400000885E870097BB00201CBAF76FAF0201EB
:10F850005A0B000FAF006CDE92D0EF9700B05A1F2A
:10F860000017A400201CBAF42F8301BC60030037EA
:10F87000A503BFDE02F00F970202DA0B000F9D0214
:10F8800004C107000FAF00B05A0F0017A400E85AD8
:10F890002F0037BB0069DEEF000F8A00E85A07002F
:10F8A00037BB013C016F0017800068DE03000F903A
:10F8B0000138016F00178000685E03000F9300E8B5
:10F8C0005E030037BB03BFDE02F00F9300E85E0368
:10F8D0000037800080DE02D0378000E05EEE0DB79A
:10F8E000BB00685EEF000F9700E05E92D017A400A7
:10F8F000E85EEF0037BB03BFDE02F00F9300685EE7
:10F900008F000F9A006B5E92F44F9B03BFDE02F0F4
:10F910000F9D01BC60030037A300B05E930017A2E7
:10F9200000B05E970017A600885E870037A100E050
:10F93000419701906500E04193003064006D5E875F
:10F94000020F6500685E8F000FAF00B044670017BC
:10F95000A5017BDE962357A500E85E8AF4B7A400D4
:10F96000885E9300E4DB00905E9301271D00B001E8
:10F970002B0017A300689C77000FAA006E936EF40B
:10F980006FAF03A65E02F00FAF00B05E9B0007856D
:10F9900000E9136EF467F300E89C7700080E03BFDC
:10F9A000DE02F00FB100681E1700000203BFDE0286
:10F9B000F0105901BC61030011230069203B000FC6
:10F9C000B50180E006F2979403BFDE02F00FB701A5
:10F9D00080E002F2979403BFDE02F000020068416B
:10F9E00027000FC602844523000FB8006800A70057
:10F9F000AFBC006800A700CFBC006880A7010FBFA4
:10FA000000B044670017A100E84466F437A2006D17
:10FA10005E8B004FBD0280C127000FC10392DE0242
:10FA2000F010590392DE02F00CE700025E02F014BF
:10FA3000E700025E02F0113D00025E02F0113800A4
:10FA4000025E02F0114801BC600F0011E8031EDEE7
:10FA500002F00FCD01BC600300105C01BC6003002C
:10FA6000905D01BC605304105E01BC600300105F38
:10FA700003BFDE02F00FD101BC600B00105C01BCC3
:10FA8000600300905D01BC604304105E01BC600334
:10FA900000105F01BC6003000C1E01BC600300800D
:10FAA00020028500BF00106000B01FCF0011510080
:10FAB000B0203B001152006E1FCE2A8FDA0068A0E2
:10FAC0003B000FDA00E01FCE23280F03BFDE02F059
:10FAD0000FFB00B0446700080F00E91FCE2A9151C8
:10FAE00000E8A03B00115201BC61FF1F707701BC10
:10FAF00063FF1FF07601BC60031197A300025E0252
:10FB0000F0013400B0454B00107700B045470010BD
:10FB10007601BC60030F17A300025E02F0013401FE
:10FB2000BC602F1AB06500B0455700169100B04573
:10FB30005B00169200B0440B00169300B0440F0017
:10FB4000169401BC63FF1FF15201BC63FF1FF1510A
:10FB500001BC600300115501BC600300115601ACEB
:10FB6000607F029075028741D7000FEF00B041DB44
:10FB70000003B100B041DF0003B200B044670008E9
:10FB80002D00B0446B00082C00B0446F00082B001F
:10FB9000B0447300082A00E14464FE6C1A00E0C41B
:10FBA0006901CC1B01BC600302315000B045430029
:10FBB000180000686003000FFB01BC6003001040E8
:10FBC00000008000000000020480BF000FFF03124D
:10FBD000DE02F00FFB0068C55700100701BC602F64
:10FBE0001AB06500B05A4700115500B05A4B0011C9
:10FBF0005600B05A4F00110200B05A5300110301D1
:10FC0000BC60030017A701BC60030017A801BC601B
:10FC10000300006601AC607F0F1075028741D700BA
:10FC2000100900B041DB00115100B041DF0011525A
:10FC30000068454700101000E91FCE2A87F300E84E
:10FC4000A03B00080E01866006F597AC01BC60037E
:10FC500000107701BC600300107601BC60030F1731
:10FC6000A300025E02F0013401BC600300115002E7
:10FC70008445430010150207C1E300101600B0448C
:10FC8000670017A100685E862330180182E0060F26
:10FC900010780206C1E300101A01BC600300402086
:10FCA00001BC60030000660186600620110001BCF3
:10FCB000606300107B01BC601B00107A01AC607FA8
:10FCC000029075028741D700102100E941D87637AC
:10FCD0009C00E8C1DC76579B00B0303F0017A100C4
:10FCE00080DE72F4379D00B041B700179E0080DEC1
:10FCF0006EF4379C00E15E760DB79D00E0DE730088
:10FD0000179C017D5E7AF3B7A1017D5E76F397A221
:10FD100000905E730157A300E120B6F4311900E1B1
:10FD2000A0B2F4511A00E1A0AEF4711B00E0A0AB48
:10FD300000111C00E10DAAF4236A00E08DAEF4432B
:10FD40006B00B0441F001800008844230157A30033
:10FD500090442300D7A400B0440B0017A100B04486
:10FD60000F0017A200E95E862337A100E8DE8A2390
:10FD700057A20069DE8B00104100E1440AF47102D1
:10FD800000E0C40EF4910300E85E230037880069A8
:10FD9000DE2300103600E8002700378803BFDE02AC
:10FDA000F010360186600220110001BC60030040A3
:10FDB0002000E9306A2337A100E8B06E2357A20083
:10FDC00068DE8B00105001BC604F1117A3006DDE80
:10FDD00086F4705001BC600300104001BC60030059
:10FDE000105D018260060BF05F00D05E8700713409
:10FDF00001E1DE8A26913501BC6303001133000066
:10FE00008000000000018260020BF05F02865EB39A
:10FE100000105900681E1700105901BC60430017FC
:10FE2000A100E04466F4378001BC6003000789004C
:10FE3000025E02F00EAF006C4466F0105900681EBE
:10FE40002700105503BFDE02F00F5B0200DE5300F7
:10FE500010630180E002F2979400025E02F0113B11
:10FE600001BC600300104003BFDE02F0105E00E042
:10FE700044640957A103BFDE02F0106301BC6003B4
:10FE800000104000B0012F0017A100E0012AF4315A
:10FE90000900B0012F00110901BC61CF0C105C01F9
:10FEA000BC600300105D01BC61CF01F05E01BC606D
:10FEB0003B0AF05F00025E02F0114400025E02F0B5
:10FEC000114B00025E02F0114101BC600300078586
:10FED000006D80A7008CE700E044670477A100680C
:10FEE000DE8623306E03BFDE02F00CE701885E067B
:10FEF00010D08601025E070017A101825E8610D035
:10FF0000860002DE02F0000000B00047001086010B
:10FF1000082047001781013852030017800102C0F2
:10FF2000270017A600025E02F015F80068204700BF
:10FF3000507B00B0540700178000025E02F0107082
:10FF4000006820470030830068A04700107F021A35
:10FF500054070010830103C0270017A103BFDE026E
:10FF6000F010820106C03B0017A101825E8610D00E
:10FF7000860002DE02F0000000B054130017A1005A
:10FF800068DE4F16B08700B054130017A10200DEE0
:10FF90000700108F00B0418B00106501BC600301A9
:10FFA000D7A10068DE4F16B08C01BC60030297A198
:10FFB00000025E02F0160B00E05E8400F7A103BFB2
:10FFC000DE02F01094020480F300109402025E0737
:10FFD00000109402805E070010940090001B003710
:10FFE000A200E85412F457A10002DE02F000000261
:10FFF0000400BF00109800025E02F011E903BFDEAA
:020000041004E6
:1000000002F0109900A044B6F0B1450002DE02F003
:100010000000020000BF0010AA0068ABEF0010AAA9
:1000200000E05EA30037A8006D5EA005D0AA00B076
:100030002E2F0017A100025E02F0012700B04067DA
:100040000017A20068DEA3FFF0A700B05E897197D9
:10005000A2006D00A70090A6006DA0870050A80325
:10006000BFDE02F010A70068A0870010A800B85EED
:10007000897197A200025E02F0012B01BC600300AF
:1000800017A80002DE02F0000000D85A030117A2F0
:1000900001B85A06F457A200B0560300083600B063
:1000A000560700083700B0560B00083800B0560F4E
:1000B00000083900B0561300083A00E05612F44820
:1000C0003B00B05A0300083401385E8B000835004D
:1000D000B020EF0017A401BC60030017A200B041DC
:1000E0009300106500B85E92D017A400E05E06F49D
:1000F000506300F05E930017A300F05E930077A4B6
:1001000000E05E8B0037A200B85E92F477A400E0B6
:100110004192F4506500E05602F4958000B0560319
:100120000017A4006EDE8B00B0B800B85E92C0D796
:10013000A200D85E8B0037A200E020DAF448360037
:10014000B020DB0017A400B85E92C0F7A200D85E12
:100150008B0037A200E020DEF4483700D820DF0013
:1001600037A200E020E2F4483800D820E30037A2AC
:1001700000E020E6F4483900D820E70037A200E08C
:1001800020EAF4483A00D820EB0037A200E020EE45
:10019000F4483B00B020EF0017A200B85E8AC017F9
:1001A000A200905E8B0037A201BC5E8906A83500D4
:1001B00002DE02F00000018060063C91E4018760ED
:1001C000063CD1E601A860023CD1E6018B60023C0E
:1001D000D1E600B05E8F00106300B056030011E757
:1001E00000B056070011E700B0560B0011E700B051
:1001F000560F0011E701A960423C91E401A860029A
:100200003CD1E6018B60063CD1E600B05E8B00106D
:100210006301BC60030057A1020456030010E6010D
:10022000BC60030117A100E0418EF4306300B056BA
:10023000030011E700B056070011E700B0560B00AD
:1002400011E700B05E8B00106301BC600300B7A132
:100250000204D6030010F001BC60030117A10206DE
:100260005E530010F001BC60030197A100E0418ED5
:10027000F4306300B056030011E700B056070011D8
:10028000E700B0560B0011E701BC60030017A102A4
:1002900006DE530010FB00B05E8B00106302065EAA
:1002A000530010FA00A0563F01F7A103BFDE02F091
:1002B00010FB00A0563301F7A100B05E870011E7E4
:1002C00001BC60030011E70002DE02F000000068DC
:1002D0005E9B00D11801BC60070211E30068DE9B41
:1002E00000510B00E847870111E101BC60030011D8
:1002F000E201BC60030011E201BC60030011E201F5
:10030000BC60030011E201BC60030011E201BC60AB
:10031000030011E201BC60030011E201BC600300B4
:1003200011E200B06142F451E000B058030011E264
:1003300000B058070011E200B0580B0011E200B005
:10034000580F0011E200B058130011E200B0581726
:100350000011E200B0581B0011E200B0581F00115C
:10036000E200B05E9B0017A40068DE9B00B116019E
:10037000BC60030077A40192DE930217A30002DEA3
:1003800002F0000001BC60070011E300B058030058
:1003900011E200B058070011E200B0580B0011E262
:1003A00000B0580F0011E200B058130011E200B085
:1003B00058170011E200B0581B0011E200B0581F9E
:1003C0000011E200E00146F0106401BC600700315A
:1003D000E300B058030011E200B058070011E2003A
:1003E000B0580B0011E200B0580F0011E200B058F5
:1003F000130011E200B058170011E200B0581B00C2
:1004000011E200B0581F0011E20192E01B0017A397
:100410000002DE02F00000028740C300112D0186B9
:100420006006F01030028640C300112F00B040C7B4
:100430000017810002DE02F00000028740C30011B5
:100440003200B05E070010310186E006F010300087
:1004500002DE02F00000006800A701978C03BFDEF7
:1004600002F0114A00025E02F0113B00025E02F04F
:10047000114B0002DE02F00000006800A701970F98
:100480000002DE02F00000018160060930490068C8
:1004900000A700914000025E02F0114C0002DE0253
:1004A000F0000000025E02F0114C01816002093090
:1004B000490002DE02F000000188E00E0930490028
:1004C000B0412700180000B0002B0010020002DE2F
:1004D00002F0000001BC60030010020182E0020F84
:1004E00010780002DE02F00000006800A701978B80
:1004F00000B041270017A100B0412701D04900B04A
:100500005E870017A100B05E870017A100B05E876C
:100510000017A100B05E870017A100B05E8700172A
:10052000A100B05E870017A100B05E870017A10090
:10053000B05E870017A100B05E870017A100B05E13
:10054000870017A100B05E870010490002DE02F0AC
:1005500000000100DE530017A601BC60030037A1B4
:1005600003BFDE02F0115D00025E02F00127018789
:1005700060060337A20068DE9B00116101876002FC
:100580000337A200025E02F0012B0002DE02F0003F
:10059000000202411F00117602825E5300116801C1
:1005A000826006F2979400B0446700180000B044DF
:1005B0006B00081B00B0446700180000E8446903A2
:1005C00077A4006800A700916B006DDE9300517066
:1005D00000E044670317A303905E02F011730285E5
:1005E000C5230011730068DE8E23316D01BC6003EA
:1005F00002104701BC600300904301826002F29741
:100600009401826002F5B7AD006800A70091760002
:100610006800A700B1760002DE02F000000201C10E
:100620001F00118902855EAF00117C01856006F50F
:1006300077AB00B0446700081E00B0446B00081F91
:1006400000E9446503D7A100E8C46903F7A200D01C
:100650005E870077A101E1DE8AF437A200E95E86B9
:100660002697A100E8DE8A26B7A200695E8B0011FA
:100670008901BC610300113300E144DAF431360032
:10068000E144DEF4513701856002F577AB01BC60CF
:100690000301104701BC60030050430002DE02F07A
:1006A00000000201AE2700118C0284C523001196C0
:1006B00001BC600F0C106500E041957130650200CF
:1006C0002E2700119000E0419700B06501BC600F3B
:1006D0000D17A1006E4196F4319400E15A022936BB
:1006E0008000E0DA0700168101BC6003000B89017D
:1006F000BC60030011490002DE02F0000000B045BA
:100700001F00178100B005B70017A601BC600704E1
:10071000106401BC60131B906501BC60030017A14D
:100720000205DEAF0011B100B0580F00178000685D
:10073000DE842C31A100E0582300360803BFDE021E
:10074000F011B902005E9B0011B10280DA030011C2
:10075000A70118581F00178200E05E0B00378201C6
:10076000985E0AC0F60703BFDE02F011AA011A580C
:100770001F00178200E05E0B003782019A5E0AC0FC
:10078000F60701F0DE0300378000A05E02C057804C
:1007900000B05E0300160300A044B6F0178200B05C
:1007A0005E0B00160500E05E0AC0960603BFDE027F
:1007B000F011B900B0581300178200E85E06F05738
:1007C000A5006ADE970011B700E85816F4B60500D8
:1007D00069D8170011B701BC600300160500B058B6
:1007E000170017A500E05812F4B60600E041930286
:1007F000106400E0419706D06500E05E870037A1F5
:1008000000905E9B0037A60068DE8700919C01BCCB
:10081000600300114701BC600300016D0002DE02AD
:10082000F0000001BC600300016C01BC600300012A
:100830006D01BC60070A106401BC60030077A10071
:10084000B0428F00178000A05E0301F78000B05E09
:100850000300016E01BC63FF1FF7A20068DE030006
:1008600011CB01BC60030017A200886006F4378139
:10087000002005BAF031D00068DE8AC0D1D000E097
:1008800005B300216C00B005B6F0216D00685E0371
:100890000011D400205E06F011DA006EDE8AC0D1AD
:1008A000DA03BFDE02F011D5006DDE8AC0D1DA00B6
:1008B000B05E870017A300B0419300016600B058F6
:1008C0001B0017A201BC600300016C01BC600300A7
:1008D000016D00E8419302106400E85E870037A1D3
:1008E0000069DE870011CB00B05E8F000165000259
:1008F000DE02F0000000B0059B00106400B0581B41
:1009000000114500B0059B00016200B00597000191
:100910006100B0580F00178500B05807001783001A
:10092000B0580B0017840118581F00178C011A5873
:100930001F00178D0002DE02F0000000B0058B00E2
:100940001064006E41932A11F600A044B6F0B7A1DE
:1009500000B05E8700160500E05812F4360600B0BD
:10096000581B001145020000F30011F3006D419384
:100970002811F30200DEAF0011F301BC600B02513D
:100980004200B05E8700016F02015EAF0011F60009
:10099000B05E1700160301816002F577AB0002DE3E
:1009A00002F00000020145230012010287C49300F7
:1009B000120101826002F5D7AE02012C230011FE64
:1009C00000E02C2B002B0A01816001610B0802065C
:1009D0005EB700120100E02AD7002AB50186600246
:1009E000F5B7AD0002DE02F00000020200BF001207
:1009F0000F00025E02F012370202DEB3001207009F
:100A000068428F000F2503BFDE02F00002028881DA
:100A1000AB00120F02845EFF00120502845EB30079
:100A200012050282DEFF00120502822B2F00120D3A
:100A300000682A9B00120F0284DEAF0012050284B8
:100A40005EB700120500B05E870017A10002DE024B
:100A5000F000000182E002F597AC0203DEFF001215
:100A6000190284452300121902012B2F00121901CB
:100A700080E006F2979400025E02F0114C0180E0E3
:100A800002F2979400025E02F0114C0180E002F243
:100A900097940201AC230011360181E001610B083B
:100AA00003BFDE02F01138020400C700122702065D
:100AB000ABD30012210284C5AF00123503BFDE02A2
:100AC000F012220284C56F00123502844523001201
:100AD000240200420300123500685E4B04B2350068
:100AE000685E4B06B23500685E4B0632350182E027
:100AF00006F597AC0284452300122A0323DE02F098
:100B0000122B0183E006F597AC0180E006F2979482
:100B1000028400C700113600B02AD70017A2006D6A
:100B2000DE8955113602872B2F00123202005EFF3C
:100B30000011360207AB2F0011360181E005610B71
:100B40000803BFDE02F0113803BFDE02F0113600E9
:100B500002DE02F00000020200BF00144D0206ABEC
:100B6000D30012440104C1070017A101855E85610D
:100B70000B0802042C2300124401846001610B085D
:100B800001BC60370017A201BC60031417A100B0BC
:100B900045E300180000B045E300180000B045E34D
:100BA00000180001BC620300107701BC60031B50F9
:100BB0007600025E02F0013E00682AEB0012490056
:100BC000E844655757A101BC63F71D17A2006D5E8D
:100BD00086F4524900E84466F44ABA006CC465568B
:100BE000724B00E84467002AB30206ABD3001250F0
:100BF000006DC46701524E01BC6003000B100284FB
:100C0000C5AF0012BD03BFDE02F012510280456F76
:100C10000012BD020701AB0012530180600209D02F
:100C20004E01BC63FF1FF7A10068C586F432560170
:100C3000BC6003000ABD0204DEB700144D0184E06D
:100C400002F5B7AD0184E001610B080202DEB300DA
:100C500012740206ABD30012650068AAF700925D19
:100C600000682B0300125E03BFDE02F01263018BEB
:100C7000600E2B915C0287ABD3001262018260028E
:100C800009D04E03BFDE02F012630182600609D074
:100C90004E00025E02F0121103BFDE02F012670185
:100CA0008360062B915C00025E02F012110204DEEA
:100CB000AF0012740282DEBB0012740068AAF70053
:100CC000926C0106AB170017BB0068DEEF001270D4
:100CD000028480C70012740068AAF700326F006CAB
:100CE000C4655672730068AAF700927400682B03FB
:100CF00000127400E845895AF7A1006D5E856052C4
:100D0000740186E005610B0802835EBB00127A0263
:100D100006ABD300127800E845C95AF7A103BFDE3D
:100D200002F0127900E845895AF7A1006E5E8554F9
:100D3000B2970205DEB700129300E02B97002AE578
:100D400001BC6003000AE700682C4700127F00E83E
:100D50002C47002B1101866002F5B7AD0204DEFFBF
:100D600000128900B02B9B0017A200B02A9B00172D
:100D7000A10283AC2700128600682C87001287002E
:100D80006D5E8564328700B02C7F0017A2006D2B4A
:100D900096F452890184E002F7F7BF0206DEFF00F5
:100DA000129300E02BC7020AF100B04467000AFC6E
:100DB00001182BC70017A1011A2BC70017A2006E3C
:100DC0005E87001291006DDE895E529103BFDE02E4
:100DD000F0129301BC6003000AF10186E002F7F70C
:100DE000BF02025EFF00144D0068AAEB00144D0024
:100DF000B02AC7000ABA03BFDE02F0144D0182E038
:100E000002F7F7BF02862C2300129F0068B05B0038
:100E1000129B0068305F00129F00E9446582D7A6EC
:100E200000E8C46982F7BB00E10EE2F4C3B800E059
:100E30008EE6F763B902025EFF0012A7020600C742
:100E40000012A402802BD30012A400B02B2B001799
:100E5000BB006E2B02F7744D02025EFF0012A7006A
:100E6000B04467000ABA03BFDE02F0144D0205DE8B
:100E7000B70012B500682AF70872AA00E844655561
:100E8000CAB600682C470012AC00E82C47002B11B2
:100E900000E02B9F002AE700B02BA30017A100B0B1
:100EA0002A9B0017A20283AC270012B200682C878D
:100EB0000012B3006D5E896432B300B02C8300175A
:100EC000A1006D2B9EF432B501BC6003000AE50061
:100ED00068AAF700B2B800B04467000AEF00B04457
:100EE0006B000AF30068AAF70132BC00B044670047
:100EF0000B0B02062BD30012BC00B02C7B010B1E87
:100F000003BFDE02F0144D020701AB0012BF0180E7
:100F1000600609D04E0204DEB70012C80283C57312
:100F20000012C201876006F577AB0282DEB30014BF
:100F30004D0203C57300141C00E844655637A10038
:100F40006D5E8555B44D01836006F5D7AE03BFDEF7
:100F500002F0144D00E10ED30023B400E08ED70060
:100F600003B502862C230012CD00B04467000C1696
:100F700000B0446B000C170206AC230012D00184B1
:100F80006002F5B7AD0186E001610B080206ABD344
:100F90000012D701BC6003000AD7006D45C71F527D
:100FA000D400B045C7000AD700E044655AF7BB003B
:100FB000E85EEE2E2AB103BFDE02F012DC01BC6057
:100FC00003000AD7006D45871F52DA00B04587003D
:100FD0000AD700E044655AF7BB00E85EEE2C2AB160
:100FE00001836002F5D7AE0184E006F5B7AD018557
:100FF000E002F5B7AD01826002F7F7BF018560023C
:10100000F5B7AD01BC6003000B0500E84465563739
:10101000A1006D5E855DD2E2006D5E8555B2E60091
:10102000E02B63002AD800B02A930017B30206AB66
:10103000D30012F501BC600301917800B045E300D4
:10104000180000B045E7000AC401BC600301B17894
:1010500000B045E300180000B045E7000AC501BC38
:10106000600301D17800B045E300180000B045E707
:10107000000AC601BC600301F17800B045E3001826
:101080000000B045E7000AC703BFDE02F01301010C
:10109000BC600300117800B045E300180000B045C3
:1010A000E7000AC401BC600300317800B045E300EA
:1010B000180000B045E7000AC501BC600300517884
:1010C00000B045E300180000B045E7000AC601BCC7
:1010D000600300717800B045E300180000B045E7F8
:1010E000000AC70182E001610B080207AB1B001375
:1010F000040182E005610B0800B02B170017BB014B
:10110000285EEF000ABD01BC60131C57BB02182B00
:101110001B00130B01182B1B0017A60080DE9AF78B
:1011200077BB00B041B70017B301342B1B0017A2E7
:1011300001182B1B0017A300682AF700331800685A
:10114000AAF700931100685E8F00731A03BFDE02D6
:10115000F0131800682AF70133170068AAF7005344
:10116000150068DE8B00731903BFDE02F013170051
:1011700068AAF700731A0068DE8B00D31900685E56
:101180008F00331A00685E8F00131A018760055EB6
:101190008AF402032BD300132200682AF702D31D1E
:1011A0000068AAF702B32201BC60131C57BB0234CB
:1011B000AB170013220134AB170017A60080DE9A8C
:1011C000F777BB00B041B70017B302022C2700131A
:1011D000240186600560AB05006E2AF701F3280044
:1011E00088600557B7BB0020DEED5C532B03BFDEE4
:1011F00002F0132E00E82AF70217BB00886006F7FA
:1012000077BB00205EED5C732E01856006F5B7ADFF
:10121000020480C300132E0184E00560AB05006E5C
:101220002AF701F3350088600557B7BB00205EEF51
:101230000193330186600160AB050068AC47001381
:10124000390020DEED5A933803BFDE02F013390077
:10125000E82AF70217BB00886006F777BB00205E1C
:10126000ED5AB3390184600560AB050068AAF70246
:10127000F342010DAB170017A1010EAB170017A227
:1012800000685E8700134200E05E86F457A100E02C
:101290005E87080ABD0186600160AB0500682C47C7
:1012A0000013420184600160AB0502032BD30013DD
:1012B0004E018360015AAAD500682AF702D349007B
:1012C00068AAF702B35E0068AAE700134C0068AB97
:1012D0002300134C0282DEBB00134C02072B1B00C1
:1012E000134C0184600560AB0503BFDE02F0135EA2
:1012F0000283C57300135E00025E02F015BE006833
:10130000AAF702B35E018360055AAAD500E02C8FCC
:10131000002B2301856002F5B7AD0068AAE7001332
:101320005E0068AB2300135E0282DEBB00135E002A
:10133000B02AC30017A201342B1B0017A1006EDED8
:101340008706135900B02ABF0017A2006E5E896499
:10135000735E01BC6003000B2301BC6003000ADA6A
:1013600001856006F5B7AD0184E005610B080068F2
:10137000AAF700B36802075EFF00136801342B1B55
:101380000017A3006DDE8D60336800685E8F001368
:10139000680283AB170013660183600560AB050329
:1013A000BFDE02F0136800B02BDB000AF000B0448F
:1013B0006B000AF70068AAF70133770202AC270036
:1013C000136B0186E00560AB050281ABD300137798
:1013D00001BC6003000ADA00682C2F00137700E8D4
:1013E00044656177A1006D5E8561937400B02C3314
:1013F0000017A200E05E8961B7A2006DDE86F4539B
:10140000760200AC230013770185600560AB05030D
:10141000BFDE02F013770180E001610B080068AACB
:10142000F701137A00B02AC7000AD10187E006F756
:10143000F7BF0207DEFF00137C0181E00560AB050A
:1014400000682AF700338100682AF701F3810285DA
:101450002BD300138000682AF70313810068AAF7D2
:1014600000939201826006F7F7BF00B02AC7000A16
:10147000B90068AAF703138800682B2300138800BB
:10148000B00013000ABD00B02B7F000AC003BFDE0E
:1014900002F013910068AAF7009392011C2B170029
:1014A0000AC00106AB170017BB00685EEF00138F80
:1014B00001BC6003006AC300B02C7B004B1E03BF5D
:1014C000DE02F0139100A82C7B004B1E01BC6003D0
:1014D000008AC300B02AC7000AC80202DEBB00139C
:1014E0009F0284DEFF0013950206DEFF00139F00BB
:1014F000B02AD70017A2006DDE8955139E00B02BCD
:101500009B0017A200B02A9B0017A10283AC270002
:10151000139C00682C8700139D006D5E8564339DCD
:1015200000B02C7F0017A2006DAB96F4539F018290
:10153000E00560AB050286ABD30013AD0088600503
:1015400057B7A10020DE856393A500E82AF70217AC
:10155000A100886006F437A100205E8563B3AB006C
:10156000682C6F0013AB01342B1B0017A2006E5EBA
:101570008B0293AA00B02C7B002B1E03BFDE02F06F
:1015800013AB00A82C7B002B1E0068AAF702F3AD5A
:1015900000B04467000B1B00E05ECD54B7B301827E
:1015A0006002F5D7AE00B02C2B0017A100B02AD7EF
:1015B0000017A2006D5E895513B402865EB7001352
:1015C000C503BFDE02F013B6006D5E855FF3CA028D
:1015D000812C230013C501BC601F07706501BC602E
:1015E0001F11506401BC601F11D7A400685A03008A
:1015F00013C10088580300F7A30134D8030017A2D1
:1016000000E95E8E2337A301C3E0022357A500E85B
:10161000DE8AF4B7A20068DE8B0013C1006EDE8E96
:10162000F673C500E0419300306400E041970190FB
:1016300065006D4192F493B903BFDE02F013CA0056
:10164000682AF70093CA00682AF70053CA00682A7C
:10165000F70073CA01826006F5D7AE00025E02F0A1
:1016600015BE01BC60131C57BB01342B1B0017A215
:101670000080DE8AF777BB00B041B70017A2006890
:101680002AF70053D700682AF70253D700682AF7D1
:101690000273D700682AF70073D700682AF7085347
:1016A000D700682AF70873D700682AF70893D7008D
:1016B000682AF703D3D703BFDE02F013E60185E003
:1016C00006F5B7AD00685E8B0013E100B05E8B00DD
:1016D0000AA60182E006F5D7AE00682C8B0013DE67
:1016E000006E5E896453DE0181600563CB1E00E0FD
:1016F0002BAB002AEA006E5E896013E1018260056F
:1017000060AB0500E844655637A100B04467001798
:10171000A300682AF70893E500E85E8EF42AAE017C
:10172000846002F7F7BF0282DEB300144D0203C5E6
:101730007300141C00B02AAB0017A200B02AB3003B
:1017400017A30068AAF70093F602802BD30013F6C4
:1017500000B02B030017A1006D5E855873F2018065
:10176000E00560AB0500682B4F0013F201BC60037D
:10177000000ABC00025E02F0159B00685E87001341
:10178000F600682BE70013F600B02BE70017A20065
:10179000B02BEB0017A300685E8F0013FF00682AD0
:1017A000EB0013FF00E844655757A100E05E8EF49C
:1017B00057A2006D5E86F453FF0181600560AB05A2
:1017C00000682B4F0013FF01BC6003000ABC00023D
:1017D0005E02F0159B0281AB2F00140402005EFF35
:1017E0000014040204452300140403A0DE02F014D4
:1017F000040183E00560AB050281AC2700141C02E4
:10180000862C1700144D0286AC1700144D02808000
:10181000BF00144D02825EBB00144D02822BD30028
:10182000141C0281AC1700141C0280AC1700141C9D
:1018300002812C1700141C02822C1700141C028831
:1018400081AB00141C0282AC1700141502832B1705
:1018500000141C02832C1700141502852C17001489
:101860001502842C1700141C0284AC1700141C02EF
:1018700083AC1700141C02845EB700141B0204DE44
:10188000AF00141B0281DEBB00141B0184E002F5D3
:1018900077AB00025E02F0159F03BFDE02F0144D2D
:1018A00000E844655637A1006DDE8554B428020671
:1018B000ABD30014210183E0022B915C03BFDE0255
:1018C000F0144D0183E0022B915C01BC60031851C0
:1018D0007800B045E3001800018360022F317900E1
:1018E000A84138F9D7A100B05E84FE704E03BFDE78
:1018F00002F0144D028101AB00142C020081AB00F8
:10190000143702842C170014370280AC17001437E8
:101910000206ABD3001435006BAC4223343000E038
:101920004467014B10018B60022B915C0287ABD3A3
:101930000014330182600609D04E03BFDE02F014AA
:10194000340182600209D04E03BFDE02F01436017A
:101950008360022B915C03BFDE02F0144D0206ABE4
:10196000D3001440006BAC4223343B00E0446701D9
:101970004B10018B60022B915C0287ABD300143EAD
:101980000182600609D04E03BFDE02F0143F0182DF
:10199000600209D04E03BFDE02F01446018B6002E4
:1019A0002B915C01BC600318517800B045E300182E
:1019B00000018360022F317900A84138F9D7A100D6
:1019C000B05E84FE704E00025E02F0121D02845E64
:1019D000B700144D02832BD300144A00682AF70283
:1019E000B44D0184E006F577AB00E02B27002AC94F
:1019F00003BFDE02F015870002DE02F00000018561
:101A0000E002F5B7AD01836002F5D7AE0182E002D6
:101A1000F5D7AE0182E002F7F7BF0184E002F7F7E5
:101A2000BF01BC6003000AD301BC6003000AC80107
:101A3000BC6003000AC001BC6003000AEA018760C1
:101A4000015F6AFB01BC6003000C1601BC6003006F
:101A50000C170181600163CB1E0002DE02F0000062
:101A6000020200BF0014B20283DEFF0014DA018319
:101A7000E006F7F7BF018560060B705B0185600625
:101A80000BF05F0206ABD300146601BC60030211C9
:101A90006D00B02A9700116E028045AB00147A03E6
:101AA000BFDE02F0146901BC600302115D00B02AC0
:101AB0009700115E0280456B00147A0206ABD300DA
:101AC0001473006BAC4223346D00E04467014B108B
:101AD000018B60022B915C0287ABD30014700182F2
:101AE000600609D04E03BFDE02F01471018260026D
:101AF00009D04E0188600E2D516A03BFDE02F0143A
:101B00007A018B60022B915C01BC60031851780054
:101B1000B045E3001800018360022F317900A8412D
:101B200038F9D7A100B05E84FE704E0188600E2B9C
:101B3000515A00B0413F1FF04F00682ABB0014808B
:101B400001846006F7F7BF01BC602F1717A300E000
:101B50004466F46AB401BC6003000AAE00025E028F
:101B6000F0144E00E844695FD7A1006EDE870034B0
:101B70008A00B02BD7000AF001BC6003000AEF0016
:101B8000682AEB00148A00B04467000AB900E844F0
:101B900065554ABA00B02AB30017A100E82AEAF452
:101BA0002ABA028080BF0014970281DEBB0014A80D
:101BB0000206ABD300148F0204C5AF00149703BF15
:101BC000DE02F014900200456F0014970283C57383
:101BD0000014970206ABD300149501BC63FF1FF7F6
:101BE000A10068C5C6F434A803BFDE02F014970153
:101BF000BC63FF1FF7A10068C586F434A80206ABDA
:101C0000D300149E018B600E2B915C0287ABD30036
:101C1000149C0182600209D04E03BFDE02F0149DC5
:101C20000182600609D04E03BFDE02F014A4018BCE
:101C3000600E2B915C01BC600318517800B045E345
:101C4000001800018B2B2E2F317900A84138F9D7CD
:101C5000A100B05E84F9B04E0184E002F5B7AD0199
:101C600084E002F577AB0185E001610B0803BFDE7C
:101C700002F015920206ABD30014AB00025E02F034
:101C8000121D03BFDE02F014AD018360022B915CD4
:101C900000025E02F0121D0184E006F5B7AD01847A
:101CA000E006F577AB0206ABD30014B10184600502
:101CB000610B0803BFDE02F01592018D60020BF08C
:101CC0005F0206ABD30014B60188600E2D516A0383
:101CD000BFDE02F014B70188600E2B515A028181D9
:101CE000AB0014C80206ABD30014C1006BAC422396
:101CF00034BC00E04467014B10018B60062B915C03
:101D00000287ABD30014BF0182600209D04E03BF2B
:101D1000DE02F014C00182600609D04E03BFDE026D
:101D2000F014D7018B60062B915C01BC6003185145
:101D30007800B045E3001800018360022F3179007C
:101D4000A84138F9D7A100B05E84FE704E03BFDE13
:101D500002F014D70206ABD30014D1006BAC4223BF
:101D600034CC00E04467014B10018B60022B915C86
:101D70000287ABD30014CF0182600609D04E03BFA7
:101D8000DE02F014D00182600209D04E03BFDE02F1
:101D9000F014D7018B60022B915C01BC60031851D9
:101DA0007800B045E3001800018360022F3179000C
:101DB000A84138F9D7A100B05E84FE704E0184E0DE
:101DC00002F5B7AD0184E002F577AB00025E02F0E8
:101DD000144E0002DE02F0000000B0446B000AFE68
:101DE0000202DEB30014E70206ABD30014E5018360
:101DF00060062B915C0287ABD30014E20182600283
:101E000009D04E03BFDE02F014E30182600609D060
:101E10004E00025E02F0121103BFDE02F014E70171
:101E20008360062B915C00025E02F0121101866055
:101E300005610B08020200BF00150C0183E002F7E8
:101E4000F7BF0203C5730014FC020080BF0014FC3E
:101E50000206ABD30014F5006BAC422334F000E073
:101E60004467014B10018B600E2B915C0287ABD352
:101E70000014F30182600209D04E03BFDE02F014A9
:101E8000F40182600609D04E03BFDE02F0150B019B
:101E90008B600E2B915C01BC600318517800B0453B
:101EA000E3001800018B2B2E2F317900A84138F95F
:101EB000D7A100B05E84F9B04E03BFDE02F0150B6F
:101EC0000206ABD300150500E0446700B7BB006C09
:101ED000C466F774FE018B60022B915C0287ABD362
:101EE0000015030182600609D04E03BFDE02F01523
:101EF000040182600209D04E03BFDE02F0150B011F
:101F00008B60022B915C01BC600318517800B045D6
:101F1000E3001800018360022F317900A84138F9ED
:101F2000D7A100B05E84FE704E0182E002F597AC4E
:101F30000002DE02F0000001BC60030037A20020B6
:101F4000E3FE0915680020E0420D956802845EB347
:101F500000156802804203001568028445230015BD
:101F60006803915E02F015680068AB4F00156802C7
:101F700082DEFF00156800682ABB00151900E844DE
:101F80006555D7B900E82A9AF737B902805EFF0095
:101F9000159B020180C700159200B02AD70017A137
:101FA000006DDE855515920282DEB30015680203CE
:101FB000C573001549020480C700154900685E8B8F
:101FC00000152E0284AC2300152E0203C5730015E4
:101FD000490202ABD300152502855EBB001526021F
:101FE00082DEBB00154900B02B830017A1006EAB49
:101FF0006AF4352E0203C57300154900682A9B0058
:10200000152D00682ABB00152E006ADEE554F5493F
:10201000006ADEE55A554900682AE700154902942E
:102020001DF30015310203DE5300153603BFDE0237
:10203000F0153401141DF30017A600901CBAF4D754
:10204000A602005E9B00153600B02B87000AA7038E
:10205000BFDE02F0159201BC600302579201BC631F
:10206000FF1FF0C301BC60030910E301865E8A1CF8
:1020700070E3018460061C70E300682AEF00153DE0
:102080000185E0061C70E301BC6003039782000237
:102090005E02F0157200B054130010E400E04391AA
:1020A0005B30E401BC60030010EE01BC63FF1FF075
:1020B000CE00E02AEF002ABB01BC61030077A60135
:1020C000141DF30017A200B05E8B000C1801BC6158
:1020D0000303EC1903BFDE02F0156202845EB70051
:1020E000156801BC60230890E600025E02F0016AF8
:1020F00000B05ECF0010E40068AAF7003552020578
:10210000AC2300155200E82ACE2337A3006DDE8EE3
:102110001C955200B05E8F0010E400682A9B0015E9
:102120005A00B02ADB0010E40206ABD300155702B8
:1021300084C5AF00155A03BFDE02F0155802804572
:102140006F00155A00695EE700155A00E05EE5561B
:10215000D0E40282DEBB00155E00682AF700155E3F
:1021600000E10EDA1C83B600E08EDF0003B701BC8D
:10217000600301D78200025E02F0157201BC6103A8
:102180000077A603BFDE02F0156200B00047001022
:102190008600025E02F015F800025E02F010700187
:1021A00090600A09104801846006F597AC00B05EA3
:1021B0009B0010800002DE02F0000002805EFF0043
:1021C000156D0281DEBB00156D020180C7001592FE
:1021D000020480C700159201806002F7F7BF0280F9
:1021E000C28F0015930201DEBB00159301BC600392
:1021F0000017A203BFDE02F0150E00685E4B063525
:10220000790285DEFF00158000B02B370017A10092
:102210006DAAEEF4358001BC600301378000B02B5D
:102220003B0017A1006D2AEEF4357B02812BD30011
:10223000157B01BC600301778001BC60030037811E
:1022400000025E02F0014301D2DE0AA030E000B0DD
:10225000540B0010E103BFDE02F015860280ABD301
:1022600000157901BC600301578001BC60030017B1
:102270008100025E02F0014300B054070010E0004C
:10228000885E0B0070E10002DE02F0000000682AA8
:10229000F30015920204DEAF00159200E844655782
:1022A00097A4006E5E9154F59200885E930037A467
:1022B000006D5E9154F59200025E02F015E303BFDB
:1022C000DE02F0159F00E844655797A400885E93EE
:1022D0000037A400025E02F015E303BFDE02F01532
:1022E0009F0284DEAF0015960181E002F5D7AE03B0
:1022F000BFDE02F0159F00682B6700159B00E044CD
:10230000655B2AD300682B6B00159A00E044655A80
:102310004AD30002DE02F0000001806006F7F7BF3A
:1023200000682AF300159F00E844655797A400024F
:102330005E02F015E301846002F597AC01BC600316
:10234000000ABC01BC6003000AD301BC6003000AA0
:10235000BB0104DEAF0017A101845E86F5B7AD02B4
:1023600084DEAF0015A8018060060D906C0002DECF
:1023700002F000000285AC230015BD0203C5730006
:1023800015BD00B02A8F0017A30202AC230015ADC3
:1023900000B02AAF0017A30202DEBB0015AF00B0E9
:1023A0002A8B0017A300E04466F46AB30185E005B8
:1023B000610B0800B04467000B030206ABD30015A5
:1023C000B7006BAC422335B600E04467014B100107
:1023D00083E0022B915C03BFDE02F015BD0183E0B8
:1023E000022B915C01BC600318517800B045E300FA
:1023F0001800018360022F317900A84138F9D7A174
:1024000000B05E84FE704E0002DE02F000000202A8
:10241000DEB30015C90206ABD30015C7018B600EF1
:102420002B915C0287ABD30015C40182600209D0F6
:102430004E03BFDE02F015C50182600609D04E00D2
:10244000025E02F0121103BFDE02F015DB018360B1
:10245000062B915C00025E02F012110203C57300AC
:1024600015CE0284DEAF0015CE0281DEBB0015CE94
:1024700002805EFF0015CE02045EB70015E2020680
:10248000ABD30015D5018B600E2B915C0287ABD3CB
:102490000015D30182600209D04E03BFDE02F015A1
:1024A000D40182600609D04E03BFDE02F015DB01C5
:1024B0008B600E2B915C01BC600318517800B04515
:1024C000E3001800018B2B2E2F317900A84138F939
:1024D000D7A100B05E84F9B04E0183E001610B0822
:1024E00001846006F5B7AD0184E002F577AB01BC6D
:1024F0006003000ABB01846002F597AC0185E0012E
:10250000610B080186E001610B080002DE02F000A9
:102510000000682B5B0015E500B02B5B0017A400E2
:102520006D5E915555E700B02AAB0017A400882BCB
:10253000070037A500E82B0AF4AAC200885E9300C2
:1025400037A400E02B0AF48AC200902B0B00AAC12A
:1025500000B02B07000AA70002DE02F0000003A073
:10256000DE02F015F1020042030015F100025E02E6
:10257000F00D2F0183E005610B0801846002F5B7BF
:10258000AD0184E006F577AB01BC6003000ABB0136
:10259000846002F597AC00B04467000ABC0002DE1C
:1025A00002F00000010C81430017A101BC60030090
:1025B000508A00685E070016020068DE8700360257
:1025C00001BC600300B08A00685E07003602028228
:1025D000DE0300160201BC600300908A0283DE0362
:1025E00000160200E0600AF4D08A00685E07001658
:1025F0000A0190422AA1308A00685E0700360A016B
:1026000090422AA0108A0109DE030017A2018F5E02
:102610008A11508A00685E8B00160A0191E00E1143
:10262000508A0002DE02F000000109DE030017A458
:1026300000E05A06F497A500905E96F497A5020371
:10264000DE030016120282DE0300161201BC61EFE7
:102650000857A60080DE96F4D7A50116DE8700177E
:10266000A300885E870077A100E15E8702D7A10002
:10267000E0DE8F0017A301BC60030017A2020E5E0C
:102680000300161901BC60030037A200905E96F4A7
:1026900057A50080DE96F437A100E141B7FFF7A609
:1026A00000E1DE8701F7A10080DE96F477A300E168
:1026B000DE860DB7A100E0DE8F0017A3017A5E86EB
:1026C000F477A100885E86F457A100B05E870017FA
:1026D000A20287DE0300162600885E870057A1034A
:1026E000BFDE02F0163302875E0300162D01BC63C5
:1026F0009B0CD7A50080DE86F4B7A100E141B7FFAF
:10270000F7A500E0DE870017A100885E870057A1CB
:1027100003BFDE02F0163300885E870057A101BCBC
:10272000639B0CF7A50080DE86F4B7A101BC6203B1
:102730000017A500E141B6F4B7A500E0DE87001759
:10274000A100E05E8400D7A10002DE02F0000002DA
:10275000001FF70000120282DE5300163B01886062
:102760000204902400E02092F3082400E8208EF375
:10277000082303BFDE02F00B3701B8601604902473
:1027800001BC600301D02503055E02F0164C0287F0
:10279000C037000C9E0386DE02F00CA100025E0230
:1027A000F01236035CDE02F0163D00D8409B0117A4
:1027B000A100E05E8702379800A85E630077980169
:1027C00002DE530017A10182E002F297940188DE35
:1027D00084FFA7FD006EA08EF3164C00E85E630137
:1027E000D02501B8600604902403BFDE02F0000289
:1027F00001816004FFA7FD01B8600A04902403BFB3
:10280000DE02F0000202285E8700166200B04193EB
:102810000017A400E04193007064010A5E8700176E
:10282000A200E84192F4506301185E870017A100EE
:10283000E86042F437A200885602F436000068418E
:102840008EF4965E00E8418F00306300E84193000B
:10285000306400685E8B02165600905602F457A34F
:1028600000B05806F4760103BFDE02F01656006889
:102870004192F4966200E8419300306401BC600329
:1028800000160003BFDE02F0165E00B05E87001780
:10289000A10002DE02F00000018060028614300018
:1028A000B050CB001065013850830017A10068DEDE
:1028B0003B06366A00E05A3300368C006EDA32F49A
:1028C000201200B05A0B0017A201BC63FF1FF7A330
:1028D00000B050CF001064006EDA32F4366F00B0F2
:1028E0005A370017A300B0581300178201BC6003C9
:1028F00000160401BC601B1FD7B60102D0C7001729
:10290000A100E04196F4306500E050CB00D06401B6
:10291000BC60030017B401BC600300178001BC60F9
:1029200003003781018760040310A0009052330038
:1029300097A400E0418701B7B500685ED2F05696D3
:1029400000E05EDAF690630020D802F0368A0202D8
:1029500050C7001690009056030097A100E85E86CD
:10296000F497A1019E6002F437A1006DDE8708167E
:1029700090010A5E870017A201DA6002F437A10015
:10298000E05ED6F4506300886006F437A10020565C
:1029900002F4369000B05802F0360000E05A2B00E6
:1029A000368A006ADED2F4768C0068DED2F01691A8
:1029B00000E05E0300378000685E03003691018608
:1029C000E0040310A003BFDE02F01691006ADED21D
:1029D000F4768C00E05ED30037B400D05E07003799
:1029E0008102985ED300167B00E0419300306403BF
:1029F000BFDE02F0167B00685E0300001203BFDE3C
:102A000002F006CC0282D0C70016A000B02A370020
:102A100017A101B82A32F43684010250130016853A
:102A2000013C50830017A100B050A70017A4006D0F
:102A30005A32F436A90182E0068634310288502BDE
:102A40000016A500B05A330017A1019E5E8684F4DB
:102A500027018360068634310002DE02F0000000A8
:102A6000B050730017A101B8506EF436840106D03F
:102A70000700168500B050AB0017A400D06006C058
:102A8000978000E0419700D7B5010A58130017A1BD
:102A900000E05ED6F437B500B0580F0010630116A1
:102AA00056030017810068D8130016BE0114006396
:102AB0000017A10068DE870016B40088013B0116EC
:102AC0008003BFDE02F016B90068DE870076B7002B
:102AD000A0013BE0168003BFDE02F016B900E05E05
:102AE000870970620088540301168000E85A033099
:102AF000168001BC600300168101BC6003001682D1
:102B000001BC600300168303BFDE02F016C300E0C1
:102B1000418EC09063006EC18EC036C300E8418E06
:102B2000C0306300E858030037A100E0418EF43064
:102B300063013850A30017A50068581303F6DE00A0
:102B400068418EC056DE006DDA0AF4B6DE01165614
:102B5000030017A10068DE86F036DE015856030038
:102B600017A100E05E870DD7A200B05ED70010620B
:102B70000020DE02A016D500E05E86D037A300E07C
:102B80005E8ED077A3006D5A02F456DE006E5E8E24
:102B9000F496DE00E86002F4368300B05E8F001623
:102BA0008100A05A0F00768300E05A0B00368200A5
:102BB000E85A02F4568000D05E0300378000E058E7
:102BC0001300360400E0418F003063029858130070
:102BD00016DB00E05ED70037B5006EC18EC036C48C
:102BE00000B0580300106303BFDE02F016C400B04B
:102BF00058130017A10068DA370016E100B05E87AD
:102C000000168D006DDE86D1B6E300B05E8700163B
:102C10008D0002DE02F0000001BC60030017A1017C
:102C20008760040310A001BC60030990B500B000E8
:102C30006300F0B401BC60570310B601BC60030030
:102C400090B500B0006300B0B400B042D3001800EB
:102C50000317DE02F016EC0397DE02F016ED00B06B
:102C60002A3300142F018EE00C0310A0006DDE0249
:102C7000D1B6F300E85A36F0168D03BFDE02F01627
:102C8000F501BC600300168C01BC600300168D00CA
:102C90006E5A3AF016F801BC600300168E03BFDED0
:102CA00002F016F900E85A3AF0168E00B058070004
:102CB00017A100E0580EF01603006ED80EF436FF90
:102CC00000E85E86C017A100E8580EF4360300E85D
:102CD000580F00360301185E030017A1006DDE03D4
:102CE00002170700E86042F437A200905A1AF4363F
:102CF0008600885A1EF457A200905A1EF4368700A8
:102D0000B05A1AF4568603BFDE02F0170900905A33
:102D10001EF4368601BC60030016870002DE02F056
:102D200000000158600300102A01B8600A049024D2
:102D300001BC60030290040189E0020D906C000266
:102D4000DE02F000000200DE5300171901BC60171C
:102D50000777A100025E02F0012700B0406700176C
:102D6000A200B05E8B0057A200025E02F0012B01B0
:102D7000BC600303378001BC600300178100025E62
:102D800002F011320002DE02F0000001BC60030319
:102D9000378000025E02F0112D0183E006F03781DA
:102DA0000181E006F0378100025E02F0113200B0CE
:102DB0005E070017A200E044670B57A1006B446652
:102DC000F4372001BC600311378000025E02F0116D
:102DD0002D01806006F0378100025E02F0113201A1
:102DE000BC600300978000025E02F0112D0180603C
:102DF00006F0378100025E02F0113200E044670104
:102E000057A1006B4466F4372A01BC600303378086
:102E100001A0607EF4578100025E02F0113200E0F2
:102E200044670797A1006B4466F4372F01BC600329
:102E300011578000025E02F0112D01846006F03708
:102E40008100025E02F0113200B05E070017A2019D
:102E5000BC60030A378000025E02F0112D01806021
:102E600002F0378100025E02F0113200E044670098
:102E700037A1006B4466F4373A01806006F0378171
:102E800000025E02F0113201BC60030857800002AC
:102E90005E02F0112D018A6002F0378100025E02AD
:102EA000F0113200E044670037A1006B4466F4374C
:102EB00042018A600EF0378100025E02F01132009A
:102EC000E044670657A1006B4466F4374601BC60D6
:102ED000030CB78000025E02F0112D0280DE0700B5
:102EE000173001BC600311578001846002F45781E0
:102EF00000025E02F0113201BC60030037A302063B
:102F0000ABD30017510284C5AF00175903BFDE02CF
:102F1000F017520280456F00175901BC600300177B
:102F2000A3018B600E2B915C01BC600318517800EB
:102F3000B045E3001800018B2B2E2F317900A841FA
:102F400038F9D7A100B05E84F9B04E01BC60170714
:102F500077A100025E02F0012700B040670017A2CF
:102F600000A85E8B0057A200025E02F0012B00E079
:102F700044670157A1006B4466F4375F01BC6003EE
:102F800001B7A101BC60030477A200025E02F00158
:102F90002B01BC60130AF7A101BC60030017A2005B
:102FA000025E02F0012B01BC60030117A400E85E81
:102FB000930037A401BC600301D7A100B05E930069
:102FC00017A200025E02F0012B01BC60130AD7A118
:102FD00001BC60030017A200025E02F0012B006832
:102FE000DE9300176700685E8F0017710002DE0233
:102FF000F0000001BC60270CB7A101BC6003019781
:10300000A200025E02F0012B01BC60270EB7A101F5
:10301000BC60030137A200025E02F0012B01BC601C
:10302000030657A401BC60030077A301BC60130929
:1030300057A100025E02F00127018060060337A25B
:1030400000025E02F0012B01806002F457A2000230
:103050005E02F0012B00E04466F497A1006B446629
:10306000F4378000E85E8F0037A300685E8F00179A
:103070008701BC60030317A401BC60270F17A100E0
:10308000025E02F001270068C0671FF77901BC608B
:10309000270EB7A101BC600301F7A200025E02F097
:1030A000012B0002DE02F000000002DE02F0000050
:1030B0000200DE5300179D01BC60130E77A10002D1
:1030C0005E02F0012700A040673FEC4401BC6013A2
:1030D0001497A100025E02F001270196E002033777
:1030E000A200025E02F0012B01BC601309B7A1002F
:1030F000025E02F00127018760020337A200025E30
:1031000002F0012B01BC60130997A100025E02F0DE
:103110000127018760060337A200025E02F0012B3F
:103120000002DE02F0000001BC60730017A301BCC6
:1031300060131497A100025E02F0012700A0406610
:10314000F477A40196E01EF497A300B05E8D8897F3
:10315000A200025E02F0012B01BC601309B7A100BE
:10316000025E02F00127018760060337A200025EBB
:1031700002F0012B01BC60130997A100025E02F06E
:103180000127018760060337A200025E02F0012BCF
:103190000002DE02F000000068DE930017B100E0DC
:1031A0005E030057A201095E8B0017A103BFDE0278
:1031B000F017B90068DE930037B501105E03001701
:1031C000A200E05E8B0097A103BFDE02F017B901F9
:1031D000305E030017A200E05E8B0197A1006D5ED8
:1031E000870597B901BC60030597A10002DE02F0D4
:1031F000000000682BCB0017BF00B02BF30017A115
:1032000000E05E855FB7A1006BDE862337BF0186D5
:10321000E006F7F7BF0002DE02F0000000681F338F
:103220000017CD020200BF0017C302034573001749
:10323000CD0285C5230017CD00681F330037CB00B2
:10324000B01FC70017A100025E02F0012700A840CE
:1032500064F9D7A200B05E88F9B7A200025E02F05E
:10326000012B03BFDE02F017CD00A84138F9D7A12A
:1032700000B05E84F9B04E0002DE02F000000202EF
:1032800000BF0017C3020345730017CD0158600348
:1032900000102A0189E0020D906C01BC60030090CF
:1032A0000400B040130017A10002DE02F00000018C
:1032B0008260060F10780207C1E30017D601BC60D8
:1032C000030C17A301BC600300907601BC600300EF
:1032D000107700025E02F0013401BC60030C97A37A
:1032E00000025E02F0012F008860118757A101BC27
:1032F0005E860EF07700025E02F0013401BC6003CE
:103300000C17A301BC600300B07601BC6003001081
:103310007700025E02F0013401BC60030C97A30049
:10332000025E02F0012F008860058757A101BC5E94
:10333000860ED07600025E02F0013401BC6003000C
:1033400017A300025E02F0012F018560060ED07601
:1033500000025E02F0013401BC60030C17A301BC43
:10336000600300307601BC600300107700025E024B
:10337000F0013401BC60030C97A300025E02F0016F
:103380002F01AC60A20EF07700025E02F001340162
:10339000BC60030017A300025E02F0012F018560EC
:1033A000060ED07600025E02F0013401BC60030C10
:1033B00017A301BC600300307601BC6003001077E6
:1033C00000025E02F0013401BC60030C97A300020E
:1033D0005E02F0012F01AC60020EF07700025E0287
:1033E000F0013401BC60030017A300025E02F0018B
:1033F0002F018560060ED07600025E02F0013401D6
:103400008260020F10780002DE02F0000001BC6052
:10341000130817A100025E02F00127018060020379
:1034200037A200025E02F0012B01BC60030037A14D
:1034300000025E02F001270188600E0337A20068D7
:10344000B0EB0018100188600A0337A200025E0288
:10345000F0012B01BC601B0657A100025E02F001C7
:1034600027018830EA0337A200025E02F0012B0038
:10347000025E02F017D501BC60130817A100025EBE
:1034800002F00127018060060337A200025E02F00D
:10349000012B0002DE02F0000001BC60430890E650
:1034A00000025E02F0016A01BC604F1110E401905D
:1034B000600A09104801BC600300000601BC6003FB
:1034C00001D78201D2DE0877F0E000B00F030010D0
:1034D000E100B0004700108600B00F1F00108A0105
:1034E000BC600300378100025E02F0107001BC6016
:1034F000030010BB01BC6103001080018260061054
:10350000308103D05E02F003940002DE02F000007E
:1035100000681F830018820280420300188202851F
:10352000C52300188200681F8F00388200681F8B37
:1035300000385F01BC60130817A100025E02F001B1
:1035400027018060020337A200025E02F0012B0116
:10355000BC601B1B57A100025E02F0012700B040B7
:1035600067000C3E0182E0060337A200025E02F013
:10357000012B01846006F457A200025E02F0012BC9
:1035800001BC60270F37A100025E02F0012700B0E6
:103590004067000C3F018860060337A200025E020C
:1035A000F0012B01BC60271597A100025E02F0011B
:1035B0002700B04067000C40019B60160337A20152
:1035C000806006F457A200025E02F0012B01BC608D
:1035D000131077A101BC600B0017A200025E02F07D
:1035E000012B01BC60131057A100025E02F00127FD
:1035F00001B860820337A200025E02F0012B01BC19
:1036000060131037A100025E02F001270180E00282
:103610000337A200025E02F0012B01BC6003000729
:10362000E201BC60030007E30068310F0018570097
:10363000E044658867E103BFDE02F0185800E0440B
:10364000670807E101BC60131037A100025E02F0B9
:103650000127018060060337A200025E02F0012B01
:1036600001BC60030027E200025E02F001270200B5
:103670004067001873028042030018730285C52357
:1036800000187301BC60131037A100025E02F00144
:103690002702004067001866006CC464FC385F00B5
:1036A000E03107002C4100E0310B002C4201BC60EE
:1036B0001310F7A100025E02F0012700B04067007E
:1036C000018401BC601310D7A100025E02F0012743
:1036D00000B0406700018501BC602B1357A10002B8
:1036E0005E02F0012700B0406700018601BC601354
:1036F0001117A100025E02F0012700B0406700012F
:103700008701BC60271597A100B031030017A20004
:10371000025E02F0012B01BC60270F37A100B03020
:10372000FF0017A200025E02F0012B01BC601B1B10
:1037300057A100B030FB0017A200025E02F0012B7F
:1037400001BC60130817A100025E02F0012701808E
:1037500060060337A200025E02F0012B01BC600389
:103760000007E201BC60030007E000B05E870017BD
:10377000A10002DE02F0000001BC6003000C250085
:10378000B030CB00179E00B030CF00179D00B03096
:10379000D300179C00B030D700179B03BFDE02F0A8
:1037A0000A1A0000000000000000000000000000F5
:1037B0000000000000000000000000000000000009
:1037C000000000000000000000207EC0000000009B
:1037D00000000000000000000000000000000000E9
:1037E00000000000000000000000000000000000D9
:1037F00000000000000000000000000000000000C9
:10380000000000000000000000207EC0000000005A
:1038100000000000000000000000000000000000A8
:103820000000000000000000000000000000200078
:10383000000040110100000000008016010080001F
:103840000000801601008003000080160000004088
:103850000000801A2100E0030000801600020040F2
:103860000000801A100200400000801A100202407E
:103870000000801A6100E003000080161002004082
:103880000000801A6101E013000080163002004041
:103890000000801A100200400000801A1C02004044
:1038A0000000801A000200000000801A1C0A00407C
:1038B0000000801A1C0A20400000801A1FCA204005
:1038C0000000801A1FCA20400000801A010000007A
:1038D0000000801E090000000000801E00000000A3
:1038E00000008002000000000000800200000000D4
:1038F00000008002080000000000801E00000000A0
:103900000000801E010000000000801E1100000069
:103910000000801E1FCA20C00000801A1FCA20C0DD
:103920000000801A5FCA20C00000801AB064000046
:103930000000800E0000280000008012110000002E
:103940000000801E00000000C82542850000000025
:1039500000004001000000000000400100000000E5
:10396000000040015FCA2040000040191FCA2040EB
:1039700000004019010000000000401D010000008F
:103980000000401D010000000000401D0900000073
:103990000000401D1FC22040000040190F00000021
:1039A0000000401D1FC220C0000040191BC220C0E3
:1039B00000004019207D00000000400D00002000A4
:1039C00000004011000000003304428900000000A4
:1039D0000000400100000000000040010000000065
:1039E000000040011BC220400000401909000000F7
:1039F0000000401D1BC220400000401901000000D3
:103A00000000401D000000000000401D1FC22040BB
:103A100000004019010000000000401D09000000E6
:103A20000000401D1FC22040000040190B01000093
:103A30000000401D1FC220C0000040191BC220C052
:103A400000004019C07700000000400D0000280071
:103A50000000401100000000331C428900000000FB
:103A600000004001000000000000400100000000D4
:103A7000000040011FC220C0000040191FC220C02A
:103A8000000040196100E013000040150000000034
:103A900000004001000000000000400100000000A4
:103AA000000040016101E0130000401513C220C076
:103AB0000000401961018013000040150A01000058
:103AC0000000401D13C220C000004019080400007F
:103AD000000000F8000000000000400100000000AD
:103AE0000000400100000000000040010000000054
:103AF00000004001000000000000400113C220400F
:103B0000000040190B0100000000401D13C220C03E
:103B1000000040190000000000004001000000000B
:103B200000004001030100000000401D13C22040BE
:103B300000004019000008000000401161018013DE
:103B400000004015610180130000401561018013E1
:103B5000000040151FC22040000040191FC2204035
:103B6000000040191FC22040000040190B01000056
:103B70000000401D0B0100000000401D1FC220C0BE
:103B8000000040191BC220C000004019C37700008C
:103B90000000400D0000080000004011000000007F
:103BA000131C4288000000000000400100000000DB
:103BB0000000400100000000000040011BC2204046
:103BC00000004019090000000000401D1BCA2040F1
:103BD000000040191FCA20400000401909000000E1
:103BE0000000401D1FC22040000040190F000000CF
:103BF0000000401D1FC220C0000040191BC220C091
:103C000000004019237D00000000400D000000006E
:103C10000000401100000000130442880000000072
:103C20000000400100000000000040010000000012
:103C3000000040011BC220400000401909000000A4
:103C40000000401D1BCA2040000040190100000078
:103C50000000401D1FCA2040000040191100000054
:103C60000000401D1FCA2040000040191FCA20C08C
:103C7000000040191FCA20C0000040191FCA20C000
:103C8000000040195FCA20C000004019B064000065
:103C90000000400D0000080000004011110000006D
:103CA0000000401D00000000B82542840000000014
:103CB0000000400100000000000040010000000082
:103CC000000040015FCA20400000401901000000D0
:103CD0000000401D1FCA2040000040191FCA20409C
:103CE00000004019000000000000401D1C0A204098
:103CF000000000181C0A204000000018000000000E
:103D000000000010000000000000001C6101801392
:103D1000000000141C0A204000000018610180030C
:103D200000000014100A204000000018000A204083
:103D300000000018000A0040000000184101800344
:103D400000000014000800400000001800001000EF
:103D500000000010000802400000001800080340A6
:103D60000000001800080240000000180008004091
:103D700000000018000000000000001000080040D3
:103D800000000018000800400000001841018000F9
:103D90000000001441010000000000144001000078
:103DA000000000140008024000000018000100009C
:103DB000000000140008004000000018000800C0C7
:103DC00000000018080C00000000000408080000B3
:103DD000000000FC000000000000000000000000E7
:103DE0000000000000000000000000000C715D48B1
:103DF000075F3100B3C9A561005B234B452524470C
:103E00002808000000000000941DC51301BD320801
:103E10000100343334333961302D726F6D6C2F7380
:103E200064696F2D672D706F6F6C2D7032702D6906
:103E3000647375702D6964617574682D706B746638
:103E4000696C7465722D6B656570616C6976652D42
:103E5000616F652D6C70632D73776469762D737255
:103E6000666173742D66756172742D627463782D4A
:103E70006E6F636C6D696E632D636C6D5F6D696EE3
:103E80002D6662742D6D66702D7361652D776F7769
:103E90006C70662D746B6F2056657273696F6E3A25
:103EA00020372E39352E34392028323237316262AC
:103EB0003620435929204352433A20623761323831
:103EC00065663320446174653A204D6F6E20323050
:103ED00032312D31312D32392032323A35303A32C9
:103EE00037205053542055636F6465205665723AED
:103EF00020313034332E3231363220465749442077
:103F000030312D633531643934303000FA00445695
:103F100049442030312D6230623435323066000041
:103F20000000000000000000000000000000000091
:103F30000000000000000000000000000000000081
:103F40000000000000000000000000000000000071
:103F50000000000000000000000000000000000061
:103F6000424C4F423C000000FA69E0BB01000000F7
:103F700002000000000000003C0000009803000068
:103F80000A6F2B520000000000000000D403000064
:103F900004000000A0B0E5E200000000434C4D200A
:103FA0004441544100000C0002005261737062658C
:103FB00072727950692E5069636F57000000312E7C
:103FC00032392E34000000000000000070000000B4
:103FD000436C6D496D706F72743A20312E34372EF8
:103FE00031000000000000000000000000007635F5
:103FF0002032322F30362F32340000000000000013
:1040000000000000010B010D0C0D00006803000012
:104010007401000068000000300100007C01000015
:10402000000000004C0100004601000058030000A1
:104030000000000028010000900300008803000039
:104040007FB200000000000000000000000000003F
:104050000000000000000000000000000000000060
:1040600000000000700300000000000032010000AA
:104070000000000000000000000000000000000040
:104080000000000000000000000000000000000030
:104090000000000000000000000000000000000020
:1040A0000000000000000000000000000000000010
:1040B0000000000000000000000000000000000000
:1040C00000000000340000008101000001023230D5
:1040D00032322D30362D32342030363A35353A30C2
:1040E00038000000FF0000000100FF011E00000179
:1040F0004800010100FF0114000001480001000018
:10410000FF000000020000011E0100014801010043
:1041100000000000000000000001000101236E000B
:104120000200FFFFF000415400010001FFC0004108
:104130005500010001FFC000424500010001FFC021
:1041400000425200010001FFC00043410000FF0097
:10415000FFCC00434800010001FFC000434C0001B8
:104160000001FFC000434E00010001FFC000434FAB
:1041700000010001FFC000435A00010001FFC00020
:1041800044450001FF01FFCC00444B00010001FF4A
:10419000C000454500010001FFC00045530001007B
:1041A00001FFC000465200010001FFC0004742006D
:1041B000010001FFC000475200010001FFC000489C
:1041C0004B00010001FFC000485500010001FFC085
:1041D00000494C00010001FFC000494E00010001F0
:1041E000FFC000495300010001FFC0004954000115
:1041F0000001FFC0004A5000010001FFC0004B4514
:1042000000010001FFC0004B5200010001FFC0008F
:104210004C4900010001FFC0004C5400010001FFA7
:10422000C0004C5500010001FFC0004C56000100C9
:1042300001FFC0004D5400010001FFC0004D5800B7
:10424000010001FFC0004D5900010001FFC0004EF8
:104250004700010001FFC0004E4C00010001FFC0FB
:10426000004E4F00010001FFC0004E5A0001000146
:10427000FFC000504500010001FFC0005048000190
:104280000001FFC000504C00010001FFC00050546D
:1042900000010001FFC000534500010001FFC00004
:1042A000534700010001FFC000534900010001FF16
:1042B000C000534B00010001FFC000544800010042
:1042C00001FFC000545200010001FFC0005457001C
:1042D000010001FFC000555300000000FFC000585E
:1042E000580003FF02FFCC005A4100010001FFC04B
:1042F00000010D010001480000000148000000011C
:104300004801000001000000550300000A0C0D0EDA
:104310000F1011121314150C0001020304050607F7
:1043200008090A0B00000000000000000000000067
:1043300000000000AFA900004E5652414D52657674
:104340003D2452657624006D616E6669643D307867
:104350003264300070726F6469643D307830373297
:10436000370076656E6469643D30783134653400B9
:1043700064657669643D30783433653200626F611C
:104380007264747970653D30783038383700626F08
:104390006172647265763D30783131303000626F21
:1043A0006172646E756D3D3232006D61636164648B
:1043B000723D30303A41303A35303A62353A35392B
:1043C0003A35650073726F6D7265763D313100620A
:1043D0006F617264666C6167733D30783030343081
:1043E0003430303100626F617264666C61677333C0
:1043F0003D30783034303030303030007874616C9B
:10440000667265713D3337343030006E6F637263AE
:104410003D31006167303D32353500616132673DC5
:10442000310063636F64653D414C4C0070613069DD
:1044300074737369743D30783230006578747061DC
:104440006761696E32673D30007061326761303D8F
:104450002D3136382C373136312C2D383230004161
:1044600076566D69645F63303D3078302C30786308
:10447000380063636B7077726F6666736574303D86
:1044800035006D617870326761303D383400747882
:1044900070777262636B6F663D360063636B627741
:1044A00032303267706F3D30006C65676F66646DE7
:1044B000627732303267706F3D3078363631313165
:1044C000313131006D6373627732303267706F3D26
:1044D000307837373731313131310070726F706277
:1044E0007732303267706F3D30786464006F666495
:1044F0006D64696766696C74747970653D31380004
:104500006F66646D64696766696C747479706562FE
:10451000653D313800706170646D6F64653D3100D8
:104520007061706476616C6964746573743D3100A8
:10453000706163616C69647832673D343500706125
:1045400070646570736F66667365743D2D333000FB
:1045500070617064656E646964783D3538006C74B0
:104560006563786D75783D30006C74656378706153
:10457000646E756D3D307830313032006C74656337
:1045800078666E73656C3D30783434006C746563A6
:10459000786763696770696F3D3078303100696CA6
:1045A000306D6163616464723D30303A39303A3461
:1045B000633A63353A31323A333800776C306964A4
:1045C0003D30783433316200646561646D616E5FE3
:1045D000746F3D30786666666666666666006D7501
:1045E00078656E61623D307831303000737075727D
:1045F000636F6E6669673D30783300676C6974631A
:10460000685F62617365645F6372736D696E3D318B
:10461000006274635F6D6F64653D310000000000EF
:104620000050F20100000000636F756E7472790033
:10463000000000006375725F657468657261646490
:10464000720000000000000000000000636C6D6C50
:104650006F61640000000000636C6D6C6F61645FEB
:1046600073746174757300000000000000A050B501
:10467000595E000062737300000000006D61786194
:1046800073736F630000000063636770696F696E26
:104690000000000096AB001058AA001058AA0010A5
:1046A00070AB001058AA001058AA00104EAB0010B2
:1046B00058AA001058AA001058AA001058AA0010B2
:1046C0003EAB001058AA001058AA001058AA0010BB
:1046D00058AA00101CAB001058AA001058AA0010CD
:1046E00058AA001058AA001058AA001058AA001082
:1046F00008AB001058AA001058AA001058AA0010C1
:1047000058AA001058AA001058AA001058AA001061
:1047100058AA001058AA001058AA001058AA001051
:1047200058AA001058AA001058AA001058AA001041
:1047300058AA001058AA001058AA001058AA001031
:1047400058AA001058AA001058AA0010ECAA00108D
:1047500058AA001058AA0010DEAA00108CCE001033
:1047600098CE001000000000A0CE00100000000055
:1047700000000000A8CE0010B4CE00100000000021
:104780000000000000000000BCCE0010C8CE0010E9
:10479000000000000000000000000000D8CE001063
:1047A0000000000000000000000000000000000009
:1047B00000000000000000000000000000000000F9
:1047C00000000000000000000000000000000000E9
:1047D00000000000000000000000000000000000D9
:1047E00000000000000000000000000000000000C9
:1047F00000000000000000000000000000000000B9
:1048000000000000000000000000000000000000A8
:1048100000000000E0CE00100000000000000000DA
:104820000000000000000000000000000000000088
:104830000000000000000000000000000000000078
:104840000000000000000000000000000000000068
:104850000000000000000000000000000000000058
:104860000000000000000000000000000000000048
:10487000E8CE001000000000000000000000000072
:104880000000000000000000000000000000000028
:10489000000000000000000000000000F8CE001042
:1048A0000000000000000000000000000000000008
:1048B00000000000000000000CCF00101CCF001012
:1048C0000200000039B4001089B70010B9B600101A
:1048D000D9B5001005B80010B5B9001025B9001001
:1048E00095B80010E1B6001000000000BDB5001042
:0848F000B1B5001011B5001074
:1048F80030D000103CD0001048D0001054D0001028
:1049080060D000106CD0001078D0001084D0001057
:1049180010B5002405E0BFF35F8F146081F31088A1
:1049280020BF0268EFF3108172B61368002BFCD029
:10493800BFF35F8F0422835E0268002BEBDD013B2F
:104948008380BFF35F8F0023136081F3108810BD4D
:10495800F8B54746CE4680B51F00002304009046B0
:1049680099460BE0BFF35F8F4A461A608CF31088B4
:104978004046390001F030F800281AD12668EFF3D4
:10498800108C72B63568002DFCD0BFF35F8F0423FE
:10499800E55E2368002DE5DD013DA580BFF35F8F4F
:1049A80000221A608CF310880120C0BCB946B046BA
:1049B800F8BD0020F9E7C04630B50268EFF3108172
:1049C80072B61368002BFCD0BFF35F8F0422835E9E
:1049D8000625445F02689C420ADD01338380BFF3E9
:1049E8005F8F0023136081F3108840BF012030BD22
:1049F800BFF35F8F0023136081F310880020F6E770
:104A0800D02330B500251B0600245D5705E0BFF311
:104A18005F8F1C6081F3108820BF0268EFF310815C
:104A280072B61368002BFCD0BFF35F8F027903685E
:104A38007F2AECD90571BFF35F8F00221A6081F3DA
:104A4800108830BDD02330B500241B0600251C5724
:104A580007E0002B13DBBFF35F8F156081F310882D
:104A680020BF0268EFF3108172B61368002BFCD0E8
:104A7800BFF35F8F0423C3560268A342E9D1437989
:104A8800047101334371BFF35F8F0023136081F317
:104A9800108830BD03000068EFF3108C72B602680E
:104AA800002AFCD0BFF35F8F04229A56002A0BDB42
:104AB800002900D00A6000201B68BFF35F8F002226
:104AC8001A608CF310887047D022120612680120F1
:104AD8001A71F1E7F0B5C646150000B504001E00CE
:104AE8000268EFF3108172B61368002BFCD0BFF395
:104AF8005F8F0423E3562268002B2BDBBFF35F8F05
:104B08000020106081F31088D02212061278002746
:104B180052B290469A420ED1002080BCB846F0BDF1
:104B2800BFF35F8F176081F310882800310000F011
:104B380053FF0028F0D12268EFF3108172B6136892
:104B4800002BFCD0BFF35F8F237922687F2BE7D936
:104B5800434602E0D0231B061B682371BFF35F8F17
:104B68000023136081F310880120D6E7D0220300C8
:104B78000020120610B510561C68EFF3108C72B6A0
:104B88002268002AFCD0BFF35F8F04229A56002ABD
:104B980006DB824204D0002900D00A60002004E02D
:104BA800187101205A7901325A711B68BFF35F8F5F
:104BB80000221A608CF3108810BDC046F0B5C646B6
:104BC80000B50D00040000F037FFFA2206000F00C0
:104BD800002328000021920000F016FF36184F41EC
:104BE800002F02DA0126174F7642D0231B061B68D6
:104BF800002598460AE0BFF35F8F156081F310889F
:104C08003000390000F0E8FE002818D12268EFF3E0
:104C1800108172B61368002BFCD0BFF35F8F237925
:104C280022687F2BE7D943462371BFF35F8F0023A8
:104C3800136081F31088012080BCB846F0BD0020C5
:104C4800FAE7C046FFFFFF7F0268EFF3108172B6F4
:104C58001368002BFCD0BFF35F8FFF230371036839
:104C6800BFF35F8F00221A6081F3108840BF70473E
:104C780010B50268EFF3108172B61368002BFCD0F0
:104C8800BFF35F8F43790268013BDBB24371002BAE
:104C980008D1FF240471BFF35F8F136081F310887C
:104CA80040BF10BDBFF35F8F0023136081F31088EE
:104CB800F7E7C04610B5084C2378002B0AD18023AB
:104CC800064807495B051A68C25004338B42FAD17B
:104CD8000123237010BDC046F75F0020FC3B001085
:104CE8000001001010B5014B984710BDFD3B002096
:104CF800064B5A6802609A684260DA6882601A69EC
:104D0800C2605A6902619B694361704700000240B2
:104D18000268064B5A6042689A608268DA60C26824
:104D28001A6102695A6142699A617047000002403B
:104D3800034B1A68C0239B009343024A13607047D1
:104D48000C8001400C900140054B1A6880239B00A1
:104D58005340C02292001340024A13607047C04675
:104D68000C8001400C9001400023F0B5DE46574608
:104D78004E4645469A46E0B589B001900E00988A9D
:104D880045491B8B14009847534681464349988AE6
:104D98001B8B9847534642490500988A1B8B9847B6
:104DA8008046FFF787FF02A8FFF7A2FFC847A8477A
:104DB800FFF7CAFF251E22D00823C0219C460220E7
:104DC800490562468B6A1A4018423FD0631B002D82
:104DD8002FD1002A11D1002C11D0C0235B059B468E
:104DE80002239A46063399465B464A4657469B6ACB
:104DF8001A401F4242D0002AF6D0002C30D1FFF7CB
:104E080097FFC047FFF76EFF02A8FFF781FF09B0C1
:104E1800F0BCBB46B246A946A046F0BD002C2FD137
:104E2800C0225205926A914608224F463A40BF076F
:104E38002DD50D2B1BD9002AF0D1C0225205926A1C
:104E4800914608224F463A40BF07F2D4002A04D1BF
:104E58002B002343002BB4D1D1E72B00002CF9D031
:104E68000B6E013C3370230001362B43F2E7019FA0
:104E7800013D3B7801370B660197E7E70025E5E739
:104E8800C0235B051B6E013C3370013699E72B008C
:104E9800002ADFD1DCE7C04649460000455800003B
:104EA800464300000022154B10B59A60DA601A617B
:104EB8005A619A61DA611A625A629A62DA621A630C
:104EC8005A639A63DA631A645A649A64DA641A65EC
:104ED8005A659A65DA651A665A669A66DA661A67CC
:104EE8005A679A67DA67F03292000021044800F0A6
:104EF80083FD044B044A1A6010BDC04600001050E0
:104F0800AC460020744A002080011050F0B54E468F
:104F18004546DE465746E0B5214B00249E6D0125E7
:104F280085B0002E22D01F4B9A46012399461E4B6E
:104F3800984601E0202C19D02A00230001342F00C4
:104F48003240E4B26D00002AF4D0524697654A46D2
:104F58005B085B0022409B185B01434418009B469A
:104F680000F01EFC002808D1BE43E3D105B0F0BC18
:104F7800BB46B246A946A046F0BD5B46E0219A78FA
:104F8800DB8A01A883600023C90001800121027126
:104F9800437100F025FC584600F0A0FBE4E7C0464A
:104FA80000001150003011506C4600209823F0B5D5
:104FB800C646C84A00B5D55880232E009B02102447
:104FC80084B01E401D4274D0C34BC44C9A6AC44B73
:104FD80000261A603B23E35C022B00D14FE17B23C0
:104FE800E35C022B00D1F3E0BB23E35C022B00D18E
:104FF800FAE0FB23E35C022B00D101E13C23FF3301
:10500800E35C022B00D12DE17C23FF33E35C022B10
:1050180000D10EE1BC23FF33E35C022B00D13FE15A
:10502800FC23FF33E35C022B00D1F5E0AD4BE35CDE
:10503800022B00D174E1AC4BE35C022B00D105E1FB
:10504800AA4BE35C022B00D175E1A94BE35C022B70
:1050580000D132E1A74BE35C022B00D1A0E1A64BC3
:10506800E35C022B00D171E1A44BE35C022B00D17D
:10507800A1E1A34BE35C022B00D17FE1002E08D114
:10508800A04B1B78002B04D180219F4A90338902C2
:10509800D150C02269468F4B92009B6C80265B05DD
:1050A8008A805B0D012101A8029300F099FB974CBF
:1050B800B602EB0600D57FE080235B021D4231D0AB
:1050C8001E43012302249846844FBB7E002B14D034
:1050D80000F0A2FC012800D972E0C02200213800AB
:1050E800920100F001FB380000F0F8FA00F094FC9F
:1050F800012802D9844B5C661C664346FB70203746
:10510800012C22D1C0236A46DB009380804A02AB7F
:1051180003CA03C3012101A800F062FB80227A4B75
:1051280092021A6580235B011D4210D18023DB01A6
:105138001D4223D180231B021D422FD1AE4200D035
:10514800C0E104B080BCB846F0BD0124BDE700242E
:105158001E43604B1C60FFF7A5FE80236A465B0078
:1051680093801472012101A800F03AFB8022664B5B
:1051780012031A658023DB011D42DBD01E43802306
:105188006A46DB009380012101A800F029FB102268
:105198005D4B1A6580231B021D42CFD01E43A023FE
:1051A8006A46DB009380012101A800F019FB8022E8
:1051B800554B12011A65C1E7FFF7A8FE26007BE7E9
:1051C800544B444A1C66536E2340A342FBD184E7E8
:1051D8007833E75C002F00D106E70233E25C002A4F
:1051E80000D00DE13E00FFE6B833E75C002F00D1A8
:1051F800FFE60233E25C002A00D0F9E03E00F8E660
:10520800F833E75C002F00D1F8E60233E25C002AAD
:1052180000D041E13E00F1E6F933FF33E75C002FAF
:1052280000D103E70233E25C002A00D02BE13E0004
:10523800FCE67933FF33E75C002F00D1EAE602335E
:10524800E25C002A00D015E13E00E3E6324BE75C61
:10525800002F00D1F4E60233E25C002A00D001E11D
:105268003E00EDE63933FF33E75C002F00D1CBE693
:105278000233E25C002A00D0EBE03E00C4E638339B
:10528800E65C002E00D1AAE60233E25C002A00D1D7
:10529800A5E6200000222030E25400F04DFA9EE6F8
:1052A800B933FF33E75C002F00D1B9E60233E25C83
:1052B800002A00D0C4E03E00B2E6184BE75C002F9D
:1052C80000D1C7E60233E25C002A00D0B0E03E001D
:1052D800C0E6C04600001150004005406C46002062
:1052E800544600203B0200007B020000BB02000085
:1052F800FB0200003B0300007B030000BB0300002F
:10530800FB030000F55F0020003011501000020080
:1053180000001050002011507A020000FA0200002C
:105328006B4BE75C002F00D185E60233E25C002A74
:1053380076D13E007FE6674BE75C002F00D184E61C
:105348000233E25C002A63D13E007EE6624BE75CF2
:10535800002F00D188E60233E25C002A00D0A3E0E7
:105368005E4BE35C022B30D15D4BE35C002B27D115
:105378005C4BE35C022B00D08BE63E005A4BE35CAF
:10538800002B00D17AE6FF239B00E25C002A00D1C3
:105398007FE60022E2541C3BE01800F0CDF978E6E5
:1053A800524BE75C002F00D159E60233E25C002A39
:1053B80016D13E0053E64A4BE35C002B00D158E679
:1053C800EF239B00E25C002A75D1464BE35C022B7D
:1053D80000D05EE6444BE35C002B00D159E6D2E7EF
:1053E8000022E2541C3BE01800F0A6F93E0036E625
:1053F80020000022A030E2543E0000F09DF9F8E5BC
:10540800200000226030E2543E0000F095F9EBE500
:105418000022E2541C3BE01800F08EF93E0014E62E
:105428000022E2541C3BE01800F086F93E0002E638
:105438000022E2541C3BE01800F07EF93E0009E629
:1054480020000022A130FF30E2543E0000F074F941
:10545800E6E5200000222130FF30E2543E0000F053
:105468006BF9D1E50022E2541C3BE01800F064F926
:105478003E00E5E5200000226130FF30E2543E00A6
:1054880000F05AF9C6E520000022E130FF30E2546E
:105498003E0000F051F9C9E520000022E030E25456
:1054A8003E0000F049F9A9E50022E2541C3BE0184F
:1054B80000F042F954E70022E2541C3BE01800F0E7
:1054C8003BF982E731000A48694000F07DFAC0469E
:1054D8003A020000BA0200007A030000BB03000091
:1054E800BA030000FB030000FA0300003A030000BF
:1054F80094CB0010F0B5C64600B50200838A008B35
:105508008C46011C984200D9191CD47880252000AB
:10551800461EB04189B2ED000D43400328430125E2
:105528006C405B1AD47054789BB29382002C31D1B2
:105538006446D568A4014E1E2D19B0461469002989
:1055480023D0062E32D92B0023439B072ED1631C70
:10555800EB1A022B2AD900238F08BF00E658EE5019
:1055680004339F42FAD14346ED19DB1BE419B942D3
:1055780009D026782E70002B05D066786E70012B26
:1055880001D0A378AB701469938A641814618022DF
:1055980012021043002B02D18023DB01184363461B
:1055A800002B00D0000480BCB846F0BD0023E65CA8
:1055B800EE5401339942FAD1E5E7C0468368F0B565
:1055C8001A680400002900D0120C63789205900D27
:1055D800002B08D1E38AC318E382238B834201D9C5
:1055E8000023A382F0BDE368890125695E18471E80
:1055F800002822D0062F26D901315B18EB1A022B7E
:1056080021D92B0033439B071DD10023120E920092
:10561800F158E95004339A42FAD1BF1AAD18B618B6
:10562800904209D032782A70002F05D072786A70BB
:10563800012F01D0B278AA702569E38A2D18C31802
:10564800E3822561C9E70022B35CAB540132904282
:10565800FAD12569F1E7C04610B504008368002136
:105668001B68FFF7ABFF63681B685B0002D5238BE1
:10567800834200D010BD01212000FFF79FFFF9E70A
:10568800084A0300126C0020920703D49A78D209C2
:10569800012A00D07047D87E023843425841C0B230
:1056A800F8E7C0460000115010B5FFF7E9FF0028E1
:1056B8000CD00749074B8C46074A9B6A126863441B
:1056C8009B1A0020C6229A424041C0B210BDC04673
:1056D800E0FCFFFF0040054054460020002383768D
:1056E800436103617047C04610B58368002901D043
:1056F8001C682140002A12D08024E4001143224271
:105708000DD01A6822420CD1084A0A401A60084A89
:10571800126C920703D40C23033BFDD283681960F3
:1057280010BD8178034800F04FF9C046FFFBFFFF2A
:1057380000001150A8CB0010436870B500218025E7
:1057480004001E68FFF7D6FE124B6D011A6C054364
:10575800A37892070ED55B060ED00F4B1E40802310
:105768009B05334362680021136020002A00FFF77D
:10577800BBFF70BDDB09F0D0A38A002BEDD001215F
:105788002000FFF7B7FEA023044ADB05324005439B
:105798001343E7E700001150FFFFFFAFFFFFFFDFF4
:1057A80070B5857E0400002D14D0FFF755FFA38A3D
:1057B800002B01D1280070BD2000FFF775FF0028DD
:1057C80003D0012300252377F4E72000FFF7B4FF77
:1057D8000025EFE78178014800F0F6F8C8CB001003
:1057E800F0B5CE46474680B5437805000E0085B033
:1057F800062B08D86B4A9B00D3589F466A4A1378F1
:105808000133DBB21370694B1C686269EFF31081D6
:1058180072B61368002BFCD0BFF35F8FA161200024
:10582800290000F0E1F86269A369BFF35F8F0021E6
:10583800116083F31088002804D105B0C0BCB946B4
:10584800B046F0BD32006978287800F0EDF8F4E74A
:105858000121574B1A788A431A701A7801318A4302
:105868001A7000225A701A7802318A431A70CAE7ED
:10587800504B514F9946514B002498463A7810E0C6
:1058880043461B6861015B18002B06D0DB69002BBF
:1058980003D06968287898473A780134E4B294428A
:1058A80017D8A242ECD8A31A5B014B44EEE7404B51
:1058B8001A78D207C1D504211A780A431A70A2E7C8
:1058C8003B4B1A78D207B8D504211A788A431A7044
:1058D80099E7374F3B785B072BD504223B780021AB
:1058E80093433B706B460632981D00F085F82B7881
:1058F80001AC2370052363702C4B1B6898465A69CA
:10590800EFF3108172B61368002BFCD0BFF35F8FE2
:10591800434640469961210000F066F843465A69BB
:105928009B69BFF35F8F0021116083F31088002803
:1059380031D1FB78DB0700D47FE76B460A220021D0
:10594800981D00F059F82B7801AC2370032363707D
:105958006B686360154B1D686A69EFF3108172B656
:105968001368002BFCD0BFF35F8FA96128002100CA
:1059780000F03AF86A69AB69BFF35F8F00211160E4
:1059880083F31088002800D157E732006178207827
:1059980000F04AF851E732006178207800F044F8C6
:1059A800C7E7C04610D30010F65F0020103B002068
:1059B800B83A00202CD30010F45F00208831002072
:1059C8007047C0460000000001B40248844601BC8C
:1059D800604700BFA91B001001B40248844601BCFF
:1059E800604700BFA52D001001B40248844601BCE1
:1059F800604700BFF979001001B40248844601BC31
:105A0800604700BFF941001001B40248844601BC58
:105A1800604700BF0940001001B40248844601BC39
:105A2800604700BF9D1B001001B40248844601BCBA
:105A3800604700BFE963001001B40248844601BC16
:105A4800604700BF0D2F001030303030303030301C
:105A5800303030300000000000100000000000006E
:105A6800000001000000000000000000000002002B
:105A7800000000000000000000000300000000001B
:105A8800000000000000FF000000000001B54868A9
:105A980001318E460047704609380149884701BDE3
:105AA80015220010000000000000000000000000A7
:105AB8000000000000000000901800200000000016
:105AC800503300004C3300005433000052330000C0
:105AD8004D5300004D430000533400004334000090
:105AE800143B002010000C00000000000000000023
:105AF800000000000000000000000000FF0000009F
:105B080000000000E5B100100000000000000000E7
:105B18000000000049B10010000000000000000073
:105B28000000000000000000FFFFFFFF000002006F
:105B38000000000000000000E0120020E012002039
:105B4800E8120020E8120020F0120020F0120020D5
:105B5800F8120020F8120020001300200013002083
:105B68000813002008130020101300201013002031
:105B780018130020181300202013002020130020E1
:105B88002813002028130020301300203013002091
:105B98003813002038130020401300204013002041
:105BA80048130020481300205013002050130020F1
:105BB80058130020581300206013002060130020A1
:105BC8006813002068130020701300207013002051
:105BD8007813002078130020801300208013002001
:105BE80088130020881300209013002090130020B1
:105BF8009813002098130020A0130020A013002061
:105C0800A8130020A8130020B0130020B013002010
:105C1800B8130020B8130020C0130020C0130020C0
:105C2800C8130020C8130020D0130020D013002070
:105C3800D8130020D8130020E0130020E013002020
:105C4800E8130020E8130020F0130020F0130020D0
:105C5800F8130020F813002000140020001400207E
:105C6800081400200814002010140020101400202C
:105C780018140020181400202014002020140020DC
:105C8800281400202814002030140020301400208C
:105C9800381400203814002040140020401400203C
:105CA80048140020481400205014002050140020EC
:105CB800581400205814002060140020601400209C
:105CC800681400206814002070140020701400204C
:105CD80078140020781400208014002080140020FC
:105CE80088140020881400209014002090140020AC
:105CF8009814002098140020A0140020A01400205C
:105D0800A8140020A8140020B0140020B01400200B
:105D1800B8140020B8140020C0140020C0140020BB
:105D2800C8140020C8140020D0140020D01400206B
:105D3800D8140020D8140020E0140020E01400201B
:105D4800E8140020E8140020F0140020F0140020CB
:105D5800F8140020F8140020001500200015002079
:105D68000815002008150020101500201015002027
:105D780018150020181500202015002020150020D7
:105D88002815002028150020301500203015002087
:105D98003815002038150020401500204015002037
:105DA80048150020481500205015002050150020E7
:105DB8005815002058150020601500206015002097
:105DC8006815002068150020701500207015002047
:105DD80078150020781500208015002080150020F7
:105DE80088150020881500209015002090150020A7
:105DF8009815002098150020A0150020A015002057
:105E0800A8150020A8150020B0150020B015002006
:105E1800B8150020B8150020C0150020C0150020B6
:105E2800C8150020C8150020D0150020D015002066
:105E3800D8150020D8150020E0150020E015002016
:105E4800E8150020E8150020F0150020F0150020C6
:105E5800F8150020F8150020001600200016002074
:105E68000816002008160020101600201016002022
:105E780018160020181600202016002020160020D2
:105E88002816002028160020301600203016002082
:105E98003816002038160020401600204016002032
:105EA80048160020481600205016002050160020E2
:105EB8005816002058160020601600206016002092
:105EC8006816002068160020701600207016002042
:105ED80078160020781600208016002080160020F2
:105EE80088160020881600209016002090160020A2
:105EF8009816002098160020A0160020A016002052
:105F0800A8160020A8160020B0160020B016002001
:105F1800B8160020B8160020C0160020C0160020B1
:105F2800C8160020C8160020D0160020D016002061
:105F3800D8160020D8160020F01600200000000017
:105F48000000000050300020B83000202031002030
:105F58000000000000000000000000000000000039
:105F68000000000000000000000000000000000029
:105F78000000000000000000000000000000000019
:105F88000000000000000000000000000000000009
:105F980000000000000000000000000000000000F9
:105FA80000000000000000000000000000000000E9
:105FB80000000000000000000000000000000000D9
:105FC80000000000000000000000000000000000C9
:105FD80000000000000000000100000000000000B8
:105FE8000E33CDAB34126DE6ECDE05000B0000007D
:105FF8000000000000000000000000000000000099
:106008000000000000000000000000000000000088
:106018000000000000000000000000000000000078
:106028000000000000000000000000000000000068
:106038000000000000000000000000000000000058
:106048000000000000000000000000000000000048
:106058000000000000000000000000000000000038
:106068000000000000000000000000000000000028
:106078000000000000000000000000000000000018
:106088000000000000000000000000000000000008
:04000005100001E9FD
:00000001FF
